,serie,sMAPE_ESRNN,MAE_ESRNN,MAPE_ESRNN,RMSE_ESRNN,sMAPE_LGBM,MAE_LGBM,MAPE_LGBM,RMSE_LGBM,correlation,winner,new_trend_Acomulada
0,D1,1.2969438222360328,26.60316964285721,1.2875522090116025,28.2429238209192,19.341024160970385,363.6361828766112,17.634030983881825,363.87752428632587,0.8311262278970919,0,7
1,D2,0.9286564079164034,27.90071428571433,0.9198558251541245,40.54910628460154,1.2574484755836168,37.7919388905436,1.25651560156413,44.24854535971787,0.6287593814486729,0,5
2,D6,5.118614279525518,164.39606785714287,4.964823915772139,182.00493821849585,54.112423672286816,1394.5084583394216,42.57296577731719,1397.4879472774385,0.568808970336251,0,3
3,D7,31.60739820200085,1918.7784553571423,30.133036452129137,2171.0080556740563,42.5288410551188,2475.482484449002,34.98092094894393,2811.356992322612,-0.0143650250597831,0,-1
4,D8,0.4898766751047871,8.540982142857128,0.4914248962568256,11.456555235685094,12.149050503241812,199.2641048050446,11.452573826170358,199.4000443140104,-0.1122253637172861,0,-1
5,D9,0.4844970842695535,7.723839285714267,0.4862497185877725,10.661844098797005,10.066381966132514,152.45713339894442,9.58326026800346,152.60066844525227,-0.1579639925220749,0,-1
6,D11,0.6573446467684991,16.156517857142813,0.6543586433846263,20.259125426780766,14.060146800741716,322.872360743865,13.1343414808072,323.4045065436236,0.4688542788381951,0,3
7,D12,0.5941568929096929,22.0064732142856,0.591554910280329,27.499655983542105,0.5654796699079147,20.960676425018782,0.5637906178866319,26.89185455899575,0.2963962076639165,1,7
8,D13,3.3212261912171037,248.05950892857143,3.241644740635349,302.2677723366013,1.889961065743596,141.98540269083878,1.8862423941560669,158.13613841507936,0.7104680635034837,1,11
9,D14,3.3088426848580896,194.1081696428573,3.2391575935764423,222.6773725595574,51.57602284270143,2427.9758693375657,40.99066534465285,2431.834035374519,0.8928474365699841,0,7
10,D15,4.580819567716443,363.2345982142856,4.677597522201733,459.6009721145187,99.30416197425797,5340.427080515426,66.32611771814923,5360.118457994291,0.2241073173134188,0,-3
11,D16,2.3707240713598745,72.66870535714283,2.4041186621313315,78.61550881367087,3.3464495026628605,99.85283977309508,3.2886396449075592,102.4880932284748,-0.2233307500361458,0,-3
12,D17,0.4902292136236123,19.91602678571436,0.489952012178852,25.276358958163307,0.5257421324680351,21.349703943309773,0.5251664484458403,25.555170960138625,-0.2347881365934785,0,-1
13,D18,1.4781606997760848,142.56709821428583,1.465996702834629,157.64187438910267,0.8912215632101473,85.47669333436235,0.8841853265259736,122.71120017142174,0.7514299464405274,1,7
14,D19,2.9633676308885604,79.34700892857138,3.015778608183896,85.94149156135987,62.878553956485895,1263.4171708900938,47.8363370332437,1263.7493600781318,0.0167162989196114,0,-1
15,D20,2.0569173681105024,220.4053571428572,2.0849236956810726,251.46956687364,1.03731025826052,110.20740615934652,1.036043238584429,125.544209098876,0.918076652562083,1,-9
16,D21,2.9192692622075005,77.81629464285713,2.9702761934635618,84.43323808389367,80.79652317588764,1513.3293456170677,57.54657964274668,1513.603813831267,0.020959542007797,0,-1
17,D28,1.1391541048727392,4.864977678571437,1.1462436435907717,5.794820293608091,65.2161302227115,412.49666070899286,96.78250170783504,412.51535099283694,-0.4633099937046144,0,-1
18,D29,4.146631716123821,275.03892857142864,4.049823967208594,296.19455010440583,27.708192739916125,1642.5678691238788,24.325922421914157,1647.0071196191343,0.5010448409157715,0,5
19,D30,1.0676751666676765,6.564343749999986,1.0721888408167164,7.544289959611741,48.19775009937422,389.56716759388985,63.50868698834445,389.6053931659092,-0.359105549031355,0,-1
20,D31,3.701400305517304,80.26169642857157,3.6124321334058296,92.86140628231908,1.4670074211538755,32.265025853805355,1.4553174180877435,39.145077772792334,0.7037404661274895,1,5
21,D32,3.6864940569890834,72.51772321428572,3.598287832347983,83.87331081054656,2.1283550736006407,42.27867433299743,2.112695980097267,48.69812091495515,0.2296073487339009,1,5
22,D33,2.767789259068867,184.3237375,2.8218959722774004,217.94873489567385,0.9218907792948164,60.97254080055024,0.9141212459835236,104.22366357667872,0.6422551244782729,1,1
23,D34,0.3129011212902206,7.174732142857108,0.3125010684756916,8.921900406518741,44.30020735479387,832.4903805117457,36.26683545659994,832.5142083556167,0.6671793610915272,0,13
24,D35,4.64580704215956,74.94571428571432,4.796722398953335,87.22694198777091,1.1335812941410286,18.00463955771342,1.1426985502106113,27.319120352961143,0.8483337369355186,1,-13
25,D36,2.6170352186477057,97.4254910714286,2.6658060423659378,114.88313191077422,0.2510068550129718,9.25372024368406,0.2516741686181996,14.070969801224006,0.9691824688297748,1,-13
26,D44,1.1542398851510234,100.46625000000014,1.1401098800796807,148.1364058506114,0.3122385122855693,27.27919469779395,0.3109458140074245,45.77947052866118,0.9536926308004084,1,9
27,D50,2.3534801655169493,231.3433492857145,2.396650384431042,285.7511180713165,195.94728916255744,9654.891134246178,98.97644968964308,9655.925383836968,-0.7313436552735828,0,-7
28,D55,0.8100269511689326,8.744598214285734,0.8144655097154004,10.233915612645111,0.3198734959939034,3.441598057716029,0.3203630237101484,4.413132021781927,0.3498924495453808,1,1
29,D56,3.193253271182249,332.1571428571428,3.251564243871825,351.3686171569223,37.58700572650917,3243.1681996129423,31.637728692124057,3244.8542649204583,0.0386010939010003,0,1
30,D64,5.327434272816993,58.05290178571431,5.208559443235851,70.31613289721943,3.333939937894685,36.52511660723407,3.281932768194297,43.45954063058951,0.8708817273173941,1,3
31,D66,1.4713757629044346,20.832455357142845,1.4639934581002216,24.96640983524429,0.3115363543548217,4.41547370948066,0.3119572630639989,5.930882035992214,0.9618924832811356,1,3
32,D70,2.720008675906197,110.12004464285714,2.76936805458103,131.44927812342118,89.90705560486357,2483.0566762916933,62.022358383040284,2483.787787634701,-0.1264485971151784,0,-3
33,D99,2.0800568770525776,210.9625442857145,2.0503917747043925,249.5258376186496,0.8202284487351977,82.92140643136658,0.8205596256908146,112.16744295813658,0.80855195801886,1,7
34,D100,1.8418491157469907,17.117691964285736,1.8608338497557104,17.991927223747044,10.156735055520508,89.12197693914904,9.663475776216696,89.38801628677676,0.5952227383121339,0,-1
35,D101,3.4597631016017574,426.1339285714288,3.386973108777992,478.3127339943149,17.075124409032476,1962.275861259912,15.715097868341353,1979.370591575912,0.4858517939704718,0,5
36,D102,3.624666481529721,60.34258928571429,3.544934094388754,67.63062714738207,14.67178827658285,230.7208564096703,13.651528419885592,233.37510940229708,0.4148796921893732,0,5
37,D103,1.2867399328728188,94.04410714285716,1.275720976116457,109.38208613677992,4.235654383049062,305.0182967180587,4.145822630139994,308.7472490270404,0.0369848256011029,0,1
38,D104,3.6957413611710415,338.63156249999975,3.774024734566835,358.51043196621083,27.35211998462369,2166.86311286056,24.05797878433314,2168.896922195808,-0.3882907162217167,0,-7
39,D105,1.7899098682551264,197.09821428571416,1.8081293127080085,209.96110287618063,20.529808602034997,2032.5719883820827,18.617684907830416,2033.335309651584,-0.3868353195315305,0,-3
40,D106,0.6589551634635952,6.363241071428571,0.6557056972753895,8.04272708555102,0.8096529854074027,7.821274339010943,0.8121594728112411,9.89862656037205,0.8063551154782232,0,7
41,D107,0.72003043268176,6.896339285714289,0.7157305897920229,8.98057061573837,3.7977857074120873,37.00145665629281,3.875548786362659,37.99707121895223,0.8243209141136306,0,7
42,D108,0.7053653909118716,9.36406250000003,0.7021022752330776,10.769865496749755,13.618913342303935,169.68908291246083,12.749258727542138,169.86890160842154,0.7326498941944376,0,5
43,D109,0.8054444319025984,10.257901785714289,0.8013595896721961,11.560845930192622,12.039403740068028,145.04804185266696,11.354378798769629,145.2418335857622,0.7059495526179715,0,5
44,D110,0.7991781202594297,10.751785714285736,0.7951557336736211,12.119087250335737,14.105764586041817,177.76896989102832,13.175051431536463,177.9454676943306,0.713868217449316,0,5
45,D111,0.7573135857586216,71.24705357142842,0.7522205253864087,97.87843545472482,25.81497134277246,2157.854924417723,22.862131875901483,2158.8938983833077,0.3354236998954264,0,3
46,D112,0.8241771987648161,58.50803571428579,0.8173805128754182,83.28052323791711,31.93942178865385,1964.1280639272463,27.53949724242945,1964.8394585523124,0.3822887494397864,0,3
47,D113,0.8035300219032873,61.17995535714291,0.7970686771238125,87.14764225840975,30.470302678123097,2022.1295630237423,26.440166826239025,2022.9066611325875,0.380040348117365,0,3
48,D114,4.428044908945791,292.76732142857145,4.571672089182776,347.9231108140997,2.5655491499655283,167.87334947832258,2.599186650909781,209.50187019696705,0.5992777449201137,1,7
49,D115,6.240762363362284,512.2505803571428,6.4853144797715405,560.1813134235704,2.57783722085913,207.8643132671157,2.625568138402601,254.6355843749189,0.558901594137995,1,-1
50,D116,4.392254300103763,333.3534821428571,4.533923743319948,396.6023855017949,2.061122405243368,155.07944909272425,2.076850818017011,188.6079893499223,0.7882342881315985,1,7
51,D117,3.2717318419308943,42.57357142857143,3.3596669671412625,53.68630137579744,1.342399003688857,17.325561656207842,1.3437004921917255,20.47924526563648,0.8137214279147622,1,-5
52,D118,2.574863469794559,232.8699107142855,2.609834501465293,277.6280124687816,1.8515323161679125,168.75683463145236,1.8753035642249327,204.31677752883053,0.7512871566772533,1,-3
53,D119,2.576292474734176,231.5189285714284,2.611286652259743,275.8487603143509,1.8069807240223756,163.6814071472492,1.8288557332086253,197.65802157221017,0.7512593788500902,1,-3
54,D120,0.8204737047430211,43.54187500000002,0.8197549373412929,51.28418553722499,7.034738274278444,360.6566812920436,6.793168862700892,362.8496918883188,-0.0871195119007394,0,1
55,D121,0.7924301241028873,55.45308035714288,0.7947527088735787,70.08752077500873,3.66736540592304,251.8795923549163,3.598843763716919,256.9116816283831,-0.2080218733808912,0,1
56,D122,0.8148255954450145,46.32316964285727,0.8141993716061658,54.49880704865532,6.190480867035902,341.4092872526916,6.002107262737411,344.0083672361958,-0.1263047227490051,0,1
57,D123,1.986913536687585,193.4494642857144,1.959613858282657,229.83250123913504,1.8140893961448603,175.0970895414634,1.7842194273712593,240.78789581498404,0.5336367247185069,1,7
58,D124,2.1410434963412737,24.43147321428567,2.1100752679774364,28.70279328926062,0.605955163682575,6.937122395797944,0.605591453825617,9.51469115532423,0.8887167026382072,1,7
59,D125,1.2485780488157523,7.9951562500000035,1.2433799401063652,9.087722616418144,8.592827588965475,57.690059274161776,8.98909944501952,58.331781696542,0.3761793946110923,0,7
60,D126,0.8365761449120089,8.048281249999993,0.8323851671282282,10.426480646033408,0.871648252414243,8.382436988755176,0.8647562236804853,11.709554172186508,0.4916574513818784,0,1
61,D127,1.047026856473812,113.85089285714264,1.0396052186970954,133.94766141625587,0.5511331278256713,60.02950460167683,0.5506715820330357,75.19768832482427,0.768759605082644,1,9
62,D130,8.283983772290712,474.5846214285713,8.671544932855104,491.3612271050082,2.3879372423880474,132.19315252620052,2.405896614761436,153.4225934337375,0.3391357730441069,1,-3
63,D131,4.319077280973742,473.6084821428572,4.323794304653679,607.0012516558089,21.36312519372144,2140.5976305052677,19.172335525064284,2238.465913141451,0.4753083198875042,0,1
64,D141,1.2592551177913311,14.68874999999998,1.2484846922911712,17.429028334449246,5.354240351496865,61.1152002497082,5.211769288397445,61.80562928864986,-0.4600797518254338,0,3
65,D143,1.4532756058663556,18.155357142857135,1.4388269912918286,21.52969082448161,9.830098179619894,117.68236916059104,9.36639169626838,118.17349826793772,-0.5539896304520688,0,5
66,D145,1.184050624873216,96.30517857142864,1.1781311857328112,113.0699297941798,14.387839690966894,1093.435844440584,13.417662107908814,1096.886231607985,-0.6375580412582832,0,3
67,D146,4.859115690669526,17.317160714285702,4.7191358755188935,19.255873051426565,18.551697932915044,74.20314198844427,20.480046182913696,74.63512320724942,-0.0820006944100909,0,-1
68,D147,5.902804351754908,32.783120535714275,6.148618967190926,37.87753017599666,2.452269626964756,13.51995363660618,2.4872694874075973,14.91587009277232,0.903739454425428,1,-3
69,D148,2.089678658470417,256.41830357142834,2.1179683179766795,303.8467931510012,3.3819946831522154,409.4154158295305,3.306770447135056,477.7395009093046,0.3625902523777143,0,-3
70,D149,4.958726565397866,488.63067,5.1059908970980015,524.9396943747873,1.6313738375230262,157.7869593439596,1.6327326225037704,183.08036464060356,0.6654890871648591,1,-1
71,D150,0.6161845167970892,9.325357142857117,0.6139381752207446,10.496998643638731,2.274251132044772,34.12435824394014,2.247570314772149,34.88648704902787,0.4235193034922632,0,-1
72,D151,0.6107410613633372,38.84039107142865,0.6085652580779893,43.45372610081546,4.226984050388568,263.92365684021763,4.138420662772911,265.6727099813349,0.4600344009696596,0,-1
73,D152,2.9937701362011384,219.1631696428572,3.0438528676671623,229.5464596253547,0.6384725287998515,46.14484536847268,0.6387861838117935,58.57429896938786,0.5707666944440992,1,-3
74,D153,3.064762351888409,319.7178571428572,3.1171219371304293,334.4073839708702,0.8568422246404515,88.53440900945641,0.8607993249211376,119.09797159374097,0.3508503156401688,1,-3
75,D154,4.9813665506616855,519.6008928571431,4.829154797245834,593.1942842596754,1.7458747799109238,181.76182703234176,1.7276129565341167,247.024272666001,0.7771556778323103,1,7
76,D155,1.5787855787460618,210.7558035714284,1.5948478563803128,237.49990461111804,3.1489949218042628,424.0656343445771,3.203529634004659,440.228743692282,0.3791524816318201,0,-3
77,D156,2.117129939609164,416.2450892857146,2.1545399646308616,538.8695402860542,2.6129971812465147,518.6005108765124,2.643003292871687,602.5919160054772,-0.1813747845296331,0,-3
78,D157,2.188804284496632,545.6754464285716,2.1613172929068565,589.0436338419717,42.49573380930276,8824.572533436407,35.04728293100277,8826.48587038897,-0.4450308201993482,0,3
79,D158,1.293673050200833,16.25732142857144,1.2804958569997094,21.64747667062741,0.8275842041214683,10.39817307202439,0.8262145028203504,12.937000959812856,0.7020340758394333,1,-1
80,D159,4.05934741951476,287.668392857143,4.180164594763096,340.2046992367342,1.0710212888278636,75.07998843601763,1.0736768240632215,95.68578595790449,0.8528872568782809,1,-7
81,D160,44.029021409460015,3419.6875,185.65874300615147,6307.5625147547335,28.028395679696494,1414.122336980377,75.90924568850933,3390.635609084227,0.8204213858398303,1,-13
82,D161,0.6480208885411141,143.73437499999923,0.6449180113990088,175.19566245286703,37.6806131174691,7059.1301095016,31.706683772695577,7059.442270709798,0.1663752667763314,0,1
83,D162,2.964610253351459,618.3656249999993,2.902206073719937,747.2212930702135,2.6068188575592264,553.2833539674702,2.656571464662301,661.0059885661781,-5.029393245186278e-15,1,9
84,D163,0.9239305907995428,163.01071428571413,0.9180845704734412,197.2619264257233,0.4720511437545616,83.46680232177745,0.4720877825741146,103.09923360116166,0.7534497264561905,1,5
85,D164,0.3316207077565785,32.4074553571432,0.3318089708679754,39.4562545537413,0.8411274870810516,82.07592559660849,0.8377475114512981,104.39438588318431,0.7216197923202419,0,-1
86,D165,0.333082224198595,34.7562500000001,0.3333879019208821,43.146965420525305,0.5165010336982361,53.88600465464723,0.5154525641587873,64.11692314567635,0.7103287973317167,0,-1
87,D175,2.847634482580592,29.106473214285707,2.8989510420651765,32.38145023852736,0.6351701521173199,6.442023142651481,0.6373649779305992,8.026245381778407,0.9258882020165676,1,-7
88,D256,2.3051103311050487,27.53862321428572,2.269315957390289,32.34084173015671,1.9624137341742869,23.499188471106045,1.936729181884892,27.51703578702393,0.2642274376436316,1,1
89,D285,1.1064270761680963,11.41410714285711,1.0947007847020411,16.144336345540683,0.7201202454815336,7.452963670288535,0.7195173306161909,8.385123638542552,0.7320546136863102,1,5
90,D351,3.477373970242718,269.5666071428572,3.407672840096444,292.9406080619925,5.374540625527192,412.5420935776433,5.226974068666334,423.5761374442622,-0.6130190542974785,0,5
91,D380,1.1317915842970256,83.17401785714284,1.1289898527557265,96.88850966198252,1.0925503957004052,80.35715489446258,1.0990407220842042,101.56624810590098,0.6059083182002435,1,-1
92,D421,1.354342165013012,22.654017857142858,1.3507975110525776,29.789391106379448,12.22344255654095,192.65073756202523,11.509431105181838,194.39463674555745,-0.7005705508552476,0,5
93,D447,6.638861885901655,402.6225000000001,6.916240401165726,437.7107319250409,2.557441180892546,151.32569563373636,2.571931111763651,201.53243450450248,0.5231374562198355,1,1
94,D448,8.87290438098199,768.0724107142858,8.477197177395128,789.5783319422892,2.511013598552605,224.21860140535085,2.4905297095906,274.0598047866169,-0.04404603098967,1,1
95,D449,10.08390339214144,1059.478125,10.77036398356049,1180.4932946051413,2.186974962505305,224.41081206404905,2.212213432166781,285.21977507148733,0.8839054540297425,1,-9
96,D450,3.718662962631721,18.876428571428555,3.6396519989460265,20.4997436499515,1.2410126043908718,6.440549067872573,1.2501459603840477,9.102396176038518,0.5297436552369098,1,1
97,D451,3.711219827862499,18.40221428571428,3.63239799711505,20.000834845647805,1.9136545999951624,9.666834739542944,1.9119472817170773,12.751031170770435,0.3397961338613293,1,1
98,D452,2.2400725600137608,113.61785714285718,2.270017616719065,123.0796935349551,0.9901073814151826,49.99971420435999,0.9947681451222632,70.05923797958403,0.2616627697943394,1,-1
99,D453,1.5809763191834934,16.64616071428573,1.5802375204176593,20.43595929371717,1.1672128726289943,12.20669963602314,1.1758531103768108,17.961626798251505,0.6326594333882899,1,-1
100,D454,2.095927804121824,53.58575892857146,2.124102484886304,60.25749270684811,7.257009974948637,177.6981625885433,6.999080083169767,179.2077000584696,0.103559113403328,0,-3
101,D455,1.4660173418490967,24.60424107142853,1.4541221388840606,26.00268710305224,19.48534147873757,300.148089477545,17.755050807478014,300.2036042093527,-0.2622336436644484,0,3
102,D456,1.137217417523181,39.44446428571424,1.1289318107014503,44.85120322830576,34.73826310381378,1031.797112324619,29.59688914045629,1031.909355574578,-0.7368571256949094,0,7
103,D457,5.084015092026158,56.03584821428571,4.937764708123992,60.6756332945734,1.5780371979111858,17.555658232760443,1.561893140418856,26.08055008818801,0.5438597876276319,1,3
104,D458,0.9392461077130462,28.55852678571432,0.9390796162477264,33.96926549048671,4.341101287670232,134.88646357200446,4.442597252982738,138.16536858189122,-0.2786768012642857,0,1
105,D459,1.4565288578917814,161.9160714285716,1.4672143612865969,171.20705675725577,2.3184637800988,258.8904924550488,2.349516437608606,276.4894540753161,0.272320772831638,0,-5
106,D460,1.4343249710062789,137.33303571428587,1.4472040854879398,154.8190873576895,0.9487284327955368,90.04889362057929,0.9427623996431804,108.79141768382524,0.6739705520017989,1,-3
107,D461,1.551319393820717,169.1084821428572,1.5661834631653049,188.8361732023552,0.7225659737720105,78.27005764544381,0.7212544407884977,83.82488801902261,0.7493439910814215,1,-3
108,D462,0.6865682599889901,94.60044642857116,0.6896798562098527,111.41292477750348,2.091571528418316,285.15834802711873,2.067892730817221,298.6802036657272,0.5604396636059269,0,-1
109,D463,1.61939897481673,149.04375000000007,1.6330826497413096,158.0817534533584,0.6983576369110035,64.18725207934729,0.7004262701331704,83.6571163498786,0.7085361436669195,1,-7
110,D464,1.5986186860843337,126.77410714285703,1.61429132386034,141.0125801372893,0.8202778091274904,64.81976291893787,0.8228247024606722,76.89718856882276,0.6288836321514535,1,-3
111,D465,0.5748967725369704,68.44285714285745,0.5733314947879234,97.05860912310015,7.546432020365221,865.7556189267235,7.269208911447243,870.9408302901292,0.2169656343364728,0,-3
112,D466,1.98589922005862,110.5370535714286,2.0109035215145887,123.23608568226165,0.630160933775757,34.943601410803566,0.6318898399726045,40.3618378875661,0.9260566086938086,1,-5
113,D467,1.5210431963768996,138.11843749999974,1.5364485679486268,159.08932160887488,0.5162045957895419,46.758687738650615,0.5170933554576906,58.78246747918058,0.8256429475357724,1,-5
114,D468,1.98882225730309,222.9558035714286,1.9642305240553763,250.50420626748132,0.8879891282461033,100.22445770774732,0.8829373980494413,123.4993338775014,0.7172135141726105,1,9
115,D469,2.442079775678375,252.67499999999995,2.407009775143296,281.5586997424686,0.6315842063195193,65.6204441368722,0.630567823164733,80.15203422944357,0.8630094261634883,1,1
116,D470,1.718037896021176,198.02366071428557,1.7365355007157055,220.7929486145877,1.175391125088416,135.39391862172033,1.1849141044866776,165.27846911796942,0.5868666445157608,1,-3
117,D471,1.8698077271974065,174.84964285714275,1.891474536107301,193.6542201242481,0.609748117669041,56.78908895565629,0.6112936357038699,70.13122814849685,0.811468141250212,1,-5
118,D472,2.030919074216828,162.78718750000002,2.0556919847847466,177.05819271469474,0.6880114010878617,54.66632630218711,0.6893587733865054,72.06580907624367,0.436230097252243,1,-1
119,D473,1.9793039454173065,114.78316964285716,1.9589651708712077,117.61202946256158,2.749870793409394,163.34528278338934,2.789997326897826,167.0491540958529,0.1578306318042756,0,-1
120,D474,1.6987379081896978,145.70147321428573,1.716276054999658,161.06578868210676,0.6464886830884302,55.221588554872014,0.6481764568535313,65.53741834066867,0.7593805830882447,1,-5
121,D475,1.734133709713049,113.13700892857138,1.7301826516966965,128.83786890975202,1.7191238061015155,112.59643889981376,1.7197542990597954,140.14139268035186,0.2007933757726299,1,-1
122,D476,1.6880338019047023,167.98535714285714,1.704738452212346,181.88011738136933,0.6051900029783566,60.02627493916849,0.606134458474491,72.5943051671015,0.7078338691509103,1,-7
123,D477,1.9198020075266309,174.3352232142861,1.8874738839401688,236.0299079957857,1.23524763686901,112.55347733964145,1.2419827315953618,126.34344896317624,0.7808482092295006,1,7
124,D478,3.995694879548104,461.38526785714254,4.108575349538663,537.3767086561699,0.8837655990276737,100.94152875924463,0.8897368792947875,131.7302950502569,0.9243824475237472,1,-7
125,D479,1.5849234283012004,194.4794642857144,1.599623281378739,210.6810820445758,0.9559064293287668,117.66674283011032,0.9653381496570044,168.29045156991577,0.6390681346486381,1,-5
126,D480,1.527994149813044,172.45892857142852,1.5398455203998735,181.80324693772155,2.738958334111322,311.1591943179622,2.78241388063588,331.97404922925006,0.2961363890165845,0,-5
127,D481,1.5181386637632492,178.8446428571429,1.533024838721394,203.0633417682505,0.8871067817284792,104.1150573591393,0.8886692238428596,124.71711722289666,,1,-5
128,D482,3.8652205981909367,223.14183035714277,4.85699890630101,690.3292973245557,3.857122060752114,222.59268356576973,4.853185804011456,691.718161786702,0.2634761073964409,1,-11
129,D483,1.1764461060331302,80.04892857142848,1.1839177334795326,84.91223796547696,0.6844677533878568,46.58295447710751,0.6865015424957045,57.626425673905736,0.7671846522611486,1,-3
130,D484,3.179191905755526,290.7442857142856,3.12657208210122,299.5119785201665,0.7427414492209323,68.78374322708429,0.7405105635666005,88.94842645462684,0.3083426106735188,1,1
131,D485,1.5993398810221888,80.08674107142853,1.5839102367544569,94.76210319551174,0.4831483574682697,24.272675094276437,0.4824897109572153,30.41320552540255,0.8458160069351666,1,5
132,D486,0.9747443891758208,61.36549107142842,0.979650614992235,65.13964292662526,0.8808983255568117,55.57377865279003,0.8858255965025772,64.8231158840645,0.5542233375564405,1,-3
133,D487,0.7483469882609248,58.49999999999981,0.7444634922356358,69.44386176053641,0.5860234266074117,45.98234170098873,0.5865144173179934,55.69907623666069,0.0898736143336802,1,-3
134,D488,0.8805134989642968,69.72250000000011,0.8848434601425049,76.56181079354526,0.5303941329812408,41.92991371072029,0.5304756911300309,54.662455829849335,0.4788405999733752,1,-3
135,D489,0.7799356337573499,61.71714285714279,0.7833734217298568,69.32462028674789,0.5571558928078374,44.031250834903794,0.5574592179442739,53.20917458821591,0.4784735294065346,1,-5
136,D490,0.9693266341862298,93.53316964285725,0.9747457064792322,102.56991589350504,0.6060315025575332,58.448154692545096,0.6082369569997068,69.57715942202665,0.6150533844683692,1,-3
137,D491,3.2592061226627576,147.1346428571428,3.1897826913179066,170.5298937779848,0.7415245440685126,34.042439385401266,0.7383722808321477,42.6759035476424,0.852298899916448,1,7
138,D492,1.0398689583750464,77.69285714285726,1.045737074034363,82.95672807206105,0.6402142684248892,47.87321433458659,0.6418403358578596,58.65250572941749,0.5261101422928717,1,-3
139,D493,0.8018155242924142,64.23656250000002,0.8047048676586522,72.42398541866498,0.4420678287365112,35.43413147050465,0.4427648073291372,43.83462503882247,0.743228463252772,1,-5
140,D494,1.045262790403224,75.39468750000007,1.0512804601095518,81.07090360652984,0.5080080054377363,36.581797231313885,0.5073118416600483,53.06324306753844,0.290954153379966,1,-3
141,D495,2.772560263918884,184.69348214285705,2.7205934721136,217.33046705289803,0.9418660059386516,63.13903482636143,0.9387603704882648,74.49583465721051,0.8205089502995927,1,3
142,D496,2.95819718708917,205.4532589285716,2.899016372133082,242.554881803691,1.0580371741326808,74.43695068049718,1.0542983167545217,89.22495486063406,0.7516577563406523,1,5
143,D497,0.8318494996219308,65.83910714285723,0.835730811505239,72.85479293862193,0.552585659456154,43.66983401613776,0.5526056770009805,56.87233899640502,0.4515294157012145,1,-3
144,D498,1.032874013947112,71.98794642857145,1.03405616846796,81.23345115121911,1.0001810535519688,69.86760054048356,1.0032433402332537,77.65389264638878,0.3651554570940812,1,1
145,D499,0.7592943320893843,56.60165178571437,0.7542715916179097,81.56626544144112,0.7687167356850526,57.33103738766795,0.7687577135478996,66.23782119184,-0.1868204431725922,0,1
146,D500,1.2131833199404802,114.45656249999968,1.2215959715081128,123.11303200978227,0.719604479295864,67.63476459950562,0.7212071947196075,75.16097807169726,0.5001322354691979,1,-3
147,D501,1.331866203158815,113.01986607142824,1.3418731664982717,120.71670213017872,0.5915129991678663,50.06498578860764,0.5936788366414844,62.6358565697841,0.6929691212805124,1,-3
148,D502,0.9345645875066368,55.73495535714288,0.9414348374920288,69.66934963165006,0.5110697889184166,30.3201524598097,0.5130005935992136,44.4484759631964,0.2902227495105838,1,-5
149,D503,0.9493659613680664,91.49232142857105,0.9545175829046124,99.54712472304212,0.5337321679353304,51.31120503077624,0.535615351582911,64.54868549267745,0.7412284410373357,1,-5
150,D504,1.5878051843201249,16.58013392857145,1.5669606966285134,22.11937535382787,0.6690535650979492,6.999298493087508,0.666614110158767,9.102684568325865,0.8436328636303201,1,5
151,D505,2.844223638261797,231.38482142857157,2.7933696657493523,262.2844179523708,0.8560169818635676,70.25990529519342,0.8528425858300906,87.51135531607655,0.7810304545856658,1,7
152,D506,1.0232883407218925,102.63968785714262,1.0294523003136256,112.7585440248071,0.8630813349597708,86.65379661549196,0.8652198647628315,108.0192558825046,0.5488987572354049,1,-5
153,D507,1.1685102736590818,96.98348214285696,1.1755326841832638,103.99261024731076,0.6633855159097206,54.969887746372216,0.6664209700606419,65.04043286618237,0.829084004642725,1,-5
154,D508,2.1058292610582425,25.22142857142853,2.107452934225068,28.60614807911238,0.9550880400897156,11.356408231223716,0.9541451431088,13.44327738633348,0.8611397556619194,1,3
155,D509,1.0886451696963997,9.44088392857146,1.0955178953997264,10.295621346049408,0.5909784962482882,5.11804883817153,0.5920782816752701,6.246707641566839,0.6151272384409873,1,-5
156,D510,2.3709233775934537,65.21536607142856,2.340892164252028,67.87794879293233,16.753917776909084,430.0860817549682,15.457808404481115,430.344270012808,-0.4494460581432526,0,5
157,D511,2.263420034253897,32.83540178571429,2.2363170686941483,33.99429310030597,7.278697842929898,103.01349667737358,7.022069952824106,103.25211394550024,-0.3482574218605103,0,3
158,D512,1.845510612259188,71.7711607142857,1.826087561898338,98.72673656473822,18.174165292397426,604.6881945093406,15.674986822798576,792.7231468412429,-0.4232877818070862,0,5
159,D513,3.855799858666124,37.20982142857143,3.76778172544868,41.04743769286402,1.143327848403087,11.200184859633746,1.1399370265775266,13.33319856883118,0.6353088861421121,1,3
160,D514,4.299747329540886,51.433125,4.194585456891936,55.70953140629464,1.4793382637569004,18.022298800809512,1.4750772317183396,20.30355595207447,0.5394925933275312,1,1
161,D515,2.2794741363562983,21.01655803571429,2.3104188544100626,22.71135279388957,1.286664596821403,11.756818349289436,1.2890240332379577,14.778619933039304,0.2037846998261716,1,1
162,D516,4.165858567799016,42.61822760714286,4.066617514986985,46.22518852520192,1.0855556386272769,11.335662134767874,1.0849020244041283,14.379353787091455,0.6464874226849459,1,3
163,D517,4.562724965251527,317.40062499999993,4.473377390424494,349.3847426087769,2.23051553528388,156.34634460980683,2.209863580625378,200.51776506441843,0.6974046173770679,1,5
164,D518,3.913150810292664,436.0732142857144,3.822532302683311,481.0377821920077,0.8638672969829762,97.47605538097288,0.8587947355631824,122.87305960001416,0.7945704921352086,1,3
165,D519,2.0047099145230303,14.37445982142856,1.9954889494447852,18.09628519948019,1.8472105465429485,13.284955104622716,1.8569341201808736,16.12995095545283,0.5460382981102966,1,-1
166,D520,5.715490995499048,63.208660714285735,5.539964593004414,66.69902062088855,1.2906420818878352,14.595729922719768,1.284419307660827,17.260963255661895,0.7124965935290402,1,3
167,D521,4.110346996729445,424.1575892857144,4.011427611866177,466.16273110839967,1.2580744192263225,132.63536496066277,1.2554794593034122,156.60098497907734,0.5558046669598692,1,3
168,D522,2.070819087529023,136.76486607142851,2.107120135642851,175.16704216457603,1.6388584533233292,108.69753890263053,1.6369084417331516,130.9186608870842,0.7834808691989334,1,-7
169,D523,3.6479505316755154,553.8415178571431,3.5615370475655874,641.3169645681993,17.19172680050079,2438.043909637996,15.81695010183188,2455.5892524507226,-0.6065279493047064,0,5
170,D524,3.6318322863687102,563.0450892857142,3.546097630497117,652.273208750165,18.526968421593136,2666.052797820892,16.942545156502746,2682.787936085016,-0.5859383826889041,0,5
171,D525,3.420255317804576,582.2799107142849,3.343281226234803,678.249550784186,15.235129573915817,2443.2967024540058,14.144698866167763,2461.721761640178,-0.7428869317846992,0,5
172,D526,3.3323057483563,524.6870535714287,3.2634163592034624,592.6191102327517,19.004450983057986,2770.295739643148,17.346329675612672,2781.3032647379755,-0.5467313567775239,0,3
173,D527,3.3152434943364764,443.31964285714247,3.2471952382111167,500.1813950422669,8.451741329758478,1100.0410730056296,8.098493847469754,1119.8941820015896,-0.4898886773295308,0,3
174,D528,0.6619868005380406,62.84419642857159,0.6592548149161207,79.2740190963159,1.9080101580704332,183.156709331163,1.927635383923306,189.0717510465996,-0.280364544333122,0,-1
175,D529,3.4165372058520576,570.5129464285719,3.339851147154215,663.9941248307174,13.97535363054135,2211.4341965483623,13.05031373261938,2231.004881751314,-0.7387189580038122,0,5
176,D530,3.640906952492658,461.419642857143,3.554928456916748,533.9699329677808,5.174706552201724,650.0181650368662,5.027397301647523,694.5092738470288,-0.5572607437304963,0,5
177,D531,3.6071680733152456,65.35995535714285,3.521298559644428,76.35913284641804,22.780606934241064,375.5753866375445,20.43750984472165,377.3133143978896,-0.6431573854566992,0,3
178,D532,5.259977974775657,880.8227678571428,5.103537163660012,954.605483472859,33.639192861303776,4933.290378498442,28.783902974587384,4945.150596524821,-0.4922537078646116,0,3
179,D533,3.3789920925455568,479.1455357142858,3.303830610728857,558.1787724256516,3.620209898320104,512.664868472809,3.5414790095309274,570.508550096832,-0.7100286641211315,0,5
180,D534,3.759611829821832,61.37531249999999,3.673349062720733,68.92014308779537,14.66371892343012,226.56916338284267,13.649952001071474,228.40666810935616,-0.4178948400332675,0,3
181,D535,5.28391971490552,902.0084821428565,5.126265944230456,976.94593084759,34.98651777843974,5201.0443640468175,29.76578312556965,5212.739350849553,-0.507816901656603,0,3
182,D536,0.931260473704571,44.55464285714288,0.9341689502715969,55.620178685016185,7.556692344275598,376.0764530927504,7.861899336431157,380.6558103704485,0.5122672624115241,0,-1
183,D537,3.7703616340313646,522.4495535714286,3.683668900999716,586.4590734006896,5.650925703888392,774.9295086815752,5.481774616979322,812.8698310627587,-0.4143294440219954,0,3
184,D538,3.634657366818058,64.58455357142861,3.5475923372928966,75.40734775894157,21.423148286489223,348.5722690977617,19.336471491184547,350.3732545709736,-0.650179641548133,0,3
185,D539,3.747728626863191,62.3832142857143,3.662212258174345,69.96704461808636,15.793590206155136,247.4795329394971,14.625806817979736,249.2291054390141,-0.3826512304847906,0,3
186,D540,2.5875074122509547,145.88419642857156,2.5389056942309574,179.02423523212298,5.9497395526075065,346.44327004128905,6.154113501682679,364.43218654723046,-0.2357220041954348,0,3
187,D541,0.7121520247711515,10.03540178571427,0.7100366700255615,11.391551661062314,1.634428945658606,23.232547273925515,1.6501249781821266,25.034260723505117,0.4898859415093533,0,-3
188,D542,3.68225581973392,641.0370535714283,3.596033900097763,734.0313698870342,21.7203913659349,3460.523592564248,19.580166388788708,3476.0016198608723,-0.5163696418260433,0,3
189,D543,3.711573680259498,633.6584821428569,3.62446616129453,723.5868231672492,20.525458978790525,3225.0622332140315,18.602379653847866,3241.038455171335,-0.5012233253516116,0,3
190,D544,3.7046824812480095,45.40303571428569,3.6227528718335527,50.27349969013248,1.20737601322659,15.014236461945597,1.2022045547474662,17.60654767600384,0.6059916438471722,1,3
191,D545,6.214730203025749,83.16982142857144,6.511909289469006,99.7788644196617,3.636675478234329,47.78309529601399,3.647526365278988,55.41053789562852,0.6035595110623776,1,-1
192,D546,5.580783274297527,802.578125,5.413368931921786,846.7241729932709,1.177850896586243,171.82359765671663,1.1706562496721853,208.06795018708652,0.8524698956339937,1,3
193,D547,3.906569019563856,325.2808928571428,3.8165793309070937,358.58340873487424,0.8952162782957398,75.78896674598893,0.8915090099787585,99.089274036844,0.769564534321284,1,3
194,D548,5.552387432755955,682.7933035714286,5.386706354689451,720.2061095876572,1.172108017990151,147.3752206086448,1.1685849225044522,175.12850096991212,0.7422867298731559,1,3
195,D549,4.099697139963808,20.45224107142856,3.971061397895211,26.12962968002801,16.123047797547844,87.61063262265671,17.617873453013637,89.41932036855779,-0.1520410539375863,0,7
196,D550,6.516867689951149,798.0924107142858,6.269141023295226,886.2316217886539,2.280238843280543,284.8296666382903,2.26665824817606,322.20800667499435,0.6634891171834881,1,5
197,D551,3.9646086486994463,60.4829017857143,3.870148077422688,67.36427995342913,1.386301301911041,21.56012615119984,1.383544868067084,26.087635515555444,0.6269062564923287,1,3
198,D552,4.013755804874368,58.83495535714282,3.921163680467382,63.95155207155246,1.2950183820797592,19.237106360912207,1.289544305226599,22.27082345383383,0.6754732027085056,1,3
199,D553,4.12519730087217,49.44093749999997,4.027817040319006,53.687835053991456,1.1489659683666815,14.026955341765122,1.145900913657354,16.489227465707174,0.677963262207113,1,1
200,D554,3.965995000203636,49.70598214285712,3.875700608869281,53.98801917512,1.0965231631267731,13.990982358479576,1.092134629436012,16.51719481313037,0.6141527236451688,1,3
201,D555,1.8056435474953163,30.76986607142864,1.7853195305987213,34.607494264039055,13.762046374061748,221.18398986672565,12.87409650664125,221.50428411666724,-0.8593162745885692,0,9
202,D556,1.9827205125534932,40.05138392857144,1.9582950697281591,44.99968033337601,17.823318667969097,333.48746640603605,16.362760637816017,333.8423309675323,-0.88371925985946,0,9
203,D557,2.070087154487626,35.772589285714226,2.066888064180712,41.08200103840113,1.294888576894849,22.29066547788927,1.292408597378886,26.313212821850108,0.7803474574793318,1,3
204,D558,1.9142530884633964,37.72133928571426,1.91573639749252,43.13199766078337,1.2377994946737294,24.32623992137027,1.2346201664470289,27.88721716691801,0.746430716378169,1,3
205,D559,2.6133631740889207,51.90468750000002,2.575420618999302,61.13489693993139,28.7120414458668,502.1939275027592,25.09171444371063,504.104393028008,-0.3454202842679242,0,3
206,D560,3.399706662079504,57.64375,3.5274689437843434,91.8808445893667,2.734002194228805,45.86255298062237,2.91831582405058,97.05839590743729,0.0421997022708805,1,-7
207,D561,6.468295769555668,113.38473214285716,9.094809878266709,302.3449961883693,10.194763453974453,192.4884982587642,12.358063954175265,304.2616030711348,0.2011928367410334,0,-11
208,D562,2.5640715791623103,52.17549107142861,2.527848841423277,61.67993905370316,31.58814980334037,558.8324647956536,27.264431522363772,560.6342038662905,-0.3216888888310024,0,3
209,D563,5.974924537893684,93.09236607142854,7.126648323454263,194.1948013857218,5.968142392125196,92.96031143634433,7.169798669964557,196.53503734408503,-0.0110984870421407,1,-9
210,D564,1.826861934550229,29.82522321428574,1.803032680967928,35.967561372240006,1.17412248233213,19.141567653806337,1.1770261988106885,25.496379627339472,0.4945018877399542,1,-1
211,D565,1.5466211537395598,20.480401785714257,1.5636543870798718,26.652358767544055,1.165786369751152,15.434190454826194,1.1665558563569445,18.354787530196,0.7716371339867623,1,-3
212,D566,1.9411302420432368,36.477187500000014,1.9399793543847004,42.59573104442167,1.478799577136547,27.65675768743904,1.473183093420255,34.32452166130245,0.6834781610730973,1,3
213,D567,1.9476308822679027,40.80468749999995,1.9463849127033943,47.60361247739957,9.6226855431734,193.37551110219724,9.16015360587124,198.6721322141729,-0.3565597205545043,0,3
214,D568,1.9692962531135731,42.25879464285707,1.9678220891288545,49.08450553165254,16.301087555328234,324.8397652805241,15.053812063866376,328.17584712479584,-0.4126550190108576,0,3
215,D569,1.983704226726023,40.93294642857148,1.981229939986068,46.435262675626895,7.663690276657646,153.2413261576567,7.360423824280739,159.3789865534419,-0.348322090569452,0,1
216,D570,1.9627786949621788,39.54321428571419,1.9606201057065644,44.92376122685909,1.9125120727317544,38.498744933363255,1.9048052355941725,46.1523850331219,0.2013070788436552,1,1
217,D571,0.862904058660475,13.329821428571432,0.8583891808925227,17.08615734679581,0.732053174443298,11.32840103697312,0.7320699353794737,14.59358994484401,0.480454183747634,1,1
218,D572,1.0823884698106938,86.78450892857147,1.0730253084961745,111.25787149733368,0.4694114379497465,37.73858445453477,0.4706707603339384,52.03553082165836,0.6475864947494521,1,5
219,D573,0.900416145494245,70.97459821428583,0.8934971045857883,93.55099950835525,0.516457819468407,40.8654984701037,0.5178248527940583,47.60669159299737,0.6215870282807132,1,5
220,D574,1.0941547710544408,9.07275000000001,1.0829081717682922,12.581368761171268,0.752980153546139,6.265044157398831,0.7529783342177488,6.7510922251122185,0.5616386658842824,1,5
221,D575,1.75906523443277,147.11803571428572,1.739607734289091,166.7556560737574,0.773252103615234,65.15703165045969,0.7748487301389766,82.8937913131801,0.6048319396987725,1,5
222,D576,1.0736856649951891,80.3087053571429,1.0627159889134858,112.15807112284278,0.5708398198320171,42.84506237498623,0.5692184171392475,51.38386321326733,0.6552087099572235,1,5
223,D577,0.8469409600772988,68.7926785714285,0.8407019864155799,92.80866623936272,0.6688335160669929,54.42888780257694,0.6654030302611449,70.48982649610147,-1.4937243192778062e-14,1,3
224,D578,1.7353631562150913,130.89330357142867,1.716564000092711,147.89408919212684,0.6376830622485842,48.303390496190914,0.6353461366646201,60.19688334917125,0.6384365709565724,1,5
225,D579,1.0468543605669187,75.05705357142844,1.0380859047926985,96.46103310364173,2.084890336135341,148.57938983227697,2.060679553329518,157.95907578783837,-0.6082043418412069,0,5
226,D580,0.8229579105180299,60.29977678571432,0.8170302413818417,81.6024319485412,3.681275342359023,275.0828738926912,3.752843771729447,279.76899400945456,-0.355181872466084,0,3
227,D581,1.1645667605339094,9.270499999999997,1.154348401721994,11.556118631549728,4.407816008840693,35.949540993903746,4.511060267677594,36.59596512579895,-0.7050958317350137,0,5
228,D582,1.1496286322070473,10.14997321428571,1.1395102577407854,12.752447687627257,0.7778260182790347,6.886247196746426,0.7737868004837534,8.891864505237232,,1,5
229,D583,1.253323584949652,10.619165178571418,1.2433637214215505,12.079211284949936,2.0208787384346563,17.048128954695958,1.9983862421979557,18.013553408887514,-0.2389341131806757,0,5
230,D584,1.2079167069822063,92.31316964285718,1.1985872277720997,105.48545180680152,2.144278223227677,166.16341827707103,2.170033554422321,174.54754861235398,-0.193158191067633,0,5
231,D585,0.9471022697593656,45.84347321428569,0.9420152557627484,48.97338188957353,14.216155107315531,645.3801982303373,13.272471339060736,645.4931773742833,-0.5151655175502621,0,5
232,D586,3.87507970068357,67.01013392857145,3.784848195125457,74.51223341647288,1.55735919537691,27.487790186754587,1.5521202652919084,35.56395577533297,0.5446458134826097,1,5
233,D587,1.7966874641096997,25.552633928571385,1.7740241547713271,30.521745782263103,4.426871580853358,62.04838233934093,4.325542810838865,63.932480566119125,-0.2409510179900542,0,-1
234,D588,0.9921668576645812,102.36794642857136,0.986546715426773,109.74430346542648,31.618200300328485,2830.319607667732,27.301788670687216,2830.450572807034,-0.5765285194665642,0,5
235,D589,1.2049928747534877,22.33254464285715,1.1974876680175288,25.869951570888848,1.3482152893915351,25.182850589941463,1.3610275363581397,30.28462780661778,0.4492228991471922,0,-3
236,D590,1.2238171647825733,8.923486607142861,1.2121124787898658,11.48497793156124,0.7298052739884654,5.337557915021397,0.7310805187766972,6.787756807028125,0.6857755665710762,1,-1
237,D591,1.1760425926159477,23.442857142857147,1.1677764834411666,27.908782914765094,2.961695183608623,58.42816388798912,2.911929113148277,62.88708065153555,0.3922652065809291,0,-1
238,D592,1.8004224731033591,24.909508928571427,1.77759488103239,29.80154539255637,2.567579106707766,35.35501238365993,2.528242618554168,39.03035690802834,-0.3006450558940387,0,-1
239,D593,2.884674812318828,69.65589285714285,2.824343400267248,85.11547104502516,1.2368340340985162,30.26142143017608,1.241997619550345,34.843923362546654,0.7813663305561198,1,3
240,D594,1.2319544241480451,151.84017857142888,1.22027820634999,190.4036905762196,1.2025558111003332,149.25290937067817,1.2085309571913674,179.25807641726723,0.1733422908064321,1,-1
241,D595,1.1987562012785806,19.85191964285715,1.1906846576623822,23.46473931335114,1.0078923894365095,16.654842353489762,1.0011401653836207,21.146782153065267,0.5943141213259856,1,-1
242,D596,1.23825131534971,8.755142857142873,1.2263875900426024,11.231967901399033,0.8242075867403182,5.839279248729724,0.8234775197849518,7.311007623160129,0.7336155949486339,1,-1
243,D597,1.217096998476826,124.54330357142862,1.205829952709588,155.69472434957507,0.6133978587558029,63.00124205021893,0.6149729198858602,89.58314808304537,0.3737618381679478,1,-1
244,D598,1.7526862957884248,20.703035714285743,1.7309877780576366,24.823768300889608,0.6293945430935249,7.476559799684147,0.6301074365874174,10.512505501032718,0.6253787854209232,1,-1
245,D599,1.1876073272962655,142.44017857142822,1.1767833907491836,179.00484797093654,0.817938429614876,98.12687792993776,0.8149637288583222,123.01322707390372,0.395523492605024,1,-1
246,D600,1.1223235279915065,14.890714285714257,1.1142505859250982,18.88460769696588,1.5101337575865992,19.904792897929287,1.4982194774295932,24.01433872949471,0.0583795571938838,0,-1
247,D601,1.1623041894339163,14.99816964285711,1.152905842121742,19.093486034678747,1.708033039845902,21.93342291698289,1.6883974052541235,25.812264487638423,0.0854466854226835,0,-1
248,D602,1.443791900765048,18.38700892857139,1.430702369003117,21.62551586851143,5.07689782779152,63.36284971107695,4.944817660957895,65.09859759797295,0.0913867651065188,0,-1
249,D603,1.3702443657903236,14.895446428571388,1.3568703985512467,18.909822764547684,1.5874484539591278,17.244303138400515,1.587248001684963,19.207089616033915,-0.2169820421977505,0,-1
250,D604,2.9066651915532744,27.926379464285738,2.9632622715449464,32.16363710483726,1.475164239325974,14.059720139931787,1.4780747043911646,17.325470629940202,0.6771073797892394,1,-1
251,D605,1.231367542625025,13.700848214285722,1.218922232536246,17.93043161115418,1.092691650645852,12.150817251999896,1.0854061273578453,14.76129589301655,0.5786040030380142,1,-1
252,D606,1.3915709077597986,17.72843749999996,1.3777399897094589,22.3759248580555,5.09482979361692,63.31734867480548,4.947899319575535,69.04466935189934,-0.1965614044025093,0,-1
253,D607,1.3936939472174297,18.25200892857143,1.3797526860178178,23.028426061972677,4.760285846784025,61.08164961047721,4.639827342871339,63.86644043936998,-0.1743498967180012,0,-1
254,D608,1.4879859187370024,161.60491071428558,1.4740947737948489,189.8147430587984,1.1373881248904951,123.47036615903548,1.1376001802668203,153.5351129928284,0.5472922848139593,1,-1
255,D609,1.4641336227046264,19.16593749999996,1.4503957813735384,22.638895034592025,4.439788910088365,57.10117845661721,4.332840861543006,60.25905345586273,0.0908626419172932,0,-1
256,D610,1.237498864507666,117.49348214285718,1.2253642265125857,152.00207612135097,0.7162330740588766,68.189137358283,0.716885371150175,86.02008110594167,0.6392589328246613,1,-1
257,D611,1.2484504958571567,14.277232142857136,1.2356429145909205,18.664792160810418,1.376704200561664,15.74420414322984,1.3775996625475997,17.940349505302677,0.0984047786962831,0,-1
258,D612,1.2206278230899783,12.447116071428598,1.2101018617793404,15.152264674079232,0.7590338313590056,7.7475760950674,0.7599140677786981,10.180632785840814,0.3457595202963958,1,-1
259,D613,4.314206057271065,42.21830360714284,4.428064536353855,48.96133749712472,2.9819583671167544,28.99014920384284,2.9940586997192344,34.455635947159685,0.6469372817783678,1,-1
260,D614,1.2315867599057828,14.611428571428569,1.220920317567047,17.688478383465373,0.9510401701428158,11.355925423503807,0.9570887659456516,14.60859999158889,0.5019223692789277,1,-1
261,D615,1.222177144037777,14.888749999999993,1.211666967623627,18.02408029343265,0.7273576771363285,8.89625000150139,0.7307389395404582,12.225430176158326,0.3271990074353049,1,-1
262,D616,1.8154663611315152,18.70281250000001,1.792523595790276,22.26164728065822,1.3434872917156817,13.881900798865454,1.3298433786140251,17.323117299855195,0.0848469468653108,1,-1
263,D617,1.4350687201335703,18.13933035714282,1.420580973119374,22.60425286596191,1.1943352414562585,15.135710765955992,1.1987823666942352,17.735019890215153,0.2671660832785497,1,-1
264,D618,1.7647596721595926,21.722544642857137,1.743062176818128,25.85989859472075,0.8707382591603844,10.81761238466608,0.875753198453195,14.547142093649086,0.5836288888536267,1,-1
265,D619,1.1570636939937868,13.818794642857142,1.1488437027968736,17.2599881029396,1.6674744880348435,20.179244971586563,1.6886184125674617,25.420706791456684,0.1313908685782289,0,-1
266,D620,1.3847588365232966,15.050312500000018,1.3715460789150218,18.93416539255752,0.9591992289544006,10.46891804988861,0.9618849129088932,11.83863508999464,0.571357634585029,1,-1
267,D621,1.3855469614267142,17.989776785714298,1.3722075601892008,22.587890797646068,1.719010176193284,22.28610958819841,1.702098590539611,25.397939018953394,-0.1211903955278278,0,-1
268,D622,1.507197848769194,15.728883928571449,1.4940791081002538,18.068671427010823,0.8970484764154697,9.35695616576941,0.8965885734964844,11.846317207380151,0.4745385488851367,1,-1
269,D623,1.4887039585049282,18.57,1.4751634810014906,21.543284947734545,1.4777972200653486,18.39884405901029,1.480929064235587,22.82034035630617,0.4331321081142936,1,-1
270,D624,1.4804467104458263,17.98473214285712,1.467478215522379,20.762725820135987,1.375820306971006,16.869462835583054,1.3823869649934035,19.285166021287168,0.3768167739890998,1,-1
271,D625,1.887730559813729,22.61196428571426,1.863037131087388,26.827336379747837,1.0426951330219447,12.598679912612154,1.0509883268732685,15.771903204323332,0.5449341362556716,1,-1
272,D626,4.9361873868207296,65.0263839285714,4.889428772339626,74.36981165482923,3.944362642271768,51.7056064087476,3.994371397828021,69.14746371537115,0.3601614687076685,1,-5
273,D627,1.1822069573702945,11.818718750000007,1.1742853614805473,14.596010927312795,1.1792022895215688,11.892545971769712,1.1908724206230772,15.35588881062284,0.6423799197522506,1,-1
274,D628,0.860681277226045,78.92647321428596,0.8551406481296939,97.23505671132808,0.8076752660715933,74.16806851372932,0.8046975843127236,80.59837174747554,0.5038361269479769,1,-1
275,D629,0.8983446257647885,86.71366071428565,0.892359332107427,106.2604150389084,0.301587664616551,29.25906417070733,0.3013152689866713,34.20730924773564,0.6757416397688004,1,-1
276,D630,1.0474932076104826,12.812053571428626,1.0389307617998802,16.127274903551847,0.4785003815417585,5.889835518882007,0.4783738366442018,8.14382738438957,0.3219827884524654,1,1
277,D631,1.457308473001142,182.59508928571424,1.4447436735489756,199.51870454323725,5.170842014398307,636.5340777936118,5.040140064311777,637.5723563569261,-0.342420686544911,0,1
278,D632,1.2254308870544333,139.62187499999996,1.2163419832761315,154.22871826048572,0.6128391568307422,70.15571077995148,0.61164952712741,84.23848798847744,-0.1466139700086818,1,-1
279,D633,1.384419608036669,165.81026785714312,1.3731188853660206,180.8354371885999,2.141057078270387,255.6309003218773,2.117980503061567,257.96896725521174,-0.2970721043354405,0,1
280,D634,1.1593093479103462,15.338616071428564,1.1498510512784308,18.66248929901737,0.6788164735757735,9.027424470574326,0.6789020484571685,11.130076932102252,0.4640308010193832,1,1
281,D635,1.5250634040730644,20.408883928571413,1.5101991951392633,23.19859399904154,0.5423399669850585,7.294225412533511,0.5419810408797613,8.765314430483564,0.345994328456558,1,1
282,D636,1.5565710165762845,19.93227678571426,1.5413249491902472,22.481689029109045,0.5424058619769379,6.993369412320768,0.5417923835885982,8.024571789527736,-0.05923629471974,1,1
283,D637,1.53295425430437,21.460178571428564,1.5180080959073372,24.334564305158104,0.4992930067030217,7.034696713065841,0.4989952783157138,7.955022675183415,0.2552052065892944,1,1
284,D638,1.6998580592721322,23.67991071428573,1.6806171590089556,27.526547882672347,0.5048453450565329,7.099058894007563,0.5034610791351454,9.1581476218978,0.4499831908116954,1,1
285,D639,0.9988105705961478,11.682321428571411,0.9908565718618842,14.896154184439895,0.4282259404335648,5.032263818545808,0.4290855056961425,6.489867006701204,0.5628426636720866,1,1
286,D640,1.7033660495974396,25.94370535714292,1.6842037787182442,30.03375420425436,0.5482143364282968,8.433644954125514,0.5488596871954778,10.302150362952789,0.5473816497688757,1,1
287,D641,1.203999386916005,14.562991071428607,1.1938080133708189,17.653008857854577,0.7017521071512733,8.537957606115615,0.7052490915902643,10.252616250864738,0.655393734259005,1,1
288,D642,1.147773047023892,14.515714285714257,1.1384097718924089,17.74307348034768,0.4727635732711842,6.016758610555712,0.4727082964462318,8.559293558204622,0.6054142339182411,1,1
289,D643,1.0392766656681414,11.6297767857143,1.0307906403823746,14.696106307355626,0.4385467879096665,4.94159951621756,0.4398356629083492,7.003942663874021,0.4099115306132922,1,1
290,D644,1.6606188337527874,24.183035714285698,1.642210617146304,28.14481950277439,1.0420729498987766,15.264490392188447,1.037424973459083,16.75007832011992,0.449497442001976,1,1
291,D645,1.0107325694177576,14.375446428571422,1.0043159225827205,17.893659645934733,0.6705011399953285,9.581901285556976,0.6740577776646045,12.253467404752952,0.5974375198304792,1,-1
292,D646,0.9532684336592956,12.405758928571442,0.947619598123594,15.631454257140678,0.6844088494009735,8.939598984152017,0.6854314662381158,11.89652192258697,0.5615259875450613,1,-1
293,D647,2.3519305518135543,278.5308035714288,2.323446015214047,284.4652206225951,18.82871011190973,2061.8266728056906,17.208080380293563,2062.335183215298,0.0677415636156459,0,3
294,D648,2.3578736277186847,37.48124999999997,2.329239635137014,38.28406650936263,22.57285628581224,326.2156662719791,20.283048925241527,326.2736002455449,0.0575190856556445,0,3
295,D649,1.6892306083879136,24.43718749999997,1.6730682116198552,26.152910239183573,0.7480601421582,10.944871952031251,0.7511646897193547,12.291038996434905,0.3378416497532358,1,5
296,D650,1.5834769408570384,32.830044642857175,1.5649238469459157,40.244218811401474,0.5302479686047562,11.067882826654955,0.5296621071962693,14.225416698205294,0.7708082117230517,1,3
297,D651,1.1524412166096942,16.164732142857133,1.1430008175214283,19.443790947688424,0.9002589940103309,12.72366034808733,0.9031903099350096,13.603872232851804,0.0142007025789456,1,1
298,D652,1.112793595875904,15.604508928571413,1.1031414363862375,19.86544197608333,0.7322082949012912,10.337391320027288,0.7345785881255071,11.866298562729291,0.1229554622290273,1,1
299,D653,1.1935624863727556,15.998303571428568,1.1835773006082049,19.10435270411704,1.041420478201151,14.195548576250353,1.0505142459128198,19.125628916585526,0.6594896108452238,1,1
300,D654,1.113202671527116,14.277812499999982,1.1034318442520623,18.265807041894973,0.6082857647053549,7.847988460816233,0.6077310223865894,9.615228017119026,0.2741253233619899,1,1
301,D655,0.919408211170099,100.64687500000012,0.9135398504707398,123.45759358380728,0.4782082605597633,52.58952792375684,0.4787564098814844,66.88415312301791,0.6129468007210703,1,-1
302,D656,1.0198617171375417,122.80267857142826,1.0124525791189964,149.06185914432433,0.5067206840500564,61.36891230959528,0.5082293446347655,76.3696954653113,0.4932286959218901,1,1
303,D657,1.231515520259906,15.79116071428572,1.2210509040165145,18.68041548254338,0.5810952904834994,7.51029512482197,0.5821547871011777,8.984732086960287,0.5981615357349925,1,1
304,D658,1.1026597025883755,14.781294642857183,1.093058433553074,18.94993920566605,1.0033885759630847,13.60009486030968,1.011157936178053,17.364835790757027,0.3081477511387234,1,1
305,D659,1.005913382951528,115.7495535714288,0.9988133253888686,139.92867242901133,0.4704887304728363,54.43413031851352,0.4700781379455585,62.65735181630205,0.5484502172351889,1,-1
306,D660,1.5081635098247896,175.10624999999982,1.4925127854035078,206.94608604151412,0.7195794946433554,84.22354913300101,0.7183710678581485,103.371437732136,0.4947970016787989,1,-1
307,D661,1.5601718406591452,189.538392857143,1.5437705518876874,221.6543117501004,1.747056132843416,212.2141855388684,1.729512223803383,229.15558109026207,-0.2030687279866183,0,-1
308,D662,0.7736105428660027,66.7150446428572,0.768854731884101,85.70051130683736,0.4030822710141138,34.945952346882486,0.4036846833307207,43.836593449573485,0.5068587064711533,1,-3
309,D663,1.3946195393496088,154.01741071428555,1.3805403393997802,186.7240409815211,0.8502635944379512,94.9558656602568,0.8528782351046248,129.58250505039672,0.5181691123194865,1,-1
310,D664,1.0163127313420384,119.69196428571442,1.008287385451306,150.39956026795653,1.254210421898427,149.52116366716044,1.2646893960467651,185.1253480727964,0.0316740059142368,0,-1
311,D665,0.9643845397412494,118.07723214285724,0.9569962640045744,151.6267307841241,1.0424500214251091,127.68058877818268,1.0370503673933047,146.62311111914818,-0.41940767518227,0,1
312,D666,0.7835042965627358,88.49107142857169,0.779216870018735,119.37267415460477,0.6121203844157626,69.44932641839647,0.6125638434438191,83.71105604201588,0.5680097326752733,1,-3
313,D667,0.7704306537739674,82.75848214285725,0.7669142699565409,110.3169754378468,0.7768457664135513,83.68751196026733,0.7798126331582595,92.49924257972582,-0.0517025923257813,0,-3
314,D668,0.8539081741415473,99.46428571428598,0.8477528995222203,133.85310947562903,0.4685306943987108,54.79458434499456,0.4692808748566417,61.769462891293614,0.5690766625593117,1,-1
315,D669,8.447108790074125,764.1383928571429,16.115399562621484,2323.841176998802,8.216829936800572,740.6535017919467,16.23484542996745,2388.145843222852,-0.2515381698089343,1,-13
316,D670,1.0637575346788932,131.05714285714294,1.0552839925222313,161.4872075698423,1.109824847997515,138.00843494272976,1.1154705207618865,147.60211888316152,0.0492622129458508,0,-1
317,D671,0.9342190624693376,104.68303571428572,0.9271500142935396,134.9938682469902,0.6444145019997566,72.51980327367983,0.6449574045075553,86.09989284773884,0.647280643532699,1,-3
318,D672,1.3173240581295378,99.38848214285724,1.3081171911105611,102.750249262982,28.66879617127872,1904.448205578467,25.074359052643956,1904.521951904505,0.0162703544165112,0,1
319,D673,8.885785748844514,1068.013839285714,16.573102504834154,3027.78030027489,43.77653768981165,5862.918388784202,39.776664851604856,5865.028214952327,0.4306568853553028,0,-11
320,D674,2.0990865441461355,117.1462946428569,2.12595712474001,128.30468518524737,0.9329162572802168,51.77947479462279,0.937049995555743,58.43670097720388,0.5770513056170461,1,-1
321,D675,3.448418285802868,266.07598214285724,3.375146753209034,299.4593250942133,0.6748465933035042,52.522403646335015,0.6717623073854974,66.61323725421029,0.9217563085895476,1,7
322,D676,2.467264883810354,192.72611607142852,2.432340656409505,208.1921753289971,0.7644796139598633,60.31297839178952,0.7653046731542595,75.91494621487338,0.239435239832767,1,-1
323,D677,1.738491660545589,313.830803571429,1.716550787252253,381.2010701952042,32.95689415042196,5140.49883106468,28.29163367363673,5143.471208655609,-0.652862209630964,0,7
324,D678,0.8811977497585431,54.85223214285718,0.8762014804861742,75.16878981368245,2.423226533845689,152.39328063528106,2.4561012882252715,160.13212983249022,-0.4303841480273239,0,7
325,D679,2.352831344967805,399.859375,2.3183924898366097,450.0626676943117,42.54150222212803,6019.876628556796,35.07708772503737,6022.428246066012,-0.7341407965511808,0,5
326,D680,3.241743404711643,174.2264285714285,3.1797061081993165,191.95957812194908,0.7842900121475288,42.76917197091955,0.7818690785403913,53.28049657079194,0.8020333668868388,1,3
327,D681,0.6736160907810443,113.01249999999996,0.6701949024321692,139.47495622934838,50.78404882742385,6807.606460839966,40.49962431264628,6808.170999660554,0.3427806029450043,0,1
328,D682,1.0302017448981124,160.52723214285717,1.0234562780739618,181.7560414460015,44.92668697165831,5742.647161526831,36.685305645813415,5743.10016403058,0.022812317142283,0,3
329,D683,1.846664987489005,145.6510714285716,1.86711878323443,161.11287974387366,1.401958276751159,109.6319372486915,1.396775867212251,121.9408878617372,0.2552748073031307,1,1
330,D684,1.5638798298974983,281.1700892857147,1.549629378574197,305.37223671250666,57.35112567636912,8068.023853022813,44.56959115594383,8068.790239529512,0.0083053588753352,0,1
331,D685,0.8385051091701009,152.5745535714291,0.8335271959270156,182.2834248893672,46.49336863173924,6887.008992215435,37.72325673592978,6887.591277063169,0.1011165158038121,0,1
332,D686,1.572085787109868,62.59830357142862,1.555638039438226,72.88217467936393,1.2579806939462996,50.4842680472856,1.2614263912285315,59.75766577587552,0.2468331027786766,1,-1
333,D687,0.8307607947485933,163.56651785714348,0.8268312648848116,175.06882467568576,38.0782852289771,6322.875457321832,31.987790426285876,6323.154365833551,0.3124456136912971,0,1
334,D688,6.463045849550833,238.95258928571437,6.750240059267372,272.91712571622844,3.576510638914136,129.25728163138402,3.5222163739207293,166.32014377563988,0.4648821291534249,1,1
335,D689,1.023353010077472,177.83392857142826,1.0167306026970393,200.904591367617,53.74668609605492,7391.691739146053,42.3619846070177,7392.170663133159,-0.2618947783969778,0,3
336,D690,3.463647654945534,196.4821875000001,3.388611550786316,230.22218351507703,2.323338756057772,132.32857799785293,2.311294239124892,166.0006807111737,0.3351307170261698,1,1
337,D691,3.860266111689914,199.79745535714275,3.776204103540928,215.2089269449629,0.6788225217354907,35.47606649768776,0.6770719006498724,41.55591486443085,0.9098386641608616,1,9
338,D692,0.9930024761140478,169.8004464285719,0.9866973911823508,192.89279523818232,52.35484832364633,7122.913145174457,41.49253970368797,7123.393136000963,-0.2545774870654927,0,3
339,D693,0.9653745344190808,146.3397321428573,0.9601999433158788,154.71452237818477,41.256631630741445,5207.997699389908,34.201200597736204,5208.210208143265,0.1835108970388217,0,1
340,D694,1.1097905014528282,192.93214285714308,1.1024976748670463,210.95233652849285,54.76253922998249,7505.3071004811,42.99033052194978,7506.009254895229,0.6150225836850108,0,1
341,D695,2.11001461615132,337.17857142857144,2.132879462861249,404.3155872947075,1.4923379278885749,236.64920891483845,1.4895688420229896,294.7659152420491,0.6311424870639933,1,1
342,D696,0.938796715569587,135.43348214285717,0.9338752108165568,143.57973757023174,36.726425736100616,4496.07068110387,31.02831623753549,4496.291519923378,0.2187884566979652,0,1
343,D697,3.4892150073844155,274.948973214286,3.478035739298414,310.7850817421171,1.9999920560042357,157.59672221743585,1.99485091675042,186.77001903997808,0.2494837046464745,1,-1
344,D698,3.612938900407232,169.80482142857136,3.5216508086490217,204.36586162768992,1.0115562305929775,48.1465365764293,1.0083394308783955,56.72283451556599,0.848441806617352,1,3
345,D699,1.121232865519572,191.7535714285709,1.1138033409944186,209.46234350883705,53.22587185894909,7220.279358564653,42.03752353752836,7220.985320001986,0.6013153079033177,0,1
346,D700,0.5191720226228219,92.74508928571466,0.516832662598324,124.33800473882928,52.184806556981954,7395.251880175317,41.38550699210099,7395.911381463482,0.3952553441826135,0,-1
347,D701,2.028793822115562,103.67821428571447,2.064335082971722,137.95618745508622,1.1787530890794753,60.49863318763313,1.1845411703994522,76.40214541641555,0.8287572013930268,1,-7
348,D702,0.9612137405682948,143.3500000000001,0.9560605421010148,151.88894125093643,39.77960603941351,4970.759751625163,33.17988775175094,4970.9745677968185,0.1913310345057276,0,1
349,D703,1.4601782419441374,268.2196428571432,1.4474521853488171,294.8464905429457,59.0098650247696,8422.194688396788,45.564990107072845,8422.981885386847,0.057091604817046,0,1
350,D704,0.4948131211389103,83.62678571428503,0.4927103192452369,112.4922594311247,47.766535795884565,6517.04562657403,38.55698540858693,6517.719658958666,0.3954478726371588,0,-1
351,D705,1.8801894007587767,87.38785714285716,1.864098513235552,94.1848953323258,1.0078547106733124,47.05376417829594,1.0094357722011618,57.73781647392244,0.3481522745652449,1,-3
352,D706,0.9474318955838108,173.328125,0.9417216759104348,196.4324347885094,50.20253674329032,7363.934051280157,40.12868378700682,7364.787368019814,0.627722240121298,0,1
353,D707,0.8214583623033933,150.56919642857116,0.8168052024952044,177.5863752915014,46.55704881929911,6942.264613353581,37.765208058363584,6942.810420700735,-0.1294918277853805,0,1
354,D708,2.9120615659172087,185.0075000000001,2.8576305160599413,212.38523404998412,0.6246160760674282,40.01911355753249,0.6229412517487748,47.85937458003792,0.8965355453977103,1,9
355,D709,0.5184807814624354,90.96562499999968,0.5161521050821142,121.99366838306796,50.80613452250308,7110.086089726092,40.51359528812375,7110.749053850576,0.3859555051477149,0,-1
356,D710,0.9751397115951532,181.606696428571,0.9691487911921166,204.82763445243236,51.69680981123984,7675.194233109018,41.07782418746388,7676.042748647389,0.6116946271222983,0,1
357,D711,0.8330982893863482,161.42366071428583,0.8283419732481546,189.79986593760577,50.805402135240506,7873.210068777664,40.5133045978418,7873.749877551666,-0.1531316185745017,0,1
358,D712,0.9031636185570544,159.18616071428602,0.8978202034100361,183.05819200504607,47.21950934759556,6751.440401264096,38.19959204194575,6752.304496987335,0.6035983679844171,0,1
359,D713,0.951219905030055,63.7916071428573,0.9554279007895632,71.42876111286203,1.599045806630332,106.80807860502148,1.5955991390381032,125.2662650023,-0.1596788488594461,0,3
360,D714,2.4066378137806024,467.6156250000001,2.3704074590023003,527.8919366526868,55.63415088470419,8542.50470840105,43.52424310536036,8544.857068916202,-0.7862503215380304,0,5
361,D715,5.166874871569064,274.3795982142857,5.347794303304898,312.88133652732654,2.1851432678066267,114.93154004676612,2.212427552369343,138.21603428150635,0.8202230675685755,1,-5
362,D716,3.197932393558358,267.6173214285717,3.2671284626407804,308.0190042218671,2.076571851250636,172.9047209349126,2.0956601358751668,203.6242670685336,0.2923451492586708,1,-1
363,D717,2.3845343555701706,445.2495535714287,2.348790368844107,503.8632450669057,52.22695978039634,7809.762227700267,41.41039727605816,7812.137798385851,-0.7755841669908362,0,5
364,D718,1.7329262339526978,310.1249999999997,1.7117649351199138,371.3694076549172,45.962786347030665,6728.791120120529,37.37134037171931,6731.227010750247,-0.3879719354885598,0,7
365,D719,1.3494831886008305,235.09553571428555,1.336240749236558,285.3765707476637,43.033753301869815,6201.295568974928,35.41242273848813,6202.647753997127,-0.4277524770448154,0,7
366,D720,1.7118442530499922,256.810714285714,1.690442474239328,312.83889269813943,28.77476985467801,3797.911292658192,25.15265819468552,3800.605984356861,-0.6336307928113544,0,7
367,D721,1.7282653966032433,297.19419642857144,1.7072541358582858,355.5608635165298,42.56397072398871,6071.261374524174,35.09247118187325,6073.753909548736,-0.3646662312139604,0,7
368,D722,1.7500128338584289,300.08616071428617,1.7271293276545243,370.464126488743,38.89782175076743,5618.320134635384,32.56158172625123,5621.099010978081,-0.6948819402855065,0,7
369,D723,1.7461823711983782,273.1870535714285,1.7247659795149874,326.6076967911756,33.23200844763522,4485.776294246532,28.49394620853029,4488.569261801977,-0.401908885514052,0,7
370,D724,1.833970567727842,28.672991071428555,1.812403969863149,32.71051490246142,13.83187065439804,203.7741858730883,12.933989955858344,204.2454960315118,-0.416224617379783,0,7
371,D725,1.274786178358286,100.0752232142858,1.2855941710552572,116.27045998103748,1.140921993563723,89.43131724703373,1.1440205986815553,103.86890764402992,0.2660457240135772,1,-3
372,D726,1.7295779944726335,270.00892857142856,1.7077690293057586,328.6414405477687,32.213324525187424,4359.358064815493,27.74186478751144,4361.901511835812,-0.6558553404449485,0,7
373,D727,0.8662798115335909,56.75374999999998,0.865472752325865,69.14572350208812,0.6080254309171967,39.80800966935554,0.6074516085579461,55.22896134501652,0.4852842974436612,1,1
374,D728,1.666176094486145,227.50892857142844,1.6456839806648904,278.5897513934658,20.05538326832125,2504.1785422925022,18.22426438982871,2507.5603356618008,-0.6124555570537256,0,7
375,D729,1.3853719848685175,232.67946428571435,1.3713602813624657,283.06476858536394,43.81177631882616,6068.189577159402,35.937595835359865,6069.524455925744,-0.4796280905694375,0,7
376,D730,2.380862609073348,369.7687499999998,2.345477243316827,416.98185016920775,43.34239086998859,5587.021605980616,35.61983061967308,5589.38717862996,-0.7606399677276326,0,5
377,D731,1.6182840688630955,80.32437500000015,1.6357375971811232,92.12436637726726,4.091084578493896,205.9669743246906,4.182519594416397,212.5512535362111,0.4488060344432525,0,-1
378,D732,2.3770688211181827,411.1540178571423,2.3417466988626425,463.9723768518817,53.05705056269645,7324.238611231734,41.930578698776834,7326.468268017542,-0.7600437579501945,0,5
379,D733,1.840531981058681,117.38049107142857,1.8185745396913109,134.72779473036505,0.5387993775307938,34.67384050667787,0.5393418328192817,38.14808585117836,0.6693480429928106,1,1
380,D734,4.664502839637706,231.81919642857144,4.555968153239632,234.37924802519296,1.1053403363892949,55.673750338822174,1.0968907984640213,81.13101768388864,0.2692913502374164,1,3
381,D735,1.8480367665790136,29.086160714285743,1.8261416673189843,33.1812725215528,19.98096368084793,288.03131379586546,18.163142133101392,288.3781182194457,-0.4279998800661606,0,7
382,D736,1.3705530184739638,206.71696428571445,1.3568868726726315,251.03491726749925,30.713184321310017,4036.6975477641863,26.62278543557715,4038.325594611558,-0.4257076594162439,0,7
383,D737,1.3491313872127346,237.17142857142812,1.335677611986215,290.30387394919603,47.09159188154931,6734.688461042276,38.11535777278968,6736.01416046233,-0.4479415651869572,0,7
384,D738,1.8468887849715545,323.7227678571435,1.8251230335405293,368.4305136749783,46.57301124850388,6669.636722428878,37.77434376170106,6671.4885128837,-0.3885880441922869,0,7
385,D739,1.7193834466798523,281.88214285714264,1.698454434400105,338.3482673140495,35.21982498637956,4938.4373370250905,29.943320717070115,4941.293970695906,-0.3605455515154482,0,7
386,D740,2.053743056331958,147.2959821428571,2.031408479062641,152.4859674307155,1.184765674610479,86.09099246292915,1.1898393629538329,91.96014141293914,0.5040061112978691,1,3
387,D741,2.448186627383375,20.65697321428573,2.415882338099053,21.606224865462792,0.4948306856333205,4.224071358307128,0.4936458953201059,5.08628303365755,0.5855103998628512,1,3
388,D742,2.026383546734419,142.01169642857147,2.004667334255406,146.91608883013075,0.2816705700172793,19.92604846234521,0.2812878773524903,24.01384102339961,0.7266386930870538,1,3
389,D743,4.206225888662866,30.820589285714284,4.324735723181368,35.081126791717544,1.1150207815074549,8.095957448484016,1.1259368982346472,10.785676723666608,0.907953863240448,1,-7
390,D744,3.4128437815395936,41.99549107142858,3.3443216421010016,46.136743583116505,0.9810894030198188,12.197374352566564,0.9776989263514014,15.416226802851847,0.7094883416704995,1,5
391,D745,2.446101642437274,21.906714285714298,2.413980486714901,22.871052020161404,0.7291687728596224,6.599928603080522,0.7275702750035439,7.795274132907419,0.2205645652061886,1,5
392,D746,2.1060463807583787,20.64484375,2.0826024471238767,21.356496807406536,0.437736997827176,4.330184460485774,0.4373389326023508,5.135959444936752,0.6002863937806959,1,3
393,D747,2.658245140464841,30.03116071428573,2.62105493392582,31.04850617255001,0.7655817673771657,8.76402842341312,0.7659128304463093,10.0033167707776,0.5115440532380661,1,3
394,D748,1.1583389368723491,7.405250000000008,1.1642162169720058,9.731803466661642,1.7568274338581162,11.29034352433076,1.7807564886275713,14.285345493768547,0.406158393482566,0,-3
395,D749,3.300229446002372,47.09339285714288,3.223420779508072,60.50310507684487,2.12275775347018,30.37042207202265,2.1143549988707044,35.87154886821299,0.7056107508013009,1,1
396,D750,2.1085025216226905,19.43868749999999,2.084949439650297,20.13179297774749,1.0875436957104767,10.09855100666586,1.082600896250432,12.35953470553905,0.1402875182638489,1,3
397,D751,2.997057734355808,40.06575892857144,2.9447063412477883,44.09872497973349,1.0460612548466928,14.105621631213028,1.0442857219351442,16.907611766514542,0.7353322652313868,1,5
398,D752,3.1217587394188406,32.22714285714287,3.070426468619759,33.37154381934048,0.6552675259133994,6.853285261435076,0.6522286011799934,8.565022604452937,0.5331898839088266,1,5
399,D753,2.451936674570874,23.713415178571413,2.419512982986738,24.81951916620185,0.4238535838721519,4.151185775031349,0.4224488768646381,5.9944127540468415,0.5792260707100977,1,5
400,D754,2.5202669531763147,23.940187500000015,2.4860123620921075,25.06060062857545,0.4931611699097568,4.752270831643979,0.4934410349819796,5.475829787128167,0.7063957456299697,1,5
401,D755,2.164738109334759,25.273883928571426,2.1781928111037487,28.900488809567204,1.1419262420501508,13.294069679977172,1.1463776559539731,17.513660562907823,0.839481149334274,1,-3
402,D756,2.580759050626637,24.94906696428571,2.5461936052632783,25.60421363729212,0.5665957445159777,5.532401156500214,0.564990357368709,7.1760418984307695,0.5637127147086605,1,5
403,D757,2.3856275888443585,33.46683035714289,2.346946190880665,39.53223160377844,1.2453248677975268,17.576688111275253,1.2472061403162509,20.19363096259594,0.5103457274331391,1,-3
404,D758,7.232986374115395,55.06011607142856,7.631343670383615,65.67521110226451,2.988165869923932,22.155691778427705,3.0319282993230643,32.54070211140429,0.7102473164538018,1,-1
405,D759,5.322289105666429,50.41053571428574,6.6325449891191255,124.03151108924035,4.33707439439421,39.54150969474266,5.747389257907137,127.3006500584668,0.0217165162804271,1,-11
406,D760,2.5324547786035407,23.033093749999995,2.4991996609569016,23.624892687462943,1.815040836315752,16.632918374579553,1.806626597345307,19.22714401107136,0.4404287452356076,1,5
407,D761,1.9698918585024343,20.16428571428569,2.0834387672538197,46.58602431938317,1.939846566732998,19.887249267893683,2.0809591820860085,50.736817929596825,-0.0252487134974671,1,-9
408,D762,2.4083324463636475,20.071325892857143,2.3728889034492004,22.7023857128612,0.8688986853437177,7.273457382400506,0.868629806027661,8.61710727671186,0.7399241952720153,1,1
409,D763,2.0685846008244404,24.64281250000001,2.045810993594624,25.58223848752033,0.6946698633485077,8.336317559685344,0.6923504709379644,9.844480394014765,0.3860143204940902,1,3
410,D764,2.633571032019569,27.893928571428564,2.5970383148590312,28.8489052572608,0.7603291952654142,8.123268090133106,0.7576799980544163,9.68319762369654,0.581859495082915,1,3
411,D765,3.021004111823172,25.34788839285716,3.0858372317870533,29.655268631874307,1.6158617036049137,13.443160415268023,1.625570592516089,15.799715290708551,0.5915114916543648,1,-5
412,D766,2.650514020615208,26.31036607142857,2.607840665888656,29.314374107295148,0.8860709429939165,8.947627384998157,0.8892177045793265,11.076223939556606,0.6698889439134057,1,1
413,D767,2.1961063182373968,24.68093750000001,2.1707222039004685,25.49129469043148,0.4452287596820609,5.058958816139677,0.445197563980981,5.756503364882667,0.7225522176546008,1,3
414,D768,2.119038670357545,22.750535714285743,2.095364072232679,23.513454696954145,0.3428443701455566,3.717240113989565,0.342405984615553,4.98326517490096,0.7277363446741244,1,3
415,D769,0.5496969787334347,55.8322321428572,0.5472254172525294,79.62426385971108,0.4394383447322887,44.686511169703536,0.4392222720331404,56.52157944004741,0.4617008182474849,1,3
416,D770,0.3838429720796951,40.98526785714304,0.3827709486424538,54.33762162007015,0.6290031433875896,67.30124535376437,0.6296691549926179,75.2845846180989,-0.5245506923902474,0,3
417,D771,1.917267114105421,91.3800446428571,1.9485294559637183,118.69353773725814,5.77881818179915,282.1693162189086,5.966106362517567,293.13878922814075,-0.2257109352852566,0,-1
418,D772,0.5577666170381658,63.7008928571426,0.5552630980924753,90.57697702364013,0.4354167272174228,49.70585055833791,0.4348472311658091,61.813016210129554,0.7460692001431282,1,3
419,D773,0.3004625546153111,35.87857142857138,0.3001631642655391,46.30271627667472,2.357470189290803,278.49768438632054,2.3296395959927203,280.43065060791656,-0.3897917474963688,0,1
420,D774,0.9626738628820548,50.172142857142845,0.9686856735749964,58.80212799794791,0.7815951941844796,40.61461103884085,0.7830351387065566,48.40263660822442,0.2833047001024667,1,-3
421,D775,0.4168537802366652,41.42995535714272,0.417566526646431,54.61431192352936,0.8432621365361406,83.8456210575944,0.8426735633679648,99.0732127923898,0.0206597836152645,0,1
422,D776,0.9581215121944964,98.23883928571402,0.952144860134176,113.26400852782008,0.5048155876725688,51.989095551187866,0.5065778064711935,69.39127101531204,0.1635138406637283,1,3
423,D777,4.895948693811246,428.4411607142855,5.0335697650094735,451.309432247608,1.1514516083763864,98.41160234936004,1.1581985235691583,120.1860349268141,0.7470665521536811,1,-7
424,D778,0.4529209459554624,55.133035714285406,0.451050972107883,81.88486871413035,0.6493770295144995,78.90172701297173,0.6460985352574743,98.85073139577894,-0.5685624980504959,0,3
425,D779,7.587211783893047,489.4703125,7.995098790506272,565.9833640588549,2.719903654802022,174.90566895835505,2.769102141756782,255.97056267833256,0.7786903971178454,1,-5
426,D780,0.463598522394143,50.1589285714286,0.4616150679256814,74.36382047581311,0.4287649339541788,46.43979935232606,0.4283313040929989,56.22155084327502,0.4919022842946275,1,3
427,D781,0.5540722790427824,64.73169642857101,0.5523142134945896,77.36551841931981,2.275390588243995,263.39984366939046,2.2485460255059238,269.9980603523642,0.1783634911759169,0,1
428,D782,0.5640317296550893,58.59017857142875,0.5621553866339126,69.97492224578451,1.213145661184742,125.63608847023704,1.206632725914154,153.19101244612435,0.194860718907769,0,1
429,D783,5.361320386816279,424.4989285714284,5.199207435211345,460.7911345966017,1.3065767260288126,104.72353999474606,1.3012471349533956,147.11397077287094,0.7097278163908639,1,7
430,D784,2.297186580027205,244.12901785714297,2.268083898840113,258.70305080554,0.9286447963725994,99.61487309447746,0.9245222877847435,126.5607641052974,0.5344797232136905,1,-5
431,D785,2.261965253914534,215.6896428571428,2.2336047052745824,229.1178917581874,0.9552539991057865,92.01664447459268,0.9517950288414482,112.82790675415345,0.3363863950616365,1,-5
432,D786,2.244242615831676,230.5967407142854,2.215125401966681,250.3067003013639,0.8757085508220679,90.89580016972324,0.8730831599529424,110.49231450239093,0.4825198226898149,1,-3
433,D787,1.5792535144882196,178.99285714285725,1.5685020860450614,206.922286042218,1.1462694492281016,130.3352127137861,1.1507578792235582,147.31558761120465,0.6885026974747799,1,-3
434,D788,2.282059209612074,267.361607142857,2.2521445698682983,289.29252250448644,0.8934502390492303,105.8557490188992,0.8920172278989046,129.21537207767926,,1,-3
435,D789,5.951120262573734,101.20022321428569,6.11325829601558,123.13779381057968,5.163098913688501,89.29369826634532,5.151393598156855,127.21317215032292,0.2849747907365422,1,-1
436,D790,0.9555527435425346,104.80580357142844,0.9488858387663456,136.83342065581246,0.9798495714282456,107.55034709250192,0.9805469955562652,123.93789482657556,0.0612369535424725,0,1
437,D791,1.0663604385535357,95.62584821428548,1.0784546829176869,139.22974062547564,0.7892304275809179,71.28737968814546,0.7947779114658582,94.63687371555996,0.8669517533373862,1,-7
438,D792,2.3081684486114877,287.70937499999985,2.27795817862337,309.19322484971866,1.3824017390600292,174.42726021161408,1.3855967979941357,195.1723430207514,0.0616034868288282,1,-3
439,D793,2.481647901296601,153.13187500000004,2.52804281764381,185.52589583247385,2.219997803087645,137.2635297334593,2.249375568351907,157.59096835086177,0.5041949531435315,1,-3
440,D794,2.386717315331279,286.21071428571406,2.3531546513506445,313.8515381105057,3.534355448151158,421.1958515122629,3.465793987732558,446.85753496570914,0.5335232929634676,0,-5
441,D795,5.335671066759738,204.6028125,5.180947316876925,216.9743335019901,1.823124140225115,71.23796802524213,1.8214475840355344,89.07957266906568,0.5524501961512798,1,3
442,D796,2.9130168534104155,344.3794642857144,2.866045509103157,366.3725175151678,1.2644652089769055,150.88081031653772,1.2535227816013388,196.0642136476649,0.1051962595401994,1,-3
443,D797,0.970898321681841,117.88482142857148,0.9771798330120276,136.07229427393804,6.744631498815003,788.6367595909741,6.523534465589355,790.8393877075043,0.1502017362933774,0,-1
444,D798,3.722494431361552,118.3644196428572,3.815247784484773,134.39883680221743,2.181889954422982,68.56254923698368,2.216534176894813,86.04980698963374,0.5618955644447745,1,-3
445,D799,2.3074346809629773,252.21249999999975,2.277166242028881,271.40435510071285,0.7894168738284827,86.9791826604048,0.785693352813964,118.77750603646322,0.611529485613112,1,-3
446,D800,2.4060707679272757,252.99910714285696,2.37202155079971,277.1965467802131,0.7268215093578307,77.19080882568583,0.7225853460139762,113.25123904463872,0.629582540336545,1,-5
447,D801,2.291330413529883,269.2459821428573,2.259886315241486,297.3008068185035,2.063978937277572,242.9359747343104,2.0382323852749638,269.3421157501988,0.1010906177730229,1,-1
448,D802,2.234688963212575,463.44107142857166,2.198982382287652,561.2003833908888,38.70888906278894,6759.749208776578,32.42297566898181,6770.165656524224,0.4956864132190363,0,-5
449,D803,1.6372483709948098,301.6272321428574,1.6195751659008093,374.2880099156659,28.96483581257685,4662.82249679941,25.28941872138839,4675.690766971481,0.51776786656108,0,-5
450,D804,1.7568269262592369,300.8816964285717,1.7355465893253894,368.4866166559867,33.17772677097443,4883.445467992854,28.447309954468096,4893.243259121867,0.5254462524470919,0,-3
451,D805,3.2869067247938406,187.2530357142858,3.2264432031594468,200.56046994114632,4.141475870851441,232.58079680042735,4.032823968604713,268.50107700856995,0.07281005051879,0,5
452,D806,1.68524842875597,293.6357142857136,1.666021553966043,358.7586410964668,40.24727442817518,5848.493074542209,33.496702147746845,5856.49433740353,0.5609705719118441,0,-3
453,D807,1.9902037431129755,361.6004464285714,1.9636000041334165,433.1941857975672,43.91872394666977,6557.955598912627,36.0015122397628,6567.424071122751,0.5500524528614619,0,-5
454,D808,1.5629321703006194,267.05491071428617,1.5465138257986872,330.9285767252736,36.14356883580473,5230.773751271096,30.602099780859422,5240.054033785023,0.5684319490388009,0,-5
455,D809,0.3641120737139561,43.924107142857146,0.3642418133683755,55.485180212506194,0.3837395682552414,46.37554914996885,0.3845614785202677,54.55737127486847,0.476733903516073,0,-1
456,D810,1.7067982312289915,270.5629464285715,1.6876693296881202,322.42502199345154,17.843758170614336,2603.2846395987413,16.37072017154451,2617.752182952462,0.6696449627991682,0,-5
457,D811,1.6510546543793876,299.9709821428577,1.62951955850542,381.5316795825901,38.49127662359591,5874.518289719291,32.271916980517865,5881.803950629807,0.5759815356640849,0,-5
458,D812,0.8958168625721857,52.709866071428486,0.8898101025354371,68.16305506797488,1.2790197161704513,75.41378136473688,1.2832524855336374,82.21643590690923,0.3242151548478725,0,-1
459,D813,1.624689243579072,210.9803571428572,1.607664656379319,248.62858253541864,19.208250260905157,2280.703898032129,17.514634677963457,2291.0822683829897,0.7240241153031511,0,-5
460,D814,1.5480663587626426,263.09910714285746,1.5320273184949178,325.81998997995174,35.680946361171344,5145.766204657082,30.269530971865183,5155.098100288994,0.5876371344734673,0,-5
461,D815,1.516064746946859,265.8464285714287,1.4973928401683645,342.38513887187383,39.72726378998524,5816.951689901506,33.137277795044504,5823.323631338125,0.6352285158280143,0,-5
462,D816,2.147959362601344,356.8236607142861,2.115090939195544,430.69749446482894,34.016888664844736,4853.154457383144,29.063140556497093,4861.888448807362,0.544286910489357,0,-5
463,D817,2.1383005242832818,376.1450892857143,2.1055615023897327,455.19466477891854,40.38924257654471,5938.8775650412745,33.59508429603598,5946.874658231316,0.5363794785390913,0,-5
464,D818,6.973374318383001,208.6294196428571,6.647964178180152,250.5813420342734,1.930496755993228,59.16369703073825,1.923334928278699,74.03017341405663,0.9080765699955692,1,9
465,D819,2.14820994573269,375.78928571428617,2.1153326082314994,453.6060115955042,39.74263086169864,5827.601719866436,33.146205611275576,5835.663249023413,0.5462535799641871,0,-5
466,D820,1.5263285107971265,283.35312499999964,1.507400324250151,364.7350090435337,45.74098672928855,6917.516410933221,37.22117659958905,6923.517894877105,0.6570553370598543,0,-5
467,D821,1.8935060420557204,318.8763392857137,1.8695588922860853,381.5253679830742,45.23168791733036,6224.633452845634,36.88026118423664,6232.6931910666535,0.592848605370648,0,-5
468,D822,1.889680169036426,335.1049107142857,1.8659859020166476,400.313430281483,25.082375459955102,3961.364446475307,22.275213564613612,3975.383037544505,0.5835233743887941,0,-5
469,D823,1.193594122166442,125.56651785714295,1.1935182287217094,141.84778026133154,1.074788473868695,113.04435158877926,1.0699389471754173,144.17227115766406,0.4713821755103764,1,-1
470,D824,2.409220748116101,103.99607142857134,2.376545751665495,118.3012210489566,1.5482662691537128,66.58905928248721,1.5392915880148712,88.36689074609744,0.6520822578587949,1,5
471,D825,2.336978557440167,268.29196428571385,2.305530939347669,290.71497701825234,1.6314222188204297,189.4808445953204,1.6338692874538552,210.3663693436132,-0.0170077998418894,1,-3
472,D826,3.010503647099159,393.53526785714257,2.960729049627216,417.0716088129113,0.8181525231278386,108.48736947124208,0.8150857953944036,164.39079284827503,0.4972472760701346,1,-3
473,D827,2.6715625026530665,264.3129471428574,2.72422754237306,317.22318614132723,1.7044035999446971,167.940928675605,1.7177047329564852,197.6555728313612,0.4753163199080919,1,-3
474,D828,4.850846184507826,150.22531249999992,4.708140697736679,168.91961820190255,1.9268539742392197,60.92142857142858,1.9080063720887488,76.4994676242843,4.534315854725367e-16,1,5
475,D829,2.0040848511184444,247.791964285714,1.978102570490848,284.7905710389276,0.8634143691413253,107.75811353148934,0.8610393964354917,149.66013561767966,0.5887513567324137,1,-5
476,D830,2.0796452979531512,22.825044642857165,2.0524489164906243,25.86341791820701,0.7727099517103405,8.554146542978758,0.7709292750305387,11.412727390179946,0.6301574727789772,1,-5
477,D831,2.4629719896613715,296.0821428571432,2.4292939161813742,314.8999843080144,0.924963147863456,112.53263464542631,0.9223850276860808,142.71973183934074,0.4618469665214255,1,-3
478,D832,2.564765052713877,308.5834821428569,2.5273391685831768,332.57701860826376,1.113961606058556,135.47365121711977,1.107642159513463,163.3686959650045,-0.6723439212819036,1,-5
479,D833,6.702700452669079,175.93401785714283,6.45582729639583,189.02262737002755,1.8383619044001756,50.20588592215096,1.8382376365872457,61.35159885595402,0.6975958227001261,1,7
480,D834,2.5329556134758917,308.43125000000026,2.496197763574202,333.5672332385212,2.04169091477449,249.5017292366097,2.013833626176872,291.3704119736444,,1,-5
481,D835,2.464276385678072,266.24196428571366,2.4306221465328823,282.89691306332537,0.7059105241339445,77.23301396856485,0.7041822040850952,98.08125520787534,0.5561055721886775,1,-3
482,D836,2.209081940198008,279.484375,2.180072423100431,307.141604309244,0.7499327620518812,95.37217753715127,0.7464718499034911,106.89025198888724,0.8726895512516842,1,5
483,D837,2.229247576355609,440.1424107142856,2.1938663158260767,531.9604234453586,33.01327806450819,5623.110379284078,28.326180379116938,5634.464619158691,0.501393937941417,0,-5
484,D838,2.2277228007591763,65.06223214285713,2.241692490219487,85.09897869277614,2.097984587534203,61.94938459751753,2.1097964000073706,76.39578503596462,0.6108999363389328,1,-3
485,D839,1.758911493037594,318.137946428571,1.7375535342775503,390.0260287752727,38.45725807566111,5845.371291078118,32.24614935535772,5854.494798992276,0.5133581171580544,0,-3
486,D840,1.6529632457878438,319.8450892857145,1.6346502549142026,398.2305088278301,34.70466216549842,5724.341479968235,29.56279289833129,5735.900773213591,0.5010788156313888,0,-5
487,D841,1.6399282105726227,319.0629464285713,1.6220091554560758,396.5703865202791,35.27198352141814,5835.304209615563,29.973845657839444,5846.767185850898,0.5143162199174991,0,-5
488,D842,1.6230474408100664,225.0741071428572,1.6059577620655396,265.7236435324167,25.59821842600633,3153.226837508876,22.684165619314022,3161.787680440321,0.7214003214429224,0,-5
489,D843,3.4949863932683303,279.4820089285716,3.418600338175177,317.0591747391084,1.4133191792224198,114.07521593181724,1.412333163290755,142.5602779681323,0.4877322461151482,1,1
490,D844,3.6893901331257375,307.8901785714288,3.6051790155670886,347.6449754593176,1.4938231704799207,125.55644889138382,1.4876843443736325,160.57700578564356,0.4006980455307448,1,3
491,D845,8.3676790193484,228.74870535714288,7.943431372903845,259.8308271733389,11.756420045022336,349.18084605709777,12.60304617882682,369.1808633106317,-0.3592559918737699,0,11
492,D846,2.0721159821299096,24.77370535714285,2.043303341537369,33.34948798324223,1.1803278656183929,14.063436072613367,1.170252290877845,19.359423900462637,0.8068011355824928,1,5
493,D847,2.13191559175078,28.54107142857148,2.1574033957908743,32.48209214046154,1.1687432221022096,15.573905985610445,1.1657828253623943,19.036252509852865,0.7356283800135707,1,-1
494,D848,1.692318100632796,22.00593749999999,1.6848383442470312,30.006603322283024,1.210641687450985,15.740838884660368,1.206242276261142,21.62934709048354,0.686829410513449,1,5
495,D849,5.128549780396355,37.576455357142855,4.959926667194975,45.96668299852923,2.34759423585736,17.113484992571045,2.326526892213649,20.47054280774236,0.9014560241616186,1,5
496,D850,1.6801627149571636,21.541562500000005,1.67329241492286,29.328158038549788,1.138053022835904,14.53593456838288,1.1375359337960724,19.392110705896982,0.7490835655959096,1,5
497,D851,2.236508786322857,30.544107142857165,2.20464967511878,40.9875828376717,1.0057651887179746,13.69687634552083,1.0000648523807278,19.125147528304357,0.8667240726273272,1,7
498,D852,2.0813121056908903,25.23464285714285,2.052464171665132,33.92900230365502,1.062885936279478,12.813154155460634,1.0529120586668457,18.363864675261144,0.8505259741734613,1,5
499,D853,9.50571809133567,93.34982142857145,10.026247117383775,97.28072967083553,2.556301392005456,24.309580881372455,2.589252020541966,27.19005146247408,0.790516811727869,1,-3
500,D854,2.2330244418031184,32.53522321428574,2.201167400628085,43.62747005421558,1.3474984817600009,19.567623247335728,1.340233396629965,23.647865483749843,0.8236968902376175,1,7
501,D855,2.247079009180992,32.27986607142858,2.214598252688519,43.37717495415476,1.1105819706734754,15.885557330971258,1.1036922416098411,22.470925444214004,0.8317434740368183,1,7
502,D856,2.011841816584216,26.86517857142857,1.99309980942392,35.67993919939217,1.2458539423868138,16.500838714137704,1.2394070794863656,22.357323921845857,0.766406513905404,1,5
503,D857,2.03891867405735,28.63526785714287,2.01900909097576,38.03795852984628,1.2003034556612897,16.757225069647266,1.196577893456001,22.426947069413853,0.7797373110853174,1,5
504,D858,3.1431151789553597,40.66624999999998,3.214677823385796,48.44233812761403,1.505753128561363,19.22407435342796,1.5111745247413289,22.896952774636,0.7005501080782337,1,-3
505,D859,2.080075148717466,23.63861607142855,2.0509389720046034,31.812758840249952,1.2481075659787084,14.118782667841336,1.2423039700975995,16.87109533750316,0.8512597170994372,1,5
506,D860,2.136535633582311,31.09401785714283,2.1061669077937566,41.89035692819324,1.4322271036373724,20.72868083571177,1.428411650649116,25.978949274547432,0.736673138820504,1,5
507,D861,2.015468794017678,28.709910714285684,1.996540663875002,38.14151080495337,1.1151374345997804,15.84525443334251,1.107456006368848,21.07881153786151,0.8275878105091731,1,5
508,D862,2.1534923901994416,32.96772321428572,2.1221963401840127,44.410549253716056,1.1523784077789891,17.571747860342935,1.149840087372778,22.771211638750323,0.8324489141962484,1,5
509,D863,4.196487409043699,52.90901785714285,4.319408930223767,61.484627672379695,1.218257940507021,15.189290592523824,1.225642644445598,17.90582382291586,0.855124015731144,1,-7
510,D864,1.996968798485494,27.89683035714282,1.9685219725783745,37.07527415632604,1.540066465124244,21.471789385434167,1.5408273831030497,25.93870769942358,0.5747048942600983,1,5
511,D865,1.993946880513226,29.739642857142822,1.9655446683603444,39.55435831509276,1.3915669142411058,20.79389928413689,1.385882798861629,25.4894322327275,0.7201515590436122,1,5
512,D866,2.527452725336785,112.70531250000022,2.569047856347832,127.48395169144722,7.754969904900004,359.89085553511285,8.121274866145903,388.85132469487854,0.1727673247733115,0,-1
513,D867,4.117349564237259,263.6925446428572,4.017819568557499,290.22663618441493,1.2369221087665625,80.30672926817611,1.224623269405959,118.61682782917671,0.4710731960918934,1,1
514,D868,4.15941843865316,418.9071875,4.057226566298954,462.3744312905335,1.3795417858925776,140.9118717928533,1.381250837421538,164.20101008150203,0.6042287146795672,1,3
515,D869,4.202309172947043,379.7872767857144,4.09847469773993,418.273178361238,1.3452157181335969,122.99469786702268,1.3350761731580068,160.141639769731,0.5930633302556668,1,3
516,D870,2.626809014451347,74.24441964285711,2.641907134222422,81.61718159015211,5.39950392506427,148.83441702571994,5.193466284947351,184.59170301977963,-0.3849357552473308,0,1
517,D871,4.269547383450445,457.573660714286,4.163169707478398,502.3328252061338,1.4728364059244996,160.2391483540727,1.4645194494714089,189.93947085698176,0.6231027563140678,1,3
518,D872,2.6825309307318914,418.8763392857144,2.6303057777480583,513.1901256875825,1.5258544205561453,242.1123871516533,1.52740884214908,314.6972349159552,0.7064680073302323,1,-1
519,D873,5.18683325407379,696.2732142857141,5.382961522943717,817.3147727508027,1.3587126319817555,180.56380286234085,1.3676880491312156,206.98649730316927,0.9253061644383744,1,-9
520,D874,2.015663110243957,21.565937499999983,1.990156511015088,24.329648194700678,1.0637713042831862,11.504077940297243,1.0679715503058322,13.6152984941845,-0.2689111217724587,1,-1
521,D875,3.8710494032953,382.3296875,3.7814679797495967,424.1025845764108,1.463932395384128,146.5296091936091,1.4585187671144904,168.90033694559676,0.5342041702517073,1,1
522,D876,4.260303454569671,40.97893750000001,4.154299615911478,45.00483021532047,1.2049671018606682,11.76200301721322,1.2002021647730767,13.91072328750426,0.654021813858091,1,3
523,D877,4.353654767494166,447.7123657142856,4.250370470423543,474.0615489155416,0.9421752004697308,98.42266802974429,0.9353348213393888,149.58438907622136,0.5377336246089081,1,3
524,D878,4.350958718846456,40.155910714285696,4.247905994464831,42.496398421575016,0.9777395330539684,9.227546310573157,0.9764419348982628,11.1941857711907,0.6097860028538923,1,3
525,D879,4.352249490735569,448.23093678571433,4.249049776292512,474.5679105889706,1.0252665054983443,107.44572925544408,1.020889711734002,147.58660441593906,0.5883595339844638,1,3
526,D880,3.4914857206739445,278.8713839285714,3.415175313866995,316.5280290801862,1.9490542265460364,157.40496072313258,1.9383912512058017,180.41611948579973,0.1969286335698161,1,1
527,D881,3.5026169738715405,302.17562499999985,3.425120495233062,344.3738854033038,1.128154116944399,98.8190629412086,1.1310462449071992,135.74093227043244,0.6615740151896136,1,3
528,D882,4.206661981670487,418.1934375000001,4.106117200497263,452.4470477708737,1.4252829818616963,143.3684235020498,1.416137051041256,184.9949142332949,0.5514318518996327,1,3
529,D883,9.492975411655031,183.43388392857145,10.167337912978349,214.02979844147507,3.790943234791917,71.69901889168572,3.886836962039612,84.98422221460719,0.8612440131473357,1,-5
530,D884,3.608491026980869,330.5160714285713,3.5275205561769765,374.0624640083822,1.2828576199258634,119.20557732458148,1.278094861193172,151.8133576973175,0.6238320035315248,1,3
531,D885,3.513049813103696,303.4181696428572,3.435042336912798,345.9093023989566,1.117373863404134,97.95824535121235,1.119238825545395,133.17640113175486,0.6582003397131078,1,3
532,D886,3.2705114714220698,127.9625,3.349393941717207,152.83617776811096,1.5794388095063154,60.8785205407432,1.6011552031050351,82.87374700520697,0.5560591373231712,1,-5
533,D887,3.2147324377211386,298.436919642857,3.147783620363229,344.03771494520083,1.141121295743472,106.97899512025415,1.133314171534741,152.35545095618866,0.5665595078255825,1,1
534,D888,4.201557446149494,417.1979910714286,4.101368585682647,451.10495377047977,1.3866481052771444,138.64034201550865,1.3753092142733374,183.65719721319792,0.638574873863494,1,3
535,D889,4.256659930964238,385.6555803571428,4.153854055433226,417.0049971134711,0.8360577300256982,76.7729050241617,0.8321662755354935,105.21363776294892,0.7655373364110729,1,3
536,D890,1.8374786120653743,371.2580357142854,1.85312190432432,414.3191027599742,3.138544254835486,639.2348559737927,3.2001857134304763,706.6345301293898,-0.308684275616869,0,3
537,D891,3.227917315407147,299.99553571428544,3.160640718050906,345.27411556175616,1.0529508193778117,98.85282166422674,1.0473863282895055,133.0909850402059,0.6407913406960172,1,1
538,D892,3.700031404297589,337.87348214285714,3.622377964913959,364.53669181880537,1.0090265751984435,93.23633329951656,1.0039807404444592,120.41022716290776,0.5761020037131944,1,3
539,D893,4.091215448338029,70.8848214285714,4.000744432022143,74.7895096835469,0.9718568668249896,17.122266054133338,0.9724985703874596,20.792429469598336,0.6946336861684054,1,1
540,D894,1.200192175055875,19.229330357142885,1.2078656342344456,22.556355094780518,0.845346634796802,13.536768825395075,0.8453220411638198,16.2929414123784,0.4088888802274434,1,-3
541,D895,3.7506689532747,41.30785714285715,3.674798760988595,43.43969952100784,1.1066901363399444,12.238717734692775,1.0979868290006052,15.913303553597077,0.8380937377252854,1,5
542,D896,4.35550048020696,55.30165178571429,4.255864209418117,57.4511680945626,0.8298154584854217,10.660386376225931,0.8256151054479398,13.30412210899522,0.8506264453403045,1,3
543,D897,2.21665945494831,30.88714285714289,2.250875267092574,36.032629994636274,0.8262131896838266,11.432296322494738,0.8285110754517518,12.624455457301012,0.8893097503573499,1,-5
544,D898,5.453854356688208,68.40499999999997,5.718196746775722,88.2647360069537,1.5295140897697783,18.853107376609923,1.5463668838759974,25.28969733123928,0.9161614631287288,1,-7
545,D899,3.778389858068197,41.18928571428577,3.7014518312908815,43.30128628865703,1.383389651593543,15.21461931026504,1.3755457851188662,16.58998747391261,0.9416369438751502,1,5
546,D900,3.405135262212554,40.34236607142855,3.341906103152699,42.642644766788,0.8383922935611033,10.05891620265639,0.8373849933558905,11.580415106330424,0.646540683786371,1,3
547,D901,3.820956484372688,44.195000000000014,3.741067465407976,46.86493542665607,1.0023013290018712,11.808875980357843,0.9973664705064214,14.654980493533822,0.5144036772167832,1,5
548,D902,4.411081502490631,52.79566964285714,4.308781484089674,54.88487995152696,0.6946460213889047,8.436528837829671,0.6926688737540881,10.730352392139462,0.8151048625981392,1,3
549,D903,1.454793508884139,31.5057589285714,1.44015857789917,40.64720036642556,1.125349272956531,24.4381165309826,1.1228286960406209,30.24148865601454,0.5358728465565338,1,3
550,D904,4.335862727142257,54.50540178571425,4.2371535490547805,56.61213943680913,0.8315345568078192,10.538896386917404,0.8254388043798759,14.796250527986906,0.8791009989236799,1,3
551,D905,3.40992336961261,39.99294642857141,3.346462504896709,42.29233695640822,0.957765446749059,11.41166494101198,0.958489632806244,12.623848437717102,0.7260357311811402,1,3
552,D906,3.77562762453794,41.60294642857144,3.697435194267287,44.16610298396475,1.074702138082852,11.953938686680772,1.0729617114118088,14.825265487640507,0.7442920049836464,1,5
553,D907,3.871687482897372,45.20816964285715,3.793784044157608,46.6358843430061,1.1983452599410376,14.185523507596356,1.1889502873686295,16.61122928329197,0.4765065650485395,1,5
554,D908,3.215006477957262,31.310593749999985,3.157986335976072,33.2752102808564,0.8890092704838686,8.77251789966171,0.8879753822308923,10.545292253746084,0.6847529571860257,1,3
555,D909,3.608885488813746,35.835691964285715,3.537991212515754,37.84884054310396,0.4367857328585118,4.373034584759466,0.4351763130765704,7.013346579606781,0.8543917081182887,1,5
556,D910,5.46481231862998,49.26347767857144,5.68308566337758,58.42201513375096,1.7250302295127653,15.52585521311855,1.7354693031543456,17.746773130153336,0.9091091716102384,1,-7
557,D911,3.906186528329731,42.9975,3.826737843945743,44.402418288741806,1.2373154920925702,13.78669477785768,1.2321233069873565,15.872380875274878,0.6679544166931264,1,5
558,D912,3.521513773748604,39.13991071428573,3.4530597188001297,41.640258610690445,0.7188378499389665,8.07492949217952,0.7170014478999828,10.5371513575569,0.8028408220413714,1,3
559,D913,2.58443883853933,415.3714285714289,2.539428762200292,487.8958681678124,23.12351436588862,3362.23221800104,20.719590394199177,3370.58808875999,-0.4655141199286087,0,5
560,D914,2.5642687728187314,406.3290178571433,2.519906851999131,477.5244748045788,21.93976344729588,3161.628483188284,19.76326977104013,3170.2612899208657,-0.4478160599606243,0,5
561,D915,1.746911015409078,162.52464285714282,1.771041423015541,207.24060265453772,1.0853435352583678,100.944959033353,1.0845878569493062,112.4992314206946,0.7319264908913878,1,1
562,D916,2.8238721570888607,334.1151785714288,2.770905648231824,390.2288994521471,11.56491530505641,1307.6786558689632,10.922734442603854,1320.675574598769,-0.795109161519779,0,11
563,D917,8.310176680912617,510.73138392857135,7.925238340395325,567.3641505615091,2.5401630438436067,157.1741970105091,2.5305139062300666,192.15598854812103,0.8336613061554976,1,5
564,D918,2.822869938312409,318.6718749999999,2.769833545554603,372.57605175897726,3.7975349415665938,439.9322460177843,3.8836087267173287,473.8409908957082,-0.785458802318882,0,11
565,D919,6.648372144002559,393.05526785714267,6.38859480457353,437.6933712070002,1.605530148236988,97.50135960378675,1.6038437183519414,130.66934088598367,0.7772533814609023,1,5
566,D920,4.063879450950479,430.3397321428576,3.951991104709797,522.2139564421979,1.4525340347485398,153.80223175791812,1.4366716119471812,200.05087078494032,0.8858513445880556,1,7
567,D921,2.9736784805266625,249.1914732142859,3.0352520138278263,290.0117601141243,0.8278796040236194,68.93728857974995,0.829926682829756,80.0089027938155,0.9046674036760116,1,-3
568,D922,2.8477126005007345,361.29017857142856,2.793629701113368,422.9002557014141,23.92074815651952,2737.899647858362,21.35596731812913,2746.037535920025,-0.2599956210265078,0,7
569,D923,2.7979433475466577,334.47946428571413,2.7455752539630134,392.0268303571401,13.969554505332887,1577.479311866198,13.047881086169731,1588.4884248704764,-0.8142884792757592,0,11
570,D924,3.383356925366241,465.970535714286,3.3153266092640257,514.716197471706,29.22335685734324,3560.633787740211,25.49052509616821,3566.781349779083,-0.4894621094197224,0,7
571,D925,2.960459186245385,371.0995535714287,2.9077941418253994,411.530167433868,10.463114062112048,1262.0660727561913,9.935138201577344,1273.588705520258,-0.3862398283137296,0,7
572,D926,3.4125092922028566,443.7830357142858,3.343178933976642,490.6966871535635,21.93228633308885,2606.9804767361097,19.756775529732906,2614.4636951440148,-0.6178496712026749,0,7
573,D927,4.395422605438526,537.2191964285713,4.510231940433807,574.9662323959967,2.4417613513466527,300.463650010967,2.480889350447695,356.5356361604192,0.94616787061996,1,-11
574,D928,1.2602485084811057,80.7284375,1.2485627696817752,99.24314220007544,0.7787592903215792,50.260939040607546,0.7783014192572358,60.964988578774125,0.3632999168429664,1,1
575,D929,2.829849955850592,355.4214285714287,2.776333548633261,416.44077411825833,22.7858669582427,2594.764524277564,20.44582437345867,2603.1767838802352,-0.2325193270088661,0,7
576,D930,3.141846827305153,447.9419642857144,3.083549262091449,492.718276508575,38.70651227990402,4683.690290342375,32.42512559155944,4687.820045077575,-0.3403692269701842,0,7
577,D931,2.5280483501164577,334.0982142857143,2.485403982415349,390.5840130211152,11.427238512178109,1442.3730920912326,10.801447974787736,1454.337278012702,-0.6443212828655395,0,11
578,D932,1.8746393079676549,203.70580357142848,1.8831765438018504,269.66663243323126,1.8376028797463757,201.67124171565723,1.8448686472238176,241.00414901786743,0.5972291995737717,1,-5
579,D933,2.582413777151279,364.9285714285714,2.5381588975282123,425.50168007762784,29.13835164756832,3628.1301625186034,25.426788816301904,3633.590234344848,-0.7308617337451981,0,11
580,D934,2.213316031040105,306.692410714286,2.179851151738433,362.4124366187781,32.812258108677774,3935.334186735133,28.182704050118403,3939.505505830642,-0.4996539051108954,0,5
581,D935,3.180662546306336,447.8749999999999,3.1210280134663737,492.2144333277072,37.59725561744767,4515.284369121428,31.642707491490302,4519.465107189535,-0.4397719360001902,0,7
582,D936,2.5043612663098545,372.5500000000002,2.4618131158637704,438.9653015124541,13.504383155776562,1898.9453016830296,12.641494409900409,1911.5798947303024,-0.3773344423705095,0,5
583,D937,2.1777152781230877,282.1732142857141,2.145218122562516,333.92793983300646,1.0412695181945102,138.24824971193317,1.049809037478525,183.6635437746999,0.9073962620179976,1,5
584,D938,1.4426293400855177,92.36089285714284,1.4296601692258826,108.43850349654042,0.9581599120886196,61.68243488294775,0.9588164543629376,74.80067305788943,0.5739342856261256,1,3
585,D939,2.68636038151718,362.6504464285716,2.643307916019165,400.2532174690269,9.818394906342364,1277.9046138579329,9.35256725352013,1288.5706212885516,-0.135243246275414,0,7
586,D940,2.597949166378929,365.5321428571429,2.552609604184305,429.0219668191746,22.948646856486626,2923.0848930365783,20.578455766842136,2930.965229100233,-0.1903612555202627,0,5
587,D941,2.564767857315295,381.49374999999975,2.520528163729962,447.9816687122721,35.528077524857565,4526.812673251863,30.1623080055024,4532.501576188634,-0.1148772498694186,0,5
588,D942,1.09310100395537,105.59656249999988,1.094407088197756,127.5452344853678,0.946804715010064,91.70407250019448,0.9501329660240424,108.47460501575728,0.6802690843814407,1,-5
589,D943,4.171974114634954,39.21629464285716,4.079940362614206,40.86156245624382,0.8209478425827246,7.820020074771411,0.8183863143290304,9.25792700824627,0.826335318549994,1,3
590,D944,3.5870702322605306,37.51727678571427,3.5158840176549,39.98369522010491,3.987077750697109,41.3878265051772,3.899573639216099,43.87477331781405,-0.2567014235588655,0,5
591,D945,2.093010203334313,15.053758928571442,2.128808132497288,19.145248384195025,1.5424584020528738,10.97892905349345,1.528514839039701,13.343112269550044,0.6043090982913709,1,-1
592,D946,3.2070845056968467,30.886549107142866,3.150380368569288,32.81342789061753,1.1039101963571605,10.699702409860596,1.0957721430998095,13.13708903160532,0.720247806486933,1,3
593,D947,4.18749201129253,41.50577678571426,4.09477848067138,43.24680831111369,0.7171750495291243,7.196421629873839,0.7142386376013476,9.627954373405784,0.8232061035590894,1,3
594,D948,3.68822915205722,37.453316964285726,3.617080640591317,38.74401644951576,3.51610332087628,35.73878212309774,3.451235002551235,37.01416525162905,-2.4447503600993192e-14,1,5
595,D949,3.0944994451573558,39.70625,3.147129831546316,41.245509156246776,0.7559525599818296,9.59565823409558,0.7571864330257719,12.354827003221237,0.4029282714995034,1,-3
596,D950,3.705905037047679,35.28205357142856,3.634003026324212,36.5176365972525,0.7853107072928038,7.611930709496099,0.7876566137372482,8.637150547948321,0.6406544952706807,1,5
597,D951,1.90932965421911,26.377812500000005,1.8879631716384877,28.758049248307536,0.8926320064947803,12.394227156754903,0.890842851634673,14.203279450389076,0.5527957899313125,1,1
598,D952,2.818159472523698,317.92500000000007,2.873376111929037,370.4438759574452,1.206567390097114,134.7242775740611,1.2096839872186345,164.92065590550126,0.6739621969464834,1,-3
599,D953,2.187573244738531,210.24790178571467,2.1574704404581504,240.41714029837152,1.1440825234335317,110.08065474030458,1.1421390013220436,140.58910156687566,0.6651941050208849,1,1
600,D954,1.995442872415968,175.1884374999997,1.969515715405584,201.9961914459709,1.0695912820937377,94.14880012909607,1.068766789582786,116.50608962559612,0.5903965804215794,1,1
601,D955,1.479343510181439,7.636084821428573,1.4642618527819211,9.17861434892818,0.8116346828532935,4.212744366888265,0.8104915959838979,5.109466580686208,0.3905107726993318,1,5
602,D956,2.6272481707346205,291.18035714285713,2.583501079580824,331.556453585302,1.4173905723273978,157.62050920404974,1.4133593903818222,185.6286287694496,0.5328990684031669,1,1
603,D957,2.005855583742757,178.43000000000015,1.9797809064735223,205.19985347709235,1.3185248895663098,117.7970651191268,1.316604523715221,134.96176854213596,0.5271528736428319,1,1
604,D958,5.63654055731199,252.5321875,5.753970083649712,290.1267532260204,5.287254823282765,238.1696509135409,5.46954399022851,266.1241200494707,0.3740658079798334,1,-3
605,D959,2.0670808332367714,21.33879464285716,2.044713586026927,23.13352658502472,1.221907281706473,12.629884567201966,1.2211313615114354,14.640074883990902,0.6175091214411408,1,1
606,D960,2.176148966119993,19.44089285714285,2.1463419383530367,22.259898947988614,1.1489178153249198,10.31599696205855,1.149340135610306,11.790881237647286,0.6552272283023995,1,1
607,D961,2.0655810392970038,21.04322760714285,2.043154885183028,22.83871428634172,1.3284222815480091,13.557069329763424,1.3279156245805432,15.3459629070256,0.5997732379502071,1,1
608,D962,2.6898452169414755,294.0808035714286,2.64397075732418,334.9346697566892,1.4588178295245913,160.21446061558552,1.4534143992266908,185.8700025064419,0.5709742151816255,1,1
609,D963,1.9958262244001983,16.50274553571432,1.9698559164495892,19.042666018666974,1.3203797533209514,10.967867335912242,1.3219193860522842,13.17600555656273,0.545884653395801,1,1
610,D964,3.369060309544964,18.66854910714285,3.3131299280308326,24.665963011786676,20.16347320629224,122.7126887639584,22.53521534075825,124.82410958292438,-0.3338140197007765,0,7
611,D965,2.121635188448343,213.4078564285714,2.091698021800437,248.89888783991748,1.5068954397238226,152.01771008765132,1.5043913142208958,166.60158732385435,0.4061046043319171,1,1
612,D966,2.108207650332728,214.8906685714285,2.078846041363114,250.05691864397835,1.434571121317631,146.6542343380414,1.4314292873608871,164.23834447930605,0.4648746785872776,1,1
613,D967,2.14136472033415,21.835607071428537,2.1120790806500715,25.03226121588663,1.4802736592712638,15.12121098082358,1.4782009555815565,17.175760499806415,0.4831827886257432,1,1
614,D968,2.074303897906115,19.65625,2.046120113934771,22.80950865041433,1.1694345066271246,11.118357098874307,1.170372243090695,13.839009543368846,0.5434132559310538,1,1
615,D969,2.2297688374211333,22.426187499999997,2.1981509990845,25.623345872483007,1.29696811895344,13.073463567988645,1.2961319887060447,15.858690378864932,0.5101070467516404,1,1
616,D970,2.1573007437585536,16.264602678571432,2.1231134966704026,25.701435301901828,1.5435689276250677,11.651894846745742,1.535600807511263,15.278434838262704,0.7421534736271336,1,5
617,D971,2.218026468843959,21.013714285714293,2.1866668745236324,24.05840026852303,1.234679750095338,11.73888037692203,1.2341136506124468,14.067220849257629,0.5731171690138438,1,1
618,D972,1.646178233089256,11.308107142857123,1.6288958585397133,13.174761574807064,1.0867144679148502,7.520831022688177,1.0883453586247882,9.61865209257338,0.5196410378429324,1,1
619,D973,2.6574122727556726,324.72366071428576,2.6172876199393813,349.6060038883758,1.1939736008291946,146.9423098154861,1.1890209262715692,177.78208116284736,0.5605546923763278,1,1
620,D974,2.016863696806157,24.426830357142844,1.991410011822946,27.535387256532047,2.533399019104734,30.688292925584765,2.5071051078936093,33.59393434835216,0.3930302942734154,0,1
621,D975,1.779053861325874,211.3080357142857,1.7595587886316533,237.4696495644985,0.9268159324003984,110.12675755752376,0.9244055836047508,142.58363001180143,0.6255799671205385,1,1
622,D976,2.653213433531911,319.5486607142852,2.613134860353157,344.3848296456547,1.191749534799245,144.8355885083282,1.1851248175638072,167.1035917960981,0.6081829623783102,1,1
623,D977,2.6416739935488014,297.9566964285714,2.6016913374796826,322.1601901226909,1.2568259625944596,142.7432847755485,1.252097501119066,158.6083564959815,0.4313846960017587,1,1
624,D978,1.7802709629861535,20.840669642857183,1.760735163143081,23.436270314765167,0.9345798122700866,10.973423367941889,0.9329631652443132,13.413170735947968,0.6184589598256964,1,1
625,D979,1.750380148442109,19.193392857142904,1.7313139511927862,21.68349498708438,1.0915207609291335,11.968230336099753,1.089281104337738,14.6578325720751,0.4619098961426059,1,1
626,D980,7.603837892115396,56.01588839285714,7.978625071411971,61.93470972789332,1.727544571592203,12.3231502257283,1.7341013314989229,13.942632547348436,0.9223088741074336,1,-7
627,D981,2.0049490352941697,25.849776785714266,1.979828450896164,29.13144432316725,0.9548368985586728,12.38942487760026,0.9522042323262158,14.344267337853164,0.4467547119646319,1,1
628,D982,4.850661284062352,58.03816964285709,4.701468778631256,66.64535891513715,1.1790483016897892,14.303912832782135,1.1726019628200666,17.263020154182552,0.889249589058056,1,5
629,D983,2.741427294801382,23.54938839285715,2.7995533463156663,28.919050365033527,2.164100548048021,18.572473589010283,2.18310971303437,21.615714226753223,0.4341793116600178,1,-3
630,D984,2.043454084440355,24.309241071428623,2.017353860175644,27.40399063774993,1.285423032789067,15.35207469506273,1.281974121278574,17.427377726525897,0.3474999224846741,1,1
631,D985,2.1218956323793106,26.28660714285716,2.095631952334456,28.627253992472863,1.477269495888695,18.36064588861476,1.4646813615039036,20.86564745565057,0.344005776990147,1,1
632,D986,1.8720397507684063,37.86325892857143,1.857143073057024,42.30330566550081,16.835479869920814,315.4192971570189,15.518314169145878,317.0825447624126,-0.5907465546700341,0,5
633,D987,1.0494415976527651,11.630937499999993,1.0539963784799795,14.764749638640705,1.0991398719243275,12.168819990145462,1.1051398845421252,15.845521193288914,0.0803618533799601,0,-1
634,D988,1.87746918601829,36.25156249999998,1.8623231715367192,40.53682823265853,5.39093366345142,101.9631235176103,5.237486084329877,106.56153015510836,-0.5954778008598548,0,5
635,D989,1.8419752368436844,25.871830357142844,1.828166198019036,28.851091643724647,14.865037346833972,195.1822912978961,13.82650532264836,196.45015330158225,-0.6020336325832187,0,3
636,D990,1.847894767229738,26.883124999999986,1.83369047210765,30.01701086913646,17.853560054996972,239.45287603034956,16.380756753330655,240.56294207317103,-0.5785902691748639,0,3
637,D991,1.451077109155366,24.51419642857143,1.4440619915238766,27.80439594511572,19.838400991112177,305.8898249591757,18.041701496710857,306.69809565325096,-0.5751388969042911,0,3
638,D992,1.715836055510761,26.992276785714303,1.700629926527789,31.90436829268268,22.1729100765306,315.02649943317164,19.9516685137207,315.9478355754506,-0.5711641066312476,0,5
639,D993,1.7130017061355318,26.014687500000004,1.6978109865627369,30.749038893679984,19.960437160640108,276.53919086971604,18.140440239090367,277.51697762578544,-0.5644662762344983,0,5
640,D994,1.977323681541493,30.356071428571404,1.9570829170135409,36.47095140252521,2.425610137654055,37.08083721184733,2.381250859120685,46.12220847771855,-0.6642566796436229,0,7
641,D995,2.113951552454115,32.904107142857164,2.088269906006168,37.592956355920265,20.40694980349112,290.04687941124115,18.508812765847008,291.0336169745005,-0.4723807997920068,0,5
642,D996,2.128734582036624,37.28285714285708,2.102547267640919,42.64020055735459,23.486411327672315,370.4499791625871,21.00990509241753,371.42876097911375,-0.4588726824354534,0,5
643,D997,1.7545982829774147,28.24982142857144,1.739997539929952,31.337653679141955,18.40886468465781,272.61939182318804,16.849014176567163,273.64729132045966,-0.2119256121635411,0,3
644,D998,1.7092018528258404,23.07611607142857,1.6942999885509218,27.219304368944503,12.960108634111135,164.9177564656523,12.16172575125358,166.2106430511612,-0.5860594002778357,0,5
645,D999,1.8402994414339668,22.98232142857145,1.8265919714546648,25.610260525743005,4.388290312255176,53.96540440066372,4.282195118875779,57.48751475085018,-0.5946973318056961,0,3
646,D1000,1.7550861408560905,29.2740625,1.7402002413160755,33.87366558100811,21.34464493869229,322.902537317096,19.276917741257314,324.0172186400074,-0.3681027576602689,0,5
647,D1001,1.4797399892410334,21.44745535714284,1.4725102839720636,24.362253978019112,14.736111009718092,199.62126991702584,13.71785702265835,200.5322762845361,-0.654103733701206,0,3
648,D1002,5.045343153652265,55.19084821428567,5.228684895907061,64.90839141805002,1.854200732466719,19.856921305789847,1.85438599640378,26.692143445278635,0.8574159630779297,1,-7
649,D1003,1.78898756624022,28.80227678571428,1.773286588168407,33.16431231796367,20.07462201612293,294.8744858370718,18.233852426117707,296.01181740445026,-0.4109142163813635,0,5
650,D1004,1.7381194050216071,38.35508928571426,1.7220438320633735,45.40449750145215,5.412853320288569,116.87823658201808,5.259129013077722,121.7775025500955,-0.5679605669597398,0,5
651,D1005,1.7478173837425253,25.0196875,1.733105320597051,28.850105323004257,15.921662592898588,211.9395681337576,14.737370561646872,213.18888765314412,-0.3293791864439663,0,5
652,D1006,1.7748343092457226,29.59799107142861,1.7594557524374572,32.92216044311475,20.40968055225364,310.2460436320856,18.511785129592795,311.2155971833324,-0.1935605109981521,0,3
653,D1007,1.7453069236336167,39.960848214285726,1.7290095599551598,47.35315646977161,17.446487810743108,368.6951878557853,16.03747345117428,370.3985016761423,-0.5793008766682628,0,5
654,D1008,2.815931805701092,35.94156249999997,2.7710848471755263,38.62481010016017,1.3496064962571197,17.377059144649106,1.3458263520380809,20.28395569105356,0.315687574657309,1,3
655,D1009,1.8238602909372823,42.81866071428577,1.8070768319489647,49.53013216404238,25.3257642357127,529.8038779550608,22.470219813442117,531.177207769087,-0.4573321730114849,0,5
656,D1010,2.1194315044740546,47.23330357142855,2.093343756286618,54.10618812910038,40.21814977696757,750.6813957712153,33.478255275275345,751.4771717063637,-0.4458094646043535,0,5
657,D1011,1.4937084143832196,33.478169642857175,1.485769141575385,38.05727368932335,32.87850627990454,634.8405172860988,28.231224743649403,635.5450024740295,-0.6239450682588757,0,3
658,D1012,2.745390041454867,35.03660714285713,2.795931054014731,39.99700766569695,1.1178475745473386,14.106074389114838,1.11983963996716,16.538144196348107,0.7102837319625899,1,-3
659,D1013,0.7318969455155443,12.93709821428573,0.7306182951452384,14.821700103068892,0.7691536670649901,13.589365744114309,0.7658934129684855,16.009665980931455,-0.0919701007123213,0,1
660,D1014,2.155909450275364,49.84941964285713,2.128655089682952,57.234035034431614,43.391156304771656,829.5227985158775,35.64939174330198,830.2983228610539,-0.4898550013236444,0,5
661,D1015,1.8201098787717052,42.60044642857146,1.803462808155151,47.480754673251774,28.74630358168809,590.9459564434837,25.12671000720025,591.9609448409632,-0.2539166390156977,0,3
662,D1016,1.8039792450799528,40.69419642857152,1.7879623182737563,45.22434622049761,16.814367951165583,351.5379078810239,15.501841641571009,353.12034122022726,-0.2501345567849934,0,3
663,D1017,2.829065115935846,70.62272321428564,2.881293094098588,81.1388274127928,3.5557279818486185,86.85861752863927,3.478373693890114,97.62768193398205,-0.7760237658025809,0,5
664,D1018,1.5212386948604395,32.85303571428579,1.512702315467041,37.40925949523925,26.2131194887166,502.1763717081748,23.169593272956053,503.0033631753992,-0.6372423023617108,0,3
665,D1019,1.465252806087762,26.585133928571445,1.4671849793416436,31.077068779634804,1.259360385042165,22.80889285005321,1.2608830019911244,26.93745761976704,0.4721299788414735,1,-3
666,D1020,2.6446629614919672,19.00314285714288,2.620381667781622,22.899302788605628,1.8835464644211413,13.421368672081128,1.8661788127941448,18.044658934187957,0.6298323749801845,1,1
667,D1021,0.5542411470820339,15.72705357142864,0.5521389867787835,18.8763745951691,0.3936949422839823,11.178301435884416,0.3926784231080769,14.654565973966022,0.1243443237961196,1,-3
668,D1022,3.498264066550976,195.04888392857143,3.5729638777117287,212.52093358701228,1.3739445972132485,75.73746138889432,1.382249271248714,88.02205323552512,0.7239063403103252,1,-3
669,D1023,0.8276315641340006,73.69017857142846,0.8217246055194666,100.6715388378236,34.37263576798321,2613.079173562611,29.32995453851114,2613.9515770526514,-0.4877748188302342,0,5
670,D1024,1.4774484046504084,166.3209821428574,1.465075876258772,178.14583104228296,0.65892576973505,74.44623482664272,0.6593061123787292,103.85405604691404,0.3917441727489908,1,-1
671,D1025,5.995306743817308,37.15354464285717,6.221237381735835,40.78113971032571,1.7276335389931683,10.470427705970232,1.750031542838986,13.151680685185186,0.7453447707925787,1,-3
672,D1026,2.185051246789015,33.81151785714288,2.148910505419074,42.22438299962074,1.1973330564760991,18.63187581694253,1.189046162073531,22.56067786930389,0.6628703806432914,1,5
673,D1027,2.23143824522956,33.76549107142858,2.191594828145368,43.41476224355103,1.2332179232588425,18.78121725287612,1.226262317052192,22.832529980088367,0.6824968688126805,1,5
674,D1028,2.2374339248295145,37.40236607142861,2.1975850825119774,47.93821683989786,1.133897125516799,19.07217380135572,1.1362722721960503,23.89879264963894,0.5453836121092924,1,5
675,D1029,11.962407761218138,133.93276785714286,13.10392775559787,159.38252980391678,3.4638078556993808,36.88814089652647,3.511926184679424,40.86563646699583,0.9248707634803714,1,-5
676,D1030,2.174216617313108,30.45245535714285,2.138105266095641,38.21192714512018,0.8065620747413781,11.379054672957343,0.8061889260995622,14.30807146545438,0.7582096879343921,1,5
677,D1031,1.824037878232548,26.904017857142872,1.7961877341311678,35.23338394868491,1.079248813433482,15.989118373574296,1.0716915428851848,20.01587855598781,0.6816954497592702,1,5
678,D1032,4.749326909008682,50.27553571428571,4.919416317951321,60.23057254257014,2.3013949117331034,24.15392115319076,2.334535979505575,31.34842626311068,0.6748771775410526,1,-3
679,D1033,2.308869762042716,37.00299107142858,2.273403861714036,43.241602164866656,1.2215873347572186,19.759879546031147,1.2180049637988586,22.861475724399455,0.5099658249450894,1,5
680,D1034,2.1358141395798094,34.28897321428575,2.102588289948059,41.980199029053885,0.7368727902641323,11.928710244178236,0.7382176121345373,15.393731034798714,0.7802547746023664,1,5
681,D1035,1.8334336480901692,29.83339285714288,1.8064550774495909,38.408722259293135,0.7889572822158424,12.93558648711696,0.7888705762603013,16.482211647402448,0.727020206272691,1,5
682,D1036,1.920348481400963,34.49669642857147,1.8907810019605544,44.3672977571078,0.7997064013324454,14.436323197027589,0.7977585301611455,17.57546326532957,0.7485486001596056,1,5
683,D1037,4.312803621269375,48.94080357142853,4.156993914084197,65.52067996537424,1.1609339368929914,13.098799794388569,1.1597597862774045,15.17896132610674,0.9507597415176964,1,9
684,D1038,2.571788607627179,33.8722767857143,2.519993749996491,43.1744627013237,1.3397653630157556,17.773971530189492,1.340822358479509,23.49997858960056,0.5982495213905936,1,5
685,D1039,2.258430472392594,37.4385714285714,2.218131509206484,47.6904953322303,1.4953118080518948,24.995246206123703,1.5039624033451342,26.836358933387025,0.6323813527266595,1,5
686,D1040,2.5054972439308942,39.18910714285713,2.45661217036177,49.68967924410153,1.1037119516957892,17.33237410785609,1.0980231909059983,23.613991550762137,0.6087947348533614,1,5
687,D1041,2.1809776778867027,32.79651785714282,2.142997051455478,41.988965239659336,1.1648473880999357,17.618035468165722,1.1595328310033506,21.263798391523533,0.6070882411786793,1,5
688,D1042,4.43737779240571,60.180312500000014,4.309775897441821,69.79220872841645,0.7634750450037813,10.55112530932828,0.7591286644368556,13.365382059856897,0.94359332047584,1,9
689,D1043,5.699115879279276,45.47837053571427,5.517204726574171,55.74115414249149,2.7248736916217413,21.5313884361074,2.739615477828793,23.873460163320456,0.8801789678350179,1,7
690,D1044,2.560774066494992,27.53343750000004,2.5124131391573803,33.922638765913184,1.002002408324044,10.867843163708828,0.9993774482059912,12.696936137159744,0.7069768836773683,1,5
691,D1045,3.217673851506355,55.93696428571428,3.15051853330328,64.68802161970503,1.0133441032572232,17.848164518143985,1.0105345360971336,22.020780409760405,0.7621139442454092,1,5
692,D1046,2.6070116345500693,41.64495535714283,2.56195336528914,48.57468029503136,0.9342337883890568,15.08613155846727,0.933577341741351,19.187795707703323,0.6430010534815823,1,5
693,D1047,3.2232970694087046,22.225330357142862,3.1645480793905554,25.58910960175011,1.4385550401660876,10.035598359964938,1.4470247746486244,12.615493275499276,0.3786983285809074,1,3
694,D1048,5.564319636825249,76.57111607142859,5.760857543016421,84.49689146216548,2.256176967062524,30.292030838781493,2.2638056637859503,37.74170888104308,0.3840274999824432,1,3
695,D1049,2.5259231291441253,42.03986607142853,2.480239412466487,51.01144481260472,0.884820014569888,14.836357558669697,0.8807111111307452,17.84716901001267,0.8250609071019123,1,7
696,D1050,2.5469079635204777,46.755758928571495,2.500579389902552,56.65392534604255,0.9425789536670842,17.479730467867967,0.9398669346413496,21.40173792964885,0.7333135244572371,1,7
697,D1051,13.447173736731283,172.50660714285712,14.90946866186666,204.7471092354912,4.028404979783608,50.25807863577471,4.084468895101102,58.16443813544102,0.8907864360676961,1,-7
698,D1052,0.7510913941954395,10.792410714285747,0.7470696308180329,12.931767626697182,7.986072019347123,110.68017241197413,7.678800531073169,110.81342853055013,-0.752701152962196,0,5
699,D1053,0.9466977430188932,122.580803571429,0.9407307358170118,142.0212033909433,17.244103616781654,2063.8975395284,15.874680469314807,2064.584421059499,-0.7598374769579099,0,7
700,D1054,1.190643480781842,16.331785714285697,1.2000058207204285,20.454332029482647,1.4383434090379827,19.769407051936177,1.4442360275368449,23.124469734350612,0.2598928293997283,0,-3
701,D1055,1.48519075747256,26.416830357142853,1.4719949569979895,29.05265845798904,2.601910785988989,46.00841015449274,2.5668953284969,47.15093197993741,-0.3852508270538158,0,3
702,D1056,0.9116440709906276,14.30178571428569,0.9053482454179996,17.754199773524395,4.177682350217586,64.43015686012268,4.09086428620875,64.98097400322474,-0.5851781170761617,0,3
703,D1057,0.5908334317862651,9.882589285714287,0.5884559115564689,12.197698237745817,0.974245178265726,16.2559633478578,0.968502359682533,17.953615617881866,-0.3235712602834426,0,1
704,D1058,0.8378835996453742,11.869330357142871,0.8324514725043688,14.859841265968406,0.8687348158791941,12.3192146163689,0.8665544785536968,15.475726233848036,-0.255685969405863,0,3
705,D1059,0.7501524572701005,9.556026785714298,0.7461564399920315,11.429437530832605,3.3959188202500665,42.67115684412399,3.338545738962454,42.94213487164089,-0.7436057405682924,0,5
706,D1060,1.4496826295855314,22.86875000000004,1.4371566686351405,25.101861303577067,0.7053965897337698,11.210201737684494,0.7092826322260568,13.992241649422024,0.4190918471407644,1,3
707,D1061,0.5687015901656681,8.434866071428539,0.5665318337697247,10.429014427853826,0.4864081997532421,7.20843103485931,0.4845282746352733,9.58234834634039,0.3000131008466005,1,1
708,D1062,0.8313032231168317,11.866205357142867,0.8264711522861758,14.084207019228712,7.341719059574666,101.44683644407712,7.081108343606542,101.59357972504004,-0.7817124871849372,0,5
709,D1063,0.8529766821919789,13.626741071428553,0.8473217390939644,17.09222113576214,1.89315543853834,30.06181260453091,1.8738135829036104,31.436496590527707,-0.3197150985490553,0,3
710,D1064,0.9445044801629268,15.660446428571406,0.9391496326307144,17.22282002066691,3.757826712394464,61.40206354234509,3.687463365937537,61.90450296513352,0.4165186162063004,0,3
711,D1065,1.0017486700618994,143.34553571428555,0.99430165109706,175.75823066736135,25.57787441254738,3257.4390831980418,22.676616592237707,3258.4149104987205,-0.5805869211427424,0,5
712,D1066,0.8203471700888526,10.382098214285747,0.8156742923006293,12.279298280713832,2.688721202996869,33.698789879118216,2.6523581509733702,34.04432079058812,-0.7641132851636334,0,5
713,D1067,0.9300397711787496,13.673080357142876,0.9248438894761212,15.042134712638676,0.9995994015886964,14.77109159636203,1.0025818975806222,16.499789207466836,0.4490084179196721,0,3
714,D1068,0.9300287438060372,103.43839285714265,0.924237636506412,120.1738148038452,4.257534034763316,465.5564213972769,4.168004086272251,467.7972510456549,-0.7340375092316852,0,7
715,D1069,0.963307700492814,120.6446428571431,0.9564126820020228,147.99969460709954,14.09945737244774,1655.4045406270343,13.169710873485045,1656.874278332557,-0.5453231585705592,0,5
716,D1070,1.517635847986631,219.2339285714283,1.5039408478895957,240.3936192736818,33.541382104350674,4176.834130799619,28.72311235061205,4177.712008291478,-0.3442917935346274,0,3
717,D1071,0.654167003795422,91.80937499999968,0.6511472177005615,112.3625791517726,27.16475139650665,3362.5132216350585,23.915641424762395,3363.1414701089366,-0.374000463630866,0,3
718,D1072,2.9238899824483964,158.00656249999994,2.8757028458885507,169.4491338918614,0.4441009581916268,24.31167965101031,0.4441895140455719,28.061687030185283,0.8397029758580714,1,3
719,D1073,1.5495757413320517,195.84107142857175,1.5354458465134069,213.63996026672547,19.200769618252437,2229.1967477519984,17.517591717352783,2230.455827402598,-0.3280554229741521,0,3
720,D1074,1.2382119189457172,120.50258928571436,1.2253819375279282,159.35073988237502,3.586446025416655,352.1050092375872,3.6196874726726462,377.1484608730778,-0.7753289116622256,0,7
721,D1075,1.0196247245503982,130.60580357142877,1.013512313857016,142.17789332735427,23.79046034647352,2734.694622405807,21.260555991400015,2735.403815888708,0.439090298037073,0,3
722,D1076,1.7274833762504225,244.1258928571428,1.747848811363722,283.44496921761856,1.1839594592785097,168.59842128908454,1.199186073517124,251.6848812725958,0.5197991698494429,1,-3
723,D1077,0.9268977294701096,123.63437499999988,0.920401537068014,152.88511615467817,21.94429109395308,2645.5937474974785,19.77333639136197,2646.793688493838,-0.2415088716116002,0,3
724,D1078,1.872547564514368,30.06040178571433,1.8449075087904705,38.242902833854046,0.9438148783593934,15.145798826678986,0.9388449958906424,18.0672686167506,0.8156296883662473,1,5
725,D1079,1.9546109187223304,27.506741071428564,1.927419463131496,33.4836926956182,0.7385579946838963,10.481880854019762,0.7382701685924828,12.706487958153115,0.8425760847683516,1,5
726,D1080,4.74725977770781,74.26857142857145,4.607788486962936,84.23204111064378,0.842990361716173,13.36869044303923,0.8384217482072038,16.19935698920987,0.950406607460803,1,7
727,D1081,2.4254286227951622,50.35638392857144,2.388294638703241,59.84681306292812,17.50606062317437,336.30272100680224,16.087256171399606,337.87503022911824,-0.5739970761434618,0,5
728,D1082,2.3380833442439517,35.242276785714274,2.3043897640216664,39.75618758171317,0.7906710684831085,11.980711672835112,0.7900519989048029,15.42029442257581,0.7347596766147108,1,3
729,D1083,1.2860416517038076,13.608973214285696,1.2751563212164327,16.13823439892073,0.7708390548837831,8.21180826792777,0.7733969186700933,9.70202336261555,0.6501689835505126,1,3
730,D1084,1.2344675911278635,15.60700892857145,1.222215420999961,20.102713371710173,0.8006761304842106,10.144886842972223,0.7994056274690643,12.228291499145804,0.712315233725074,1,3
731,D1085,1.923579058018316,24.522276785714293,1.901733772412879,27.07426339674937,0.6483595824071947,8.33283452131114,0.6479774819259834,10.544222703462951,0.6918094491354441,1,3
732,D1086,1.414657022309994,20.714375000000015,1.401267821235415,24.72734191250723,0.6844647858928726,10.02243930560662,0.6807672452226486,13.521698737287023,0.7853745727347596,1,5
733,D1087,2.0039200372628225,34.21959821428571,1.97532333181157,41.60276341811247,0.7014391472613921,12.023484950633312,0.6983220790194947,14.911782867351617,0.8587465153541196,1,7
734,D1088,1.32621778091262,33.80651785714277,1.3315936186423665,39.80711085063256,1.4456562867826817,37.07460792149271,1.4523700691229122,44.625662286507264,0.1206851662934033,0,1
735,D1089,1.769170031816614,28.1405803571429,1.7469984262113258,34.192058730319765,0.6221583078023606,9.950788063107114,0.6206481553340774,12.796377660688917,0.8197116909136308,1,5
736,D1090,2.08037150086805,34.11013392857145,2.0519965274567906,39.66079925112104,0.8419862501694532,13.873589619104225,0.8376589786951416,18.58002159958612,0.6599465884393199,1,5
737,D1091,1.3517373206104513,18.17616071428571,1.3396288961647338,21.54304449143203,0.6265688034504856,8.440164367143568,0.6271347601588629,9.943322505278974,0.6518719689470146,1,5
738,D1092,1.614855851135332,25.39593750000001,1.5969490207718755,30.565958629253306,0.7432731905221481,11.697742974478064,0.7388271385393104,15.07070125047816,0.8409572148050664,1,5
739,D1093,1.4208736608079928,18.35919642857141,1.4084155132799303,20.84239656935986,0.6749805479672749,8.759436034622533,0.6754091782464612,10.649136142368292,0.6148607418988435,1,3
740,D1094,1.863654923745364,28.46504464285715,1.8413170291231509,32.81759530464171,0.911524808518724,13.967645091368402,0.9058892971048896,17.39382682965564,0.6840765898406298,1,3
741,D1095,1.2321488293065526,190.7446428571425,1.2218018119527454,225.9822171836951,12.10615492776695,1773.8855253737177,11.412233735065229,1778.6723511205184,-0.2073877558934614,0,1
742,D1096,1.1304111158381165,124.45401785714276,1.120572334682947,155.77543844833917,0.5731403174086213,63.21084351384395,0.5715718403230914,79.44958203920504,0.6571744973793402,1,3
743,D1097,0.7621189630484556,44.01232142857153,0.7609218683603538,52.162400307687015,0.6343960170097738,36.682471829420784,0.6373045639872202,46.7400093035659,0.5819323493329487,1,5
744,D1098,1.169907974400564,132.23794642857098,1.1607889774731697,156.57081970160064,11.210500732048876,1203.907366733636,10.6123715929022,1207.8038079683572,-0.1999481305899925,0,1
745,D1099,5.17300668779238,274.0905803571427,5.002655419430364,315.7540834905098,1.3992458646729924,75.65200184944102,1.3896120286071618,96.58603324390644,0.7866654471016625,1,3
746,D1100,0.8344520310327732,98.69017857142846,0.8301301473820766,113.062780985594,0.5235218321346552,62.11762704980863,0.5230975668123716,75.27237724606714,0.6206586574951687,1,1
747,D1101,1.951106329137989,91.73151785714286,1.9491570996035013,103.84160015857476,1.29524574563089,61.01359229488526,1.3016273244116112,78.57007763332315,0.7976385658680035,1,-5
748,D1102,1.174549767520738,119.68794642857144,1.1653822234910924,141.54193816493614,0.4246845023338153,43.305224075927335,0.4236262547328193,57.90851510583165,0.7905382375348192,1,1
749,D1103,0.7661844294382305,75.12933035714299,0.7696830018997413,92.48861343692823,0.5639715913450769,55.26597197466812,0.5659008792720428,71.82507414791638,0.5785318086391162,1,-1
750,D1104,1.7095205750249218,216.80625000000012,1.6916470291468853,241.37810512077624,21.752555116847414,2505.3440929841795,19.61639368343635,2507.4871611704007,0.0500873587829658,0,3
751,D1105,1.1588968779790214,138.0062499999997,1.1485376744805955,172.6395137331219,16.42304755860093,1813.3476267379515,15.17414895094474,1816.027524272848,-0.191047395502013,0,3
752,D1106,0.8430650943804402,110.59196428571418,0.8385688025325642,127.28238690260712,25.5901111049658,2983.7808433129694,22.686159200282404,2984.7233282290204,-0.3522559062750205,0,1
753,D1107,2.4584348619182146,178.723392857143,2.45901980156962,193.5002167628679,0.9657939692541708,70.43812766438694,0.9681986599084866,90.86492713263098,0.8833141725343095,1,-5
754,D1108,1.1924628004107858,183.06651785714257,1.1815966627438053,227.72897035059407,21.23261321480676,2957.539167446085,19.19248258089696,2960.149040044031,-0.173076020728633,0,3
755,D1109,2.1302697483970645,176.63700892857145,2.104358426539412,208.03013348518215,1.1306687250566054,93.80599745891602,1.1244860596271675,119.61444734941416,0.6653051967090741,1,3
756,D1110,1.75274701840635,264.5111607142857,1.734361366378634,291.3046760785785,31.497998683265312,4136.28379123046,27.210378435024975,4138.05283519942,0.1218360405702551,0,3
757,D1111,1.2208073037118663,16.604017857142885,1.210731860836152,19.634105667362192,0.4963102443340139,6.76344679943231,0.4950747571386883,9.073864405125455,0.6762569309367353,1,1
758,D1112,2.45031097132086,167.19955357142868,2.4018226948210804,220.52374264522336,0.8548064274380419,58.52935556812021,0.8554782130233686,72.52040531372897,0.8884603911954186,1,9
759,D1113,1.0917171332086526,124.2433035714287,1.083445730037459,151.67969794042654,12.228480031353218,1317.1491174869077,11.520293719127238,1320.8911299708966,-0.2500130759196133,0,-1
760,D1114,1.13858720353933,170.38749999999996,1.128721713625344,211.54801886501863,17.673005292990972,2437.909275472128,16.235639790376293,2440.915142948622,-0.0918188196639224,0,3
761,D1115,3.6215711251491047,418.1540178571431,3.711686658759061,523.8202071482666,1.0612747118526669,119.71134758971196,1.060906672317253,133.48816934319973,0.5448263121577056,1,1
762,D1116,0.8577073932207493,61.48803571428588,0.850777948769995,87.07992580358356,0.8105701502527574,58.06555369555391,0.8099198008941646,74.78783647729993,0.3527736729507231,1,-1
763,D1117,1.761989681551635,272.8883928571426,1.743411068065501,300.5261384259811,33.96545004279861,4529.368670348648,29.032712272336337,4531.070173309645,0.1043987319978872,0,3
764,D1118,1.7797300968048126,247.6513392857144,1.760799486714732,272.57454562250865,23.90095178788445,2992.8060447910416,21.34737317125389,2994.885070450481,0.0818219597837421,0,3
765,D1119,0.8454716146973126,114.26651785714304,0.8408505719265343,131.75329360844893,1.0838619376485492,146.2776639007669,1.0765089496169176,164.32316290863062,-0.3137190960983135,0,1
766,D1120,1.2679489659984815,199.09196428571417,1.257309276710745,230.56615651023392,27.255751085561297,3782.187057300968,23.984833461434025,3784.2159545539503,0.3323232672742475,0,1
767,D1121,1.180216949823723,17.33812499999999,1.1697705128051568,21.4196482887208,9.27974629704894,130.74344011667108,8.865136553458552,131.33877976738805,-0.0827716367036947,0,3
768,D1122,6.8521070896038285,564.346875,7.324764192767633,759.1851941991381,2.1819202813114678,177.13622494367414,2.2236413283841934,230.27553812063667,0.9494436833892368,1,-11
769,D1123,0.7247144874975577,41.53285714285721,0.7220480903812263,49.05631078113563,0.8960385674600533,51.58092350106784,0.899922095135262,62.60363847851662,0.1430075100594486,0,-1
770,D1124,2.7447847075579115,237.1043749999999,2.6964142477084807,272.03280691100764,1.244311251253509,108.42663451067789,1.240535894077187,127.14194931347612,0.4222747414428321,1,1
771,D1125,1.2621018452440462,193.10267857142816,1.251554498963275,223.6798329100536,23.49121251077229,3229.833617244429,21.019902569240752,3232.0885658550897,0.3557918137032796,0,1
772,D1126,1.6367984237116011,14.23927232142857,1.6422262476799696,16.86031107886389,1.0836468904747396,9.397321535620588,1.0835840421804406,11.374109166087123,0.5898827270673358,1,-1
773,D1127,2.568807177463424,36.43375,2.528511738671837,42.04711335004377,1.0259109912641078,14.579929008273323,1.0215789977051737,17.655625324403484,0.7938091343589176,1,3
774,D1128,2.170121089457732,30.50816964285715,2.144004971970704,35.2021528260442,0.8492071380921602,11.916944421143157,0.8455196767651918,14.515271836439178,0.8669827853605264,1,5
775,D1129,1.8977862543283808,25.07995535714289,1.879472877862289,28.48023211144273,0.7278916122606051,9.578993730558782,0.7244809405588111,12.665626205289042,0.8592914530024984,1,5
776,D1130,2.198714487796912,29.893482142857145,2.1699214382783207,35.013099701760865,0.9003811550356465,12.160057649695007,0.8952937203509108,16.472031507682587,0.8440268704160502,1,5
777,D1131,2.0076839168793565,21.82254464285716,1.9835174490069951,25.72084055847707,0.8463975181336871,9.190072947059532,0.8448068447084854,11.047772544123967,0.8246478744385068,1,5
778,D1132,2.096960604081254,25.80875,2.070130290166491,30.55915437885097,0.8887161671179807,10.922275240729764,0.8855494842376262,14.37841918388589,0.8491618789076618,1,5
779,D1133,1.666792830543334,194.7491071428572,1.6365951285279352,292.920299165057,0.7861936048069214,92.06263363777946,0.7821529446200872,116.9390120723974,0.898481907819379,1,11
780,D1134,2.080064174918633,20.923468750000023,2.057006580306214,23.951777068802823,0.9002366340206163,9.051366492765478,0.9014029016307924,11.709445801709672,0.7415767991166913,1,3
781,D1135,3.4343594691594133,23.587937500000017,3.3666333566338933,25.5780660828037,1.1094221676169922,7.721297489707483,1.106733206560062,10.252835081864738,0.2855314661349736,1,-1
782,D1136,2.485414499435296,31.130714285714248,2.4481464698624404,35.76457795852395,0.888559055525312,11.121485238195662,0.8873569564268805,14.65240342854014,0.7810062106879434,1,3
783,D1137,2.120393675190474,27.675357142857138,2.093885214114632,32.383366302131655,0.9648173387581246,12.552718952139005,0.9616809358502334,16.068905101851197,0.7812378090721928,1,5
784,D1138,1.7693424814004748,20.65236607142856,1.7544462587877292,23.283513259476987,0.5788518098477756,6.737495389930781,0.5798762299066557,9.368935066987977,0.8408078987382746,1,3
785,D1139,2.1482075368570235,36.594955357142894,2.119416559245454,43.50697029380702,1.1406202871865525,19.42604680916549,1.1369810768243565,23.112478009792504,0.6981850432505873,1,5
786,D1140,2.007607777812038,23.136562499999982,1.984974226418016,26.294581438580327,0.8226090434225048,9.450082798674933,0.8197110920662412,12.832924773129989,0.7896025765871567,1,3
787,D1141,2.5697522418550776,42.28250000000003,2.5293088692584083,48.786658573254506,1.436678219008982,23.746120201598096,1.4297251326998055,27.02001404646653,0.5963171017362201,1,5
788,D1142,1.953358165206492,16.762089285714303,1.979540935739029,20.80677434311457,0.8073045280240211,6.928881291104736,0.8111954300372756,8.183583247977646,0.9434321098374564,1,-7
789,D1143,3.6515748906630674,49.44562500000003,3.571820167419765,55.01646752052972,0.8272564442396654,11.278613709359888,0.8224950059158966,14.469699623284962,0.8879686633119102,1,5
790,D1144,0.9535535612105096,128.10669642857152,0.9614576856616204,174.66964620142096,0.8099998050768381,108.84643729893844,0.8117218837617469,146.02145513688606,0.6950937512539904,1,-3
791,D1145,1.9958380022394104,28.53455357142853,1.971694702349508,33.69967227413238,0.8779961317116866,12.5317289173304,0.8754210261159501,16.02577775359402,0.7832204902413882,1,5
792,D1146,2.392132350952835,20.95101785714284,2.3562439391013625,23.67911883676421,0.7450607589336714,6.5900923026686735,0.744775598355604,8.503383811781946,0.6104217465081834,1,3
793,D1147,2.566958706679854,44.13691964285715,2.5263906923426687,51.099441067115926,1.4362921249906395,24.884673346614168,1.4338798528298569,27.830003801999204,0.7774524743284988,1,5
794,D1148,2.778316637893238,33.93428571428573,2.736816870034611,35.47223920927589,0.6262578265285882,7.742236930936364,0.6245594968857427,9.968417447534954,0.5373328350014658,1,5
795,D1149,1.9797016830918872,30.132008928571445,1.9571619837965908,35.07715407700206,0.8049794749128061,12.205211327037691,0.8026637161401364,15.69067718302325,0.827544305922695,1,5
796,D1150,1.8579119745309984,29.660937499999964,1.840411126428957,33.751822805852015,0.9840611474529998,15.664268493615657,0.9771056068746576,20.915115914644453,0.7648291695345035,1,5
797,D1151,2.3490361804293225,28.309955357142822,2.3015324973541142,38.34978550305827,0.6849209633047626,8.24358632366578,0.6828986699424204,9.391327132903475,0.9495562633509802,1,9
798,D1152,2.45493395449721,35.41491071428569,2.418667895531,40.61560849275317,0.9240419925480066,13.35865865836331,0.9232095237436088,16.854788596776746,0.7722336436659765,1,3
799,D1153,6.4350157454980375,59.85734375000002,6.206769261542253,64.1682887485575,2.016023373894672,19.199000995829856,1.9976247618586729,24.36329414021348,0.6302036259316648,1,9
800,D1154,4.644859746626644,70.92174107142861,5.103660785788518,133.8362860351479,3.5482106622948537,52.77415337500304,4.164761296217164,145.21590918910402,-0.1370701445346942,1,-9
801,D1155,2.5804060387297736,35.71004464285716,2.5349534670169187,42.21935176259043,1.1386846378936386,15.879679834842396,1.13494408303894,18.00012003085879,0.7170447484411734,1,3
802,D1156,3.697793746809426,44.82183035714289,3.6118119339569232,51.10454127385733,1.3611019190650666,16.716305743922312,1.3579415968588622,18.79618147432723,0.5472086786912779,1,7
803,D1157,3.631546861671629,39.659955357142834,3.548880950792915,45.113445488140016,1.134260896148502,12.585141607943536,1.1308496547110831,15.044957938207888,0.7297891430966389,1,7
804,D1158,3.6315467910019534,39.5683928571428,3.5484534877186364,45.15219593640446,0.643821594676095,7.145636056233863,0.6404895302088506,10.241481644330497,0.8673096307429088,1,7
805,D1159,3.5396201841010937,51.7679910714286,3.46136856472108,58.751660594170005,0.7450839729276527,11.070920735508771,0.7406635518438448,15.566397156315787,0.808234103559984,1,7
806,D1160,3.5351389650973477,39.699464285714285,3.456674523666164,45.18342636745879,1.2729288933791063,14.54013686771121,1.2797804910317063,16.106598386895545,0.7695397389193114,1,7
807,D1161,3.679648685275505,43.40593749999999,3.5943315042116604,49.54215798800308,1.185725461093895,14.21871799539547,1.1748012069250682,18.14236506479876,0.8075178897380024,1,7
808,D1162,1.717951481019865,21.73187500000001,1.700238910226146,28.312630273076223,1.1113328840373606,14.028413000053206,1.1077873742533175,16.991178733952626,0.7029460425132705,1,1
809,D1163,6.938656267704952,89.75008928571428,7.256814811328717,99.94946537774412,2.468098997036851,31.032940444665297,2.487696090723455,39.61815000896472,0.6651019570660456,1,-1
810,D1164,1.7441254052081596,14.562406250000013,1.7678108455447477,18.818017483586218,1.3809186758180836,11.47764188136186,1.3895059214074297,14.476612158325974,0.2318383492254316,1,-1
811,D1165,5.562736843817602,72.93799107142857,5.397919075973288,76.60615541277421,0.981440328203265,13.063183817531012,0.9767134345134556,15.66603475271967,0.8859214329280811,1,5
812,D1166,4.307816034042359,58.5251339285714,4.200729875165621,63.88758829710788,0.9536081482064436,13.136858003189284,0.9501713855236184,15.868651639875628,0.7548923550895834,1,7
813,D1167,3.682410014935005,62.84709821428572,3.597715098254992,71.39823908115319,1.372164025083454,23.651755101140797,1.3643653116736845,27.62148196590255,0.7261208270823866,1,7
814,D1168,3.3500333667439146,42.48790178571431,3.279364342638216,48.37057905838094,0.7236217084431231,9.300443570094217,0.7190280360345045,13.06418746363917,0.818688050482626,1,7
815,D1169,3.683511848315403,47.383571428571486,3.599149604635573,53.7074436981854,0.7746894201832223,10.14750115379057,0.7717397970522837,12.963265198642349,0.8461771964391118,1,7
816,D1170,3.673040470717993,45.97433035714288,3.589488724726354,52.00284419296092,1.1646544837811152,14.775249798348955,1.1551545206265308,19.79847626382546,0.7329744825314174,1,7
817,D1171,3.640735990615145,42.0768303571429,3.558355688895824,47.67682456307812,1.088585573099053,12.65103872573411,1.079777642762077,15.613528261712116,0.8999509431341691,1,7
818,D1172,3.584610542111218,36.15750446428574,3.503923563083105,41.16067472982638,1.269444954932591,12.873910938396948,1.261401373655956,14.638259092580476,0.9018929802267328,1,7
819,D1173,3.684264734755188,64.50160714285713,3.599566241228787,73.23869965590562,1.0006727429920454,17.764089092575368,0.9933660759199976,23.090172574888037,0.7607534294515776,1,7
820,D1174,3.792186618449594,48.69066964285714,3.710273239474194,52.70902471452138,1.0402755962133945,13.506153181400546,1.0334811709180212,16.106427201441917,0.8323341992027004,1,9
821,D1175,3.684321388779698,58.40727678571425,3.599605178342728,66.32589313656258,0.664022441498895,10.720658514790964,0.6609725860172472,14.14005986795759,0.8826110481221136,1,7
822,D1176,3.758132422668709,43.35821428571431,3.6774347602237225,47.00699450293181,0.8692857976355698,10.182083860058274,0.865023302582934,12.501062052639528,0.7625740574451467,1,9
823,D1177,4.295880548939257,75.85205357142857,4.189986953322739,82.55026720741506,1.3485352552297505,23.95214795235402,1.3366126039244637,28.718341375108796,0.8848069924001458,1,7
824,D1178,3.315188475405469,55.46205357142857,3.246293795685347,62.981587033398384,0.5559979182784078,9.43907274967382,0.5533251155356407,14.399772634877618,0.8415969029266449,1,7
825,D1179,3.5799067918034075,46.13602678571429,3.500066129307265,52.29766673314428,0.9739073982713704,12.72707707059502,0.9725452720785762,15.204491906281428,0.8929557234449478,1,7
826,D1180,4.325963885673149,74.44334821428569,4.218722220999973,80.96938143379384,0.7144656991740049,12.472040411632536,0.7108160682836873,15.09401168045299,0.9363881606883944,1,7
827,D1181,3.306216512888021,51.37830357142855,3.2378380213652567,58.2798311791105,0.9153996820472512,14.373296433882112,0.912710373967372,17.397086839539664,0.7330231201125784,1,7
828,D1182,1.4697296594165774,19.159419642857124,1.4546524392529625,23.336481030843142,0.5441464828443069,7.096557272553517,0.5417345594547077,10.208106842513011,0.7493433333559969,1,5
829,D1183,3.6567768733200503,61.722410714285765,3.574119182960373,69.73314302871306,0.7083735741262901,12.06376015959698,0.7053984142838562,15.825847939406646,0.9072547247705744,1,7
830,D1184,3.6925817690227896,67.09790178571427,3.60886475043558,75.5504332193146,0.7024155544851318,12.972328340649288,0.6995814309568702,17.950930047711157,0.8297054149464534,1,7
831,D1185,3.803436235982257,66.29964285714281,3.7213366737150713,71.62910404908746,1.0951318028008332,19.32203502661956,1.0870358283809054,22.578087912036523,0.8712073783067046,1,9
832,D1186,3.84119593758969,62.17678571428572,3.7576803391508977,67.09043977545082,0.6545841207921311,10.790454851892816,0.6533961610465221,12.148318581251388,0.853405059003632,1,9
833,D1189,2.5336357114163657,342.82053571428554,2.4992588489671848,357.4500112481388,8.637159643616798,1134.4073385207862,8.27863326619817,1136.2284241215102,-0.6312752663378669,0,3
834,D1190,3.6001077480421704,356.2504464285717,3.695779995423242,426.5939851311921,0.9426191846272032,92.72201473800877,0.9487204518132296,120.08493094022542,0.9019467272990556,1,-5
835,D1191,2.0656928919424566,263.0776785714284,2.04341673342206,270.3795840478086,10.854496233957931,1324.645926521638,10.2950967399637,1325.5645656055929,-0.0299763612618481,0,1
836,D1192,1.7179727491695975,199.2169642857143,1.697539193204684,245.98258439323877,0.8174169690126811,94.95734437955096,0.815826213999791,120.07353512978852,0.6969644574420288,1,3
837,D1193,1.8693296907993215,220.09955357142863,1.849962944107932,233.10837527494783,0.4162632609993174,49.33555350123957,0.4153863003184586,68.72257208842656,0.4781188120711283,1,3
838,D1194,1.5169323501051075,164.51116071428572,1.5035145566898165,178.58430986017953,0.4722669776752805,51.639689702237774,0.4731447766046742,69.84675621649599,0.2911052040708155,1,1
839,D1195,5.902208331525376,87.51674107142857,5.660368117109489,105.90854712197556,2.7032564519826567,40.32395732120829,2.649512965382562,51.14338024423633,0.8053758599438992,1,3
840,D1196,1.0373684297387034,83.97848214285712,1.0446913852846578,97.62287011835431,0.5067407520126853,40.834056294644206,0.5069573386064257,47.076608141488414,0.4333336815767267,1,-5
841,D1197,2.854206259900615,468.2183035714287,2.811432996999903,483.7739172433984,31.333419018626124,4505.750075463416,27.088113616942945,4507.031318037769,0.1106219301910118,0,-1
842,D1198,16.916383309544287,539.1753571428573,15.37509632781417,598.8687295805947,4.936775372129441,162.26866787197636,4.918409941134715,186.90617853207152,0.8049786637543593,1,3
843,D1199,2.247260814388582,176.42883928571428,2.239914532744928,213.61971388777656,1.2949050882835489,101.58962312671194,1.2935893706403518,127.20899239473668,0.7675245983818962,1,3
844,D1200,5.343783502800294,68.9850446428571,5.176299795452864,76.18659751109821,1.556451495434984,20.327043139201432,1.5375698013790668,27.260901638304453,0.7487697970495001,1,9
845,D1201,2.071742608631554,256.2406250000001,2.0486498054194247,267.52149475034685,15.26234522883469,1770.9980111136538,14.178305115536302,1773.118341257349,0.4769183970803285,0,-3
846,D1202,1.8069177325219288,276.71473214285703,1.7887550686364784,293.48294913224794,26.33541806132748,3594.2127504990926,23.26987132229305,3595.466053003314,0.2908166615970572,0,-3
847,D1203,2.167129800528297,286.4812500000001,2.1420751835057783,297.8627206756556,20.820411120497425,2519.5519430900613,18.85625110783673,2520.599829183102,0.2686818660994623,0,-1
848,D1204,1.850450547352956,263.1714285714287,1.8315084855747208,278.36493585069354,17.89250624309882,2356.351708257073,16.421789809227636,2358.0018032279863,0.3054520075031108,0,-3
849,D1205,1.505185467698852,145.21584821428547,1.5202083696596167,175.55618613546383,0.59738507291082,57.251870694678345,0.5967589855838085,71.44141331775224,0.5653937258544613,1,1
850,D1206,2.829898022540718,459.4522321428572,2.787791283637832,475.02132774898257,30.14914928435325,4312.415908109416,26.19834885112231,4313.727271358032,0.1138534865432122,0,-1
851,D1207,5.877369075279265,653.8352678571425,6.127461202918001,762.4981336024431,1.8291843431385908,198.4845569344841,1.8297260383666951,223.9704096024384,0.8787541099880452,1,-3
852,D1208,2.239671984087968,334.43035714285713,2.2135269438438554,343.5636049028466,33.62570193956254,4345.897524124855,28.785286529455973,4346.492264211176,0.2797308069066098,0,-1
853,D1209,2.2903288490205687,321.35,2.2621604913062523,335.3929664634084,30.09684188608456,3709.482507526681,26.158420745148632,3710.972839909287,0.414352464840675,0,-3
854,D1210,3.286210896838715,76.1822321428571,3.2239218121381934,82.78503945750042,8.873498398934066,218.13227793291983,9.29435144763697,220.075472937012,-0.2815294550722689,0,5
855,D1211,2.321167496992666,350.5330357142857,2.292405216865135,364.7896859147429,37.0803213363191,4774.946942723748,31.27926341742904,4776.289295039456,0.4557179867028695,0,-1
856,D1212,2.2335327626277746,337.0357142857143,2.207534141905125,346.21747956003287,34.657891011391875,4506.4670874388175,29.538416368619696,4507.052931117382,0.2715044992331381,0,-1
857,D1213,2.835679748529405,432.1455357142855,2.793380376955067,446.9054495432708,22.7951180035862,3161.704503462329,20.461377397113985,3163.2790865989,0.1093248311249414,0,-1
858,D1214,1.0905110993950071,31.012410714285675,1.0965813900034007,34.22824356157156,0.9199137551939895,26.08106252368469,0.9212796134208824,28.947811124209288,0.0116912428521115,1,-3
859,D1215,1.859932675760848,54.035937499999946,1.8412167374457309,57.89889352580299,6.2226925678977,187.4948632700739,6.4335352884430765,191.97913624224648,0.6600408518230937,0,-5
860,D1216,2.050815271374007,271.4285714285716,2.0283054151698074,282.5709003751791,20.49887944393912,2485.702444637569,18.59209177077979,2486.7754151346294,0.3167123499992649,0,-1
861,D1217,2.745039642868507,393.7000000000001,2.7053263012911635,407.45632704458126,30.34705890402009,3829.267585405441,26.34756565195651,3830.517068719191,0.1863620073383608,0,-1
862,D1218,2.061605599733192,235.20044642857167,2.038665659538109,245.9446303025649,7.540546704189698,837.1801255598809,7.264412313322986,840.9903436679057,0.4535034937668941,0,-3
863,D1219,2.237908376168348,329.0629464285716,2.2108678911036845,344.3607523263149,37.80768459633434,4723.220891282374,31.79516200894984,4724.644399915446,0.4837529935793557,0,-3
864,D1220,1.904883314228362,31.090803571428555,1.8802080853572347,37.0299265307503,3.0560999051166657,50.8573728966643,3.1104377159868988,54.24229212986288,-0.7194544298584424,0,3
865,D1221,2.7222644087704104,394.8553571428573,2.683116642236036,409.10964836601056,31.46445825431589,3995.333121803524,27.185894729662618,3996.5577598800983,0.1647516231641778,0,-1
866,D1222,2.7618043772619725,368.8892857142856,2.721638456168019,381.623953684343,22.837754841031774,2774.551022633841,20.495602077333256,2776.046298732912,0.2037602427747292,0,-1
867,D1223,11.887564725398452,975.5392857142854,51.40647492414103,3262.552340843998,34.02760756699567,3600.580855942287,58.99611159936671,3917.385945969096,0.1495130615690206,0,-13
868,D1224,0.9221169350437332,21.82040178571427,0.9161734875011202,26.393724122881448,7.062975912150744,173.7486909455992,7.323525536569354,174.33122211258808,-0.2228629774961804,0,1
869,D1225,14.5773814573307,220.4471428571428,15.733008661296404,221.12936123152144,5.0324861029843895,72.93432728962425,5.196716624098117,82.38276648694347,0.5105029061957777,1,-1
870,D1226,1.776570379267092,230.55848214285743,1.759031654988643,244.3516967389809,17.890758332925834,2149.0292233426885,16.42013594959378,2150.717774579716,0.4147908295001854,0,-3
871,D1227,5.024976768939742,305.84397321428577,4.882933526202621,330.179209903222,4.075906628353577,247.2644656599024,3.979743906334997,269.1523096484245,0.7789056266767269,1,11
872,D1228,2.268464637189909,329.80446428571423,2.2408000686409912,344.4143231049217,36.893736442686695,4575.612681604353,31.14620002093653,4577.049663557391,0.5011737437877337,0,-3
873,D1229,2.208097376597652,333.80446428571446,2.182527216208639,343.98993202050747,34.565026739639826,4503.4457206982015,29.470791067553435,4504.155701477524,0.3157040529817476,0,-1
874,D1230,1.499251187456741,189.3558035714284,1.4861301326801135,205.64452861972185,3.533687487052902,441.8413526262822,3.471473704461624,445.16264801366816,-0.4164315958642478,0,1
875,D1231,2.2555667575249982,110.75142857142852,2.2879317884336703,128.03038271024113,16.73121996547577,748.5532993143203,15.37421454794531,770.0477759539475,-0.3506397401931807,0,-3
876,D1232,4.669245476880255,373.6020535714285,4.5265130918748495,436.1461807910718,0.6894143688045634,55.77682126615965,0.6864315432586157,67.71790245645326,0.9609969606331548,1,13
877,D1233,0.9968499201962372,64.62249999999982,0.990314100314402,82.39352424188274,2.893255893491386,190.4573011691212,2.9418925734127828,203.8599603617946,-0.4478249170154422,0,1
878,D1234,1.8936132906247831,235.80044642857112,1.873772729193456,249.54786276773012,10.570024935317214,1261.7939156478856,10.038702720345292,1262.8796202163765,-0.6830254318254506,0,3
879,D1235,1.841263922047289,216.17812500000025,1.821862930055076,232.74373071698,0.3179175622204491,37.6846924910755,0.3168814339523993,57.49475304686376,0.4055339536204417,1,3
880,D1236,1.8824059737475387,170.03910714285743,1.8630076222297336,178.92521201757964,0.4305229470466679,39.2125478062431,0.4296700145426679,47.82299324275646,0.3666220597150001,1,1
881,D1237,1.8524424123171477,191.9995535714283,1.8328021750282089,206.72365614116447,0.4341395911372926,45.47358060266625,0.4335568931054653,65.41235568205548,0.1935232484339515,1,3
882,D1238,1.5886734904531876,197.97321428571453,1.5740914080836794,213.93840103259632,1.662035201790086,207.1118456854643,1.6474498931871262,213.9274704020671,-0.4011925907489033,0,1
883,D1239,1.6762901637699956,186.00044642857145,1.6577628966985152,215.3213413914044,0.655757417261758,72.98071360808548,0.6539208499939998,85.32760603094621,0.6897202616208412,1,5
884,D1240,5.451455602648302,578.3933035714286,5.293681356413581,605.8623127599863,0.8454909500746945,91.41642685636596,0.840501251065499,113.83950884000946,0.903433946817462,1,9
885,D1241,1.9233230821601228,236.3852678571428,1.9028922324723396,249.9536838960209,3.015890219144994,368.69628406699536,2.970261746154115,372.3005993311877,-0.6758406328553298,0,3
886,D1242,1.5417091263062217,49.86205357142853,1.564045752173692,68.93308370454537,2.3480325748846376,76.69614781745246,2.392631106193468,100.20161805654172,0.6840761117942016,0,-7
887,D1243,1.2223409946892985,59.03058035714288,1.2130658464638626,67.51278305731412,3.7612050644380015,185.77316213015027,3.835944786188349,188.93948459563364,-0.1829092831718198,0,1
888,D1244,3.159478585306045,104.65433035714284,3.098125893711309,117.67945514465016,9.273276323708226,325.78825146104947,9.736078014169944,329.39632778681016,-0.4325065218374251,0,7
889,D1245,1.4709896626911518,189.5415178571428,1.4874255334025324,236.8772211719739,0.9161872095832666,117.42113172334965,0.9180884588107564,139.91155433161435,0.3842299717092575,1,1
890,D1246,1.9903593874412613,21.877321428571445,1.9697220672778533,22.455403730425985,0.5791286092382765,6.408917211243566,0.5779359327405945,7.7849241038451265,0.165962128573775,1,1
891,D1247,1.9650351753762736,247.93973214285717,1.9429071812558227,267.2287888054097,0.6176129436685867,78.8603454594864,0.6200988986737765,93.26458949520352,0.0772895840818616,1,3
892,D1248,1.848833173107171,203.2736607142859,1.82997455097899,214.77192918370477,0.4116761177901994,45.59338295000661,0.4107407806427652,57.53176811785104,0.4087012109127623,1,3
893,D1249,1.0284371862392985,109.09107142857114,1.0216369641001115,131.3331352989613,0.8142925064005615,86.54231002362134,0.811886488206061,116.01606680497312,0.322149080174244,1,1
894,D1250,1.5856942376543524,193.6227678571429,1.5712287343866598,208.8074185695164,5.745689057194066,687.3203511381604,5.58438461362912,689.3597239223039,-0.44535234285428,0,1
895,D1251,1.5877589210141037,196.4767857142858,1.5731315087113489,212.79642426695904,7.600835864733098,913.222117122168,7.321721757298404,914.8013839007943,-0.4567522604163014,0,1
896,D1252,2.08315987117678,268.85000000000025,2.0604523633190746,276.64958528021407,13.3053890941616,1626.7012517906865,12.47483357992075,1627.4707118985552,-0.0626873898821197,0,1
897,D1253,2.6247840816642665,334.25491071428576,2.5878100140019358,348.99547733507217,12.572926804720955,1525.9879823005529,11.828270819510887,1527.324174634066,-0.6531438499594294,0,3
898,D1254,1.9013097115934592,236.7995535714286,1.880634314749793,254.92797120956035,0.8863103795095031,112.01883354729463,0.8919186316546615,137.79148398910823,0.4199471149177917,1,3
899,D1255,1.7941083590995677,78.62924107142862,1.8178615686765396,94.52826977814031,0.704797511210954,30.67077843655261,0.7055908790612022,38.30023827501299,0.7136611692963166,1,-1
900,D1256,2.190167835242097,270.3147321428573,2.223779723305194,317.3519271428367,0.7827722394618347,95.83019346758218,0.7842113682933151,112.97598535875264,0.8507174076702083,1,-5
901,D1257,3.824240376904061,282.88950892857144,3.744170398666136,299.8778128445181,0.8352007784939771,63.07090045266211,0.8346391055521516,86.40979473204001,0.541946721396932,1,3
902,D1258,4.584109379358655,589.9111607142855,4.472771183997244,615.8202783446027,0.7178303029469966,94.13550339831558,0.7166493358709373,119.60334436658027,0.762384174508278,1,5
903,D1259,3.9013072482415247,497.6589285714287,3.8174587798902047,529.2052921809473,0.7464881684007121,96.76402748927778,0.7457440576588062,111.71667107387758,0.7152642664956889,1,5
904,D1260,3.86315091128624,333.86375000000004,3.781227996290771,354.4400360226961,0.9662460898839172,84.79026808670577,0.9609809735649786,103.97383692107476,0.5698589758967508,1,3
905,D1261,3.8405467429336495,43.40660714285718,3.759565238517959,46.06510944828143,0.6594541829489865,7.564289705764573,0.6557075231049864,10.356681750880522,0.7448405738052704,1,5
906,D1262,3.8305611390564,325.6300446428573,3.749993604504013,345.7138768836881,0.8468251519236376,72.89058931782036,0.8435057662582689,86.76592395655618,0.717812671302877,1,3
907,D1263,4.533886012823577,516.91875,4.425122289710675,539.1438906464848,0.7661195868712157,88.94031945170862,0.762912580535526,109.09067410297229,0.7473117370198331,1,3
908,D1264,4.002520543278365,46.23790178571426,3.91880980320574,47.838445419810114,0.7731090224730311,9.12781625378729,0.774026750206662,10.81458987510672,0.6160966908107777,1,3
909,D1265,3.898345803365302,504.7370535714285,3.8145062065472057,537.1256625491483,0.6319601825846907,83.11627437197707,0.6290221362383014,105.3272089514418,0.823613250625978,1,5
910,D1266,4.0790761796652495,53.97276785714286,3.9920040826197942,55.89623161303405,1.0125298828567946,13.635756321965657,1.0099890003349177,14.613322477789586,0.6322223047096225,1,3
911,D1267,4.586039729655603,598.9928571428575,4.474688536601008,625.0762565220617,0.8197512983179096,109.449516824628,0.8194287518862811,129.69912001189826,0.8108686685992432,1,5
912,D1268,3.5795767262677343,39.66008928571431,3.508187163449096,42.38489737581107,1.249831119989681,14.055484749993818,1.246168894313349,16.618762554781263,0.4743962326287157,1,3
913,D1269,4.015088783756551,54.515357142857134,3.925965067591212,58.13706385223952,0.905911188253365,12.544490316219756,0.9022770632512584,15.332247698583014,0.7534745427311821,1,5
914,D1270,3.946794230011429,47.48232142857143,3.860718699537159,50.61520054957906,1.0639104258856569,13.043936435026628,1.0617233605918288,15.47848635746397,0.5787475716759753,1,3
915,D1271,3.590907554977006,449.1727678571427,3.518935888695633,480.5085764068711,0.7452498468547518,94.45439842016808,0.7426362837430805,110.68037076556551,0.7617395809519305,1,3
916,D1272,4.037544782488623,55.63428571428573,3.947413374988466,59.337412407019535,0.8503845562432163,11.977861201023918,0.849253986192672,14.663632188877402,0.7620191892237205,1,5
917,D1273,4.057429520932381,52.90120535714292,3.9713607253131737,54.7565562373728,0.6479305782176938,8.580408083059458,0.6450670276409071,11.215113257648506,0.7394167336934241,1,3
918,D1274,4.476178457544604,404.6242410714288,4.33604400212696,489.5283417813221,1.5632192026504146,143.01567748864375,1.5517487506431298,175.10181539865664,0.854064415198855,1,1
919,D1275,4.472939094116281,477.4607142857146,4.336871415502815,568.7861427831191,1.5400590210617884,166.7336470457732,1.5380325649320843,198.73072710881135,0.8393838311494071,1,3
920,D1276,4.466663444321773,488.3075892857144,4.326366078452261,592.4154872456153,1.4753972314923096,162.6592063309086,1.4645316205851004,204.8765968490612,0.8666674072184483,1,1
921,D1277,4.592262115343723,588.2169642857142,4.448442762959356,702.8121159601632,7.904332445909048,992.4717536230136,7.563296756586281,1067.3460210626708,0.1340673220241531,0,3
922,D1278,4.513404790673981,541.6705357142858,4.375638054431314,643.5070012462196,3.5032141269885853,428.6614080175571,3.5991528853957218,528.7999848713029,5.9282666030689965e-15,1,3
923,D1279,5.1326727517504604,709.8013392857143,4.965175869513737,818.8004847558992,2.7425667205568933,385.43507821784976,2.730753871178476,425.1630235225618,,1,3
924,D1280,4.426347434234346,492.9151785714285,4.287821545679379,599.624088403704,1.3909803594241166,157.00471006679487,1.3782405745471027,207.10616760559824,0.8623909215558072,1,1
925,D1281,4.455010901994417,525.2589285714286,4.320360539760649,624.922555554565,5.17813709176248,629.8593730049245,5.360514465697829,717.4340836239461,0.1487495985244984,0,3
926,D1282,4.526619875485086,399.5923214285716,4.383886055240129,482.48329079638825,1.5940780611602428,141.85503181708853,1.581997077707785,175.6707807437808,0.856456980164482,1,1
927,D1283,4.507887921742743,446.0901785714288,4.364986306164935,541.2428158822956,1.4195108241641048,142.14837367680178,1.4208823614018278,176.2263288353044,0.848491452241668,1,1
928,D1284,5.092742647796808,691.7781249999999,4.927326411288678,799.1892784033353,1.6872582390314097,233.18944775466363,1.6844254901895488,276.76105578478854,0.7543861749526042,1,3
929,D1285,5.141285091107948,632.1482142857147,4.973021084420165,729.6616561307412,1.471523922457688,183.26320409393767,1.4689401922895922,216.20802839282769,0.8635159509066355,1,3
930,D1286,4.652964082146515,526.5214285714286,4.509883088118518,618.5389115942909,3.0201191665384703,349.80615180871416,3.052030667805364,435.4062175439985,0.6056188573260776,1,3
931,D1287,4.186313740833947,480.7946428571427,4.064102933724827,580.1630629385276,1.4285900393475628,166.8687321055921,1.4278575599236236,206.20734510041603,0.8422431298593761,1,1
932,D1288,4.217675897859434,534.8674107142854,4.093605412547674,645.5543114544182,0.9951503013293168,127.5495708138477,0.9949284348571216,158.12075000941917,0.9081646063346168,1,1
933,D1289,4.560905924592016,581.0941964285721,4.4177985191885805,697.4005099715619,3.5581699409088743,456.8526708371418,3.4594084956869677,586.059353878399,6.571739715980624e-16,1,3
934,D1290,4.625519298879632,588.6834821428572,4.484087518344933,691.5929854268546,6.106643306041608,770.0761919723199,5.887398576225193,855.9903998029615,0.2310362863104125,0,3
935,D1291,4.530876404534324,513.4075892857145,4.389336727069886,616.7878231229847,1.319902537649596,152.29762855022844,1.3198896281400747,188.06573124418364,0.8834386504577989,1,3
936,D1292,4.21137138541652,543.8776785714288,4.087681366050454,656.4176169442907,1.18982666927116,155.21901326732782,1.18975231048299,210.8444384928495,0.874161586530465,1,1
937,D1293,4.642011361147478,580.0950892857139,4.499779085500096,681.0192451240657,4.186980389941984,524.9863724279537,4.065308758025835,632.1365245639904,,1,3
938,D1294,4.541563155463975,568.2839285714282,4.3994106636364485,682.6043713325284,2.849624692042372,360.9276553398434,2.81850252182288,416.83170147613134,-6.692043522292002e-15,1,3
939,D1295,4.483064191065225,539.1861607142858,4.347612652476801,639.3383775972147,8.2065680717584,965.6833968901824,7.847423438776725,1025.8829970774575,0.0822976319279009,0,3
940,D1296,4.547595678030709,478.8562499999998,4.408740369414396,566.799233714448,2.149336007452627,231.4725896619073,2.1597323154850576,276.526520121419,0.7734044361122772,1,3
941,D1297,4.478531244969758,527.7620535714284,4.343670476623469,625.0359859930244,5.819376364619833,680.0826696209377,5.617843495702903,760.0007306779293,0.1132904431269267,0,3
942,D1298,4.537801804146689,352.1702232142857,4.3946274461774255,424.8396888173793,1.3960196475150888,110.14098379042616,1.3975191305299297,144.66634690576942,0.8569046891361922,1,1
943,D1299,5.148960768796333,624.6437499999996,4.981129264222408,718.9006924793723,4.070877482786094,497.55059271272927,3.9559976914635744,600.0730387255243,5.034525097874982e-15,1,3
944,D1300,5.14383672342975,611.4151785714288,4.976324920169825,703.6703101845837,2.9025238913881592,350.44115112127685,2.853926404578711,422.3990234653692,,1,3
945,D1301,4.194721516284765,494.842857142857,4.073125786365807,594.3590738205418,2.067906358568935,249.55689104481985,2.088281453313276,326.6014039189134,0.6888024691097402,1,1
946,D1302,4.673996144774771,574.6450892857143,4.530823780698551,672.1361449362763,13.071018181853884,1535.3901537480365,12.23564354038793,1576.2075140471395,0.16443507816917,0,3
947,D1303,4.565216010643984,573.0361607142859,4.422823898556712,685.2791132163615,6.140700999202518,763.1638889472389,5.916156379691096,854.6747305949576,0.1471242025407036,0,3
948,D1304,4.188160607418742,484.0964285714285,4.066653581628428,582.1452767978033,1.5093348567829288,176.73776453218878,1.5072293125611562,215.097395874626,0.8901754979744989,1,1
949,D1305,5.158447203806497,548.0294642857143,4.990063078867933,630.5671566943228,1.223244590266423,131.83369109225896,1.2148905966816048,157.68784985942042,0.9214692076242016,1,3
950,D1306,4.216332823189461,435.5399096428572,4.093295076825247,523.5402236592482,1.3737716454655071,143.60971910085922,1.374100770256928,175.3185389045368,0.8458571148651017,1,1
951,D1307,4.653732251914578,501.2357142857145,4.5113327913228405,587.2211060148728,2.1142790987144187,230.53696891167925,2.123750400437831,277.680407407921,0.5153908665136377,1,3
952,D1308,4.601533840845025,516.2075892857146,4.457318992134716,616.3545689067012,2.450957900750225,283.2553683137772,2.472699521487048,363.9558089696324,0.6521965305113566,1,3
953,D1309,4.643392022774133,559.4647321428571,4.501749679059054,655.1252032587008,10.715367173665154,1247.8933244246286,10.135710473353477,1295.8239486435823,0.2090389909219402,0,3
954,D1310,2.478383757039664,130.5751785714286,2.444544783443809,138.25947252689485,1.188349738736963,63.32418557240271,1.1897111475009,71.87374280084754,0.1608074567095696,1,-1
955,D1311,2.5243980384274205,134.27120535714286,2.489541248345626,141.67746711211595,1.1397235136373105,61.23864122946043,1.13823643997531,76.53470965957185,0.131144433674802,1,-1
956,D1312,2.543600767767475,20.550312499999997,2.5077814482604124,21.81883439385252,1.4506209490544837,11.838228778683206,1.4463816832268426,14.528623146733455,-0.0030970781226282,1,1
957,D1313,2.682119373972218,23.23509821428572,2.642114993344479,24.72619765870537,1.3245090366624266,11.656016786566129,1.3363932493990296,13.565479426655202,0.1762820176588,1,1
958,D1314,3.3091673594676165,33.25704017857146,3.2514599349157103,34.490570670045024,0.9838947310721324,10.050670469054442,0.9836175980904917,12.825440916785178,0.5202788962131744,1,1
959,D1315,2.638720355921457,22.04895982142859,2.599723902719544,23.54583699804145,2.1106984772557253,17.99800780467663,2.137586984847483,19.60379875823885,-3.1351227287543877e-15,1,1
960,D1316,2.668458568141421,23.27322767857144,2.62867683197537,24.822992819512688,1.5026380869913818,13.261892541565796,1.500722314557264,15.979746982996424,0.2027911894653613,1,1
961,D1317,2.587730498717557,20.761633928571428,2.550794193073754,22.003601889499997,1.2824825220944838,10.39770415078883,1.2799227782586835,11.64642441212774,0.0708838063919763,1,1
962,D1318,3.2713237794679597,32.66351785714286,3.214711625666647,33.93846368730089,1.0230767800574836,10.34373877500944,1.0209280652136956,12.625857960816582,0.2543273036270382,1,1
963,D1319,2.693299074237716,24.92026339285714,2.652213939809505,26.779238778367613,1.9058000077192572,17.985816777781775,1.9307563485383723,20.934669204537613,-0.0392351582391678,1,1
964,D1320,2.318419526865142,21.628299107142848,2.286729971629984,23.69431405033973,2.1869139906217474,20.64341230254108,2.199280142727753,24.51522450328578,0.2694107659750863,1,-1
965,D1321,2.7213323655199444,25.180124999999983,2.681019807872843,26.51204261379728,1.0104369879669306,9.444064446344653,1.008540844065193,11.591740953925978,0.1665288403972403,1,1
966,D1322,3.337011555202303,32.11873214285713,3.2782633082351,33.33141693941578,1.539634315913622,14.991010503139014,1.5357881824932451,17.38943293544344,0.2210398813663534,1,1
967,D1323,2.6387512327005,24.260098214285733,2.5990782109239063,26.144942933150187,1.5540388526823965,14.48375258277363,1.5503892348789812,18.160424562785504,0.085807413015398,1,1
968,D1324,2.574749017243989,24.118026785714296,2.5380087030645546,25.61136228741213,0.9813288480982462,9.277263158597693,0.9809274332879134,11.512730276936333,0.0903109468030248,1,1
969,D1325,2.352360063814087,21.157741071428568,2.3199019783683275,23.12180736362541,13.293031010633989,129.2080911235058,14.2467240397066,129.58677067007477,0.3901062641323964,0,-1
970,D1326,2.126628957391868,18.526883928571426,2.0995093965925453,20.463561691534466,5.518962740093054,49.79057615266397,5.681747375147102,50.66199155086528,0.4875094584494787,0,-1
971,D1327,2.5437279688081205,23.63035714285713,2.5078305418716678,25.104732489367876,0.7931388446049438,7.477097434308413,0.7956046541115657,9.053776438781671,0.4818155750194079,1,1
972,D1328,2.553987515183568,127.55455357142856,2.518283679491611,134.63707147969856,2.637348553049665,132.6324540905645,2.620815274220011,147.24177075360666,0.251836379698417,0,-1
973,D1329,2.643494939434492,23.43604017857144,2.6037714848643745,25.228025050439285,11.553159873882612,109.90616801167546,12.26720026603263,110.2592571529892,-0.132215065188441,0,1
974,D1330,2.714069156275204,24.057316964285707,2.674075882086418,25.295944132508005,13.32177769148612,128.01054981297096,14.277293926515538,128.25985909572742,0.2079408911767224,0,1
975,D1331,2.5156550494620977,22.320142857142866,2.480495977335149,23.728241980013053,1.420741060037487,12.700494089747044,1.412679787794641,15.45904015341338,0.0066473990415165,1,1
976,D1332,3.183258578779797,30.089044642857143,3.129863568932372,31.192515850938488,0.9537589994817784,9.14444673330837,0.9521073290341112,10.86169884846169,0.4126327610343167,1,1
977,D1333,2.780067601140889,25.543214285714296,2.7384020234620285,26.76530391427167,0.8042588728965082,7.481102066166573,0.8013192075539766,8.938210643128322,0.228556029578593,1,1
978,D1334,3.147873035167956,29.5089732142857,3.095510088816924,30.633767836407426,1.0210318855205571,9.710650526171705,1.0218961832296047,11.8432560469315,0.3777370808022468,1,1
979,D1335,2.177127206056839,20.02433035714289,2.148940224151984,22.02663453290094,1.5708053622000264,14.625869092998032,1.5780227197086476,16.77665179136218,0.2636443829796859,1,-1
980,D1336,3.1436256225337704,28.141361607142866,3.09142049873671,29.209264489844102,1.0923162695701876,9.970369495770155,1.0957957667021008,12.254764853747291,0.4144356337172785,1,1
981,D1337,2.1644752326919225,19.74131696428569,2.136621078172005,21.71285700064136,1.3867043894974582,12.783581708665745,1.3933852989412832,15.35410679331463,0.2562260419724948,1,-1
982,D1338,2.575774621853089,25.69283482142858,2.538145061836028,27.62034019114958,1.4356530295220449,14.510022201732202,1.4380541889622622,17.12828837692128,0.0843432647527795,1,1
983,D1339,2.593489291388822,25.648374999999987,2.555371259630175,27.562136641363,1.1825600137677428,11.871096083168684,1.1900297969103242,15.07926030906528,-0.1287549845011983,1,1
984,D1340,2.5768201347492847,24.337366071428587,2.539254955539148,26.12906508929948,2.348057890042639,22.64915325675597,2.3806050738022067,24.39185772650497,9.865625826891524e-15,1,1
985,D1341,2.6338224711197045,23.902285714285703,2.596266898689979,25.091204122333256,7.260303693240584,69.14090626380245,7.538018404149181,69.60191148413398,0.3062434518823162,0,1
986,D1342,2.7209560147067045,26.064633928571418,2.681133051493337,27.276439984687894,1.7352566217089118,16.829851879965513,1.738940910432737,18.784788619537345,0.1442502668463542,1,1
987,D1343,2.673346338250751,25.398705357142852,2.634853503137116,26.594084752247245,0.9816012891696412,9.408282955964044,0.9773280689436245,11.463508359346182,0.1542480574627316,1,1
988,D1344,2.5907246797679298,427.8571428571425,2.637544036856251,497.657975557672,6.9249132750819244,1101.0468338893488,6.677003525092487,1143.4355511581985,0.8050784924368186,0,-7
989,D1345,2.5547479940540523,416.23124999999953,2.600272979568681,484.1663007077951,5.71789538406868,902.8466139639538,5.542505496041636,952.7750746566544,0.804778800120794,0,-7
990,D1346,2.8576970517126914,340.70803571428576,2.9131338795102417,391.4108031172301,8.602452670543803,978.0765425156188,8.229863944734051,1006.7392715223884,0.7264433215751606,0,-7
991,D1347,2.148605944634021,276.0339285714289,2.186633554432799,348.33719077434523,14.52436224471469,1738.8698919200085,13.524387914099586,1757.928510946145,0.7560404600122433,0,-7
992,D1348,2.8724200249103857,321.0294642857144,2.9284520408989585,368.8404630410544,3.1880564739289503,350.09898605368807,3.1250948924385584,399.5544399334772,0.7208150928241689,0,-7
993,D1349,2.8549325802292755,336.9830357142855,2.910306515545582,387.2775686632676,7.832983686650749,885.195315239784,7.5197195919471715,916.1537798963552,0.7264337022364711,0,-7
994,D1350,2.1999380240818542,298.66383928571395,2.2394654653007646,375.2548027904492,19.635837387268896,2424.481585236305,17.865020498680177,2439.7685376701306,0.747667321090117,0,-7
995,D1351,2.817901356514429,356.45937499999974,2.872272490873707,410.8864275331018,17.745922679417518,2047.7152787602213,16.28570262690068,2061.604567247217,0.817094164839311,0,-9
996,D1352,2.777519420838072,347.7513392857144,2.8304208159888,401.15560166082895,17.000865398692476,1948.938672964853,15.65481823587447,1963.2379360197224,0.8339775068940187,0,-9
997,D1353,2.591437846559997,342.3767857142857,2.6362198950118643,390.55315450006987,11.859064573298566,1470.732542725627,11.181310265821166,1490.136962146996,0.7265381121282378,0,-7
998,D1354,3.125008522725957,375.3267857142858,3.1924338005779087,433.4626202294273,8.9742175973975,1025.437334937504,8.568185119902322,1057.268380663622,0.7542786131886825,0,-9
999,D1355,3.132503919199011,39.74383928571433,3.19978898370978,45.74581215707858,13.851335452196915,163.21778854807027,12.935016033362064,165.46819980740162,0.7654321005820243,0,-9
1000,D1356,2.203290593658134,302.13616071428544,2.2429402038372,379.6150693223133,20.15998462111557,2508.1947833577115,18.298728808202785,2523.271730877289,0.7470102409951994,0,-7
1001,D1357,3.186985890644471,40.85629464285713,3.25660938610589,47.01496626829274,14.683240167123088,174.06739880401145,13.660065454400335,176.2221280505376,0.7482527026045542,0,-9
1002,D1358,2.681198537747311,338.47633928571423,2.735236973993876,407.7849980019176,15.884819116153407,1850.641575583383,14.697879266106463,1869.8482851945755,0.7815889864174969,0,-7
1003,D1359,2.747544730292778,325.5906250000001,2.79942684982656,376.0562979267591,12.04701874056994,1338.5251725182177,11.34734936139614,1357.1250144562523,0.8178354995559676,0,-9
1004,D1360,2.718208732280416,339.8142857142857,2.7736623380443097,409.0210358978125,15.142612928840917,1752.7221493756915,14.05847223167885,1772.5888399640808,0.7787221437797933,0,-7
1005,D1361,2.69714287996582,319.1339285714287,2.7519144846012877,384.7507825327952,10.12156291787321,1136.3648041795009,9.614194496136577,1163.6526728912258,0.7727801215839246,0,-7
1006,D1362,2.8986899497384493,299.8084821428573,2.957438476712054,348.60094579001367,1.1574371135595316,118.72003857327438,1.162069151611682,139.76845508216618,0.8265092563458686,1,-7
1007,D1363,2.887836905591028,318.6531250000001,2.9458920605035623,369.7358307112239,2.4499591552875715,266.7582996132824,2.415929632301957,314.89720560465594,9.241271512319076e-15,1,-7
1008,D1364,1.9047299736648895,256.4607142857146,1.9348858938442903,325.51447771319346,26.278483102568835,3125.10203285943,23.215371063572192,3134.6848651161517,0.7443760318336682,0,-7
1009,D1365,1.9233396609242897,239.34999999999985,1.954011141144871,303.41215446964327,18.47144640009661,2103.0464732941728,16.89693452968578,2115.188612533209,0.7244210154535902,0,-7
1010,D1366,2.526616048280857,312.170535714286,2.569305238112062,356.7268372542372,6.495736131011665,774.1359576079891,6.276280198296219,805.96547407594,0.7275196647121287,0,-7
1011,D1367,2.858907455324144,346.1401785714288,2.9151128889731845,399.4718183421124,12.51865532760456,1417.476370660967,11.764884994152494,1437.2286131061985,0.7562487534569765,0,-9
1012,D1368,2.4637825756914635,324.00803571428565,2.5058491413408968,376.244839102004,15.60176845200787,1892.629371198986,14.460821051286969,1906.1053274082335,0.7254667742873401,0,-9
1013,D1369,2.880756943115035,377.4968750000001,2.9374880233514813,434.39462226041934,18.501714267870053,2203.8089946482446,16.92017556039589,2218.738216903385,0.7634465174476579,0,-9
1014,D1370,2.4476004337606416,348.2857142857144,2.48922482141962,404.9758358435568,22.86292517163809,2902.721323769733,20.506813798040955,2913.0296280813477,0.743730241207317,0,-9
1015,D1371,2.378201322296431,320.6776785714288,2.421043132136141,388.3561139167476,20.40330424597619,2488.15965981583,18.500432236982608,2501.806620302194,0.7929379179771924,0,-7
1016,D1372,2.448271804293232,344.0991071428572,2.489971968863285,400.3640850489692,21.673735598144823,2732.6103344440994,19.54375966425974,2743.292762266274,0.7431025296655831,0,-9
1017,D1373,2.8735272172783994,371.9062500000003,2.930120743118076,428.4991754086501,17.666575075399038,2086.572102147473,16.217601610730377,2101.9494946652235,0.7559023734863044,0,-9
1018,D1374,2.365143437672939,322.85223214285696,2.4076460529258235,391.6036994807203,21.52281200546757,2643.772047404444,19.41785006530047,2656.939148463337,0.7875424814465252,0,-7
1019,D1375,2.381703727053918,300.46651785714283,2.424484678305116,363.10571949444113,14.153621331563857,1662.5793708536428,13.20267646503311,1680.4066099141592,0.7898877326633587,0,-7
1020,D1376,3.953074991501166,393.2459375,3.866144280529425,420.6304107100985,0.8814919114406508,89.21295378422916,0.877916768102229,111.15208286416754,0.7571070477122258,1,5
1021,D1377,4.030414273397724,438.86874999999975,3.939838866207774,469.9846758638784,0.8372577333041564,92.44988292554964,0.8330325375435347,110.82059237581164,0.8035253825248788,1,5
1022,D1378,4.028314816510519,432.6745535714285,3.937855527137273,463.2824665275524,0.892534798972,97.36050738392544,0.8873957374967392,120.37149417752303,0.7384679876373708,1,5
1023,D1379,4.675773410937767,586.7312499999998,4.558812300814648,615.9746405912847,0.7989823097652069,101.95273572295773,0.7964766952605226,130.0080178723785,0.7750160512297944,1,5
1024,D1380,3.987026479560948,402.0217410714285,3.8986985678266577,429.8029143307608,0.8020883696113186,81.91866587362814,0.7994910343864425,98.98388197083813,0.7947533687488227,1,5
1025,D1381,3.9474404835435615,35.10286160714285,3.861037656274736,37.48251070936744,0.8238008482645646,7.477822229667351,0.8222471717007904,9.32761753016209,0.8000707135582946,1,3
1026,D1382,3.967179182485432,381.0280357142857,3.879782822512921,407.05254895158174,0.7427559315199529,72.83851484310655,0.7432646817671961,85.92477984479575,0.8298516893959953,1,5
1027,D1383,3.7446327468326976,438.5754464285714,3.665544821040288,472.09766360530193,0.9976709008484212,118.7799306961385,0.9972885986026988,136.77703208531045,0.6780435840231209,1,3
1028,D1384,4.694494976472199,581.007142857143,4.5766994395557,609.7088728817706,0.6967386102114393,87.82871785409667,0.695649527316535,123.36325019691095,0.7366604634087176,1,5
1029,D1385,3.7066431251747183,428.3098214285718,3.628926964128052,461.6754602440096,1.0409626563791468,122.07325596514328,1.0358853006113695,157.6268027042224,0.4654411841479398,1,3
1030,D1386,4.627329803746996,51.21254464285716,4.513043496507078,53.68987894929923,0.92302330731716,10.401161629065134,0.9199464603670404,13.075222511564704,0.7574499449690457,1,5
1031,D1387,4.141583257435126,478.28839285714304,4.045599319544359,513.6616315151916,0.7957611551276093,93.76878637754506,0.7933093824770407,111.01475862890516,0.7788971303649765,1,5
1032,D1388,4.088227650990041,465.8455357142858,3.99480632134135,499.9427792536881,0.8885120459044814,103.08035975704244,0.8854507384570474,122.58780782303988,0.8176919783032788,1,5
1033,D1389,3.692464142670642,38.142138357142834,3.615514728679512,41.06317351162496,0.9975486214382326,10.476472707858989,0.9935874843012236,12.910605846422706,0.6018578885159684,1,3
1034,D1390,4.2194338024496005,486.7785714285717,4.125417911908161,506.8610846854658,0.9003927561734588,105.76317123033148,0.8968803473691885,132.49647015404926,0.4756518054366011,1,3
1035,D1391,4.077811452483253,41.53745535714285,3.984985273991264,44.54521322936454,0.8456361680025264,8.786128705766957,0.8417948618427578,11.581881302098925,0.7578908654558926,1,5
1036,D1392,4.201114574822378,478.1205357142857,4.107817644546219,498.0782223734325,0.8900968331424012,103.24433538246625,0.8886298178536614,116.60703956228998,0.6946567724642365,1,3
1037,D1393,4.1156162720307865,41.893053499999965,4.026407474557261,43.54789622240124,0.9740692066925992,10.082277956991366,0.9696680300651188,11.847590238437958,0.6687225300752705,1,3
1038,D1394,1.3676514308864969,9.225013392857145,1.359894136637355,10.01283740821995,0.5636656398440681,3.813453245208759,0.5662976412958826,5.2992933739446215,0.7936529737948057,1,3
1039,D1395,1.3575714019089304,9.597241071428575,1.3501821341815252,10.374666130385323,0.861338414872703,6.14281967171509,0.8639035753514468,7.262072351838735,0.8122905775921545,1,3
1040,D1396,1.4008865049435022,13.399687499999954,1.390369195398802,15.159983050023756,0.8902434412275678,8.581504981606892,0.8927367552913722,9.551458388292,0.7775022241988279,1,5
1041,D1397,1.3747553237438457,10.739562499999993,1.36488716056418,12.08792351749644,0.9544514740323506,7.467381757654396,0.9543404607037512,8.093803183562748,0.2421292358158974,1,5
1042,D1398,1.8565714731338427,16.71880803571427,1.836533332615107,18.71907454930455,0.7196988926835771,6.511671169383606,0.7198242587646966,8.132188689071608,0.6695997219414327,1,3
1043,D1399,1.8021227400559336,19.041919642857124,1.7833756000027703,21.388398221646305,0.7092755499357908,7.534924383943397,0.7098348659448306,8.92184300103486,0.7874216771832377,1,3
1044,D1400,1.403452614323086,12.85748660714283,1.39280983827776,14.56646603033836,0.8840671926915061,8.15902915617005,0.8870776779452111,9.10285974955502,0.7777861737348157,1,5
1045,D1401,1.414054500686597,13.749316964285706,1.4031626755948945,15.56645342520634,0.7213765611275585,7.05106440314382,0.7221732063382008,7.892074213237652,0.7740644550416365,1,3
1046,D1402,1.1410313061463002,11.740223214285695,1.1355508137097547,13.13569401813888,0.716926761997036,7.389967288018868,0.7192991191165643,8.543019657177679,0.7227898930280557,1,3
1047,D1403,1.3959124821207562,14.18642407142855,1.3837603091840087,17.29211858346882,0.80867884085545,8.2399185098301,0.8102225607268617,9.691564731367611,0.7354373268122723,1,3
1048,D1404,1.364020626662589,13.27806696428574,1.352666395136094,16.144247176016048,0.8022981848707105,7.823243570997216,0.8036418843749104,9.748015384838371,0.687985666892299,1,3
1049,D1405,1.3346356561408896,11.065647321428555,1.3248806197210587,12.673461089008368,0.784819993644771,6.531805676970838,0.7876335319441967,8.083081603398805,0.6144214854637545,1,3
1050,D1406,1.362883022105795,11.304705357142852,1.3514707658774665,13.745607104744913,0.9381539672314506,7.747326332644036,0.9370621853788652,9.739925215405725,0.6016594000498211,1,3
1051,D1407,1.1109352932097476,9.332232142857151,1.1059835097605009,10.421115713934585,0.6054223929131,5.090769875106251,0.6041013031149185,6.436538001559643,0.6622761137965042,1,3
1052,D1408,1.1042918188495023,10.88458035714286,1.099495949992445,12.12383002667164,0.8925522579062966,8.826136203654373,0.8975557591119626,10.112734787220372,0.7483704952179108,1,3
1053,D1409,1.2526796935807658,10.805312499999982,1.2454747101977308,12.025253916354096,10.145325325087873,92.329830077437,10.693241319803771,92.72913268579086,-0.4397682250308952,0,5
1054,D1410,1.5020455495101326,15.240910642857129,1.4896627224548538,17.18824830587395,0.6813810698360236,6.955976399199463,0.6825920845367783,7.940858411387876,0.7892360649048136,1,3
1055,D1411,1.457148765319206,12.36399107142856,1.4459637130897838,14.17125143956175,0.950795206206526,8.142204801621599,0.9563758174235428,9.343701365956957,0.8585678149612809,1,3
1056,D1412,1.4187317457967654,10.265321428571433,1.4082697158563249,11.764347123499354,1.6473034658827774,11.86779060284262,1.6352119322807623,13.375759184686178,-0.2494209894923945,0,3
1057,D1413,1.2603417130617771,13.314508928571447,1.25306646616118,14.80422119930934,0.5069864941395434,5.374552200489347,0.5067295254729249,7.004882229413049,0.780542801450718,1,5
1058,D1414,1.3587077813013195,7.552633928571448,1.3508354960255402,8.234777110099202,5.162829703568712,29.47214249004304,5.306715146146193,30.152792570343056,-0.2900443514591123,0,3
1059,D1415,1.2466778867687096,12.640772285714288,1.2398818585915632,13.972398315700069,0.5181658704173936,5.265821147145232,0.5165403966956015,7.34584476614182,0.7787037712512724,1,5
1060,D1416,1.5988601308464845,17.053169642857092,1.5830310647493306,19.78065117929658,0.7642839086941865,8.160961177535976,0.7609901740480318,10.926893339380078,0.699020864046594,1,3
1061,D1417,1.5694946766622992,16.068749999999984,1.5543859883478948,18.60440410849384,0.8381175133593993,8.586813824041583,0.8369527868415537,10.50141417412167,0.5591433030972643,1,3
1062,D1418,1.4373886270360503,12.734915178571432,1.426687452693188,14.57065296667514,0.5206006538451518,4.623522356847762,0.5215186285489133,5.312410304380718,0.8922671227451212,1,3
1063,D1419,1.5462951774900644,13.470428571428572,1.531506619210855,15.632978385694438,0.9230647618631352,8.077518461934053,0.9198370803710896,10.516559397754497,0.66343379035108,1,3
1064,D1420,1.3123949721485622,14.776160714285684,1.3032499561752295,17.357236217414943,0.964118615417352,10.896007503144606,0.9617289373857548,13.34259902671892,0.5547281279017374,1,3
1065,D1421,0.9907869856864254,10.261607142857097,0.9881981957102434,11.272239357551262,0.9816617678428818,10.161999619793514,0.9786627378113992,11.847648417365788,0.6273153549432953,1,1
1066,D1422,1.2780382553028105,11.744531249999977,1.2690166625652175,13.963663406585717,3.240676909543775,30.243387449665413,3.3013155116302566,32.11957447620718,-0.316444660841398,0,3
1067,D1423,1.175636103914513,12.714107142857156,1.1676346268182547,15.039394077513563,0.8369597779481615,9.077829815651414,0.838051852264036,10.708856331374234,0.5559763363511266,1,1
1068,D1424,0.9909200271474788,8.377379464285687,0.9880573318880757,9.29117630684614,6.898070523407977,60.4033411413315,7.149037178653647,60.88826697919681,-0.2843960594668805,0,1
1069,D1425,1.2956509218444991,13.999285714285715,1.286385210369636,16.60682413888675,0.8540039211028363,9.269584468648288,0.8533835332116386,11.48013031032943,0.7385098189049022,1,3
1070,D1426,1.1774565069135334,10.392687500000006,1.1692828060406455,12.329619671433004,3.84262017403194,34.61009042132505,3.923439625636992,35.771865502421264,-0.1377630423644945,0,1
1071,D1427,0.9778902380941152,9.719901785714294,0.975532794051138,10.679086044303116,0.4912388649378345,4.897417395152745,0.4905473381505486,6.507072955912062,0.7574203567278714,1,1
1072,D1428,1.9369947710114157,245.1580357142853,1.9119768711422456,285.57718272566285,3.5113074494455145,440.606705732809,3.4466406031391243,456.256473651567,-0.8210556466322184,0,7
1073,D1429,1.9790502874329248,247.654910714286,1.9528041644052776,289.2383800980838,2.711235286073027,337.92290535737163,2.6708588590310933,357.5695256582318,-0.873700734503056,0,7
1074,D1430,1.695979056630301,212.8816964285717,1.6752835471277965,257.7874605427079,4.714686350591428,582.2423052538778,4.6020769142436375,594.1275299321419,-0.6960302476284707,0,5
1075,D1431,1.7670327907083525,219.7933035714288,1.7447622408713883,265.03298820218504,2.9784701042928323,367.994284831474,2.9306303267337266,386.2130241798936,-0.7411184432950615,0,5
1076,D1432,2.4069522778223296,344.90625,2.372276883044239,380.7889080946317,23.46840551664406,3041.825775483241,21.00090711090934,3044.6642609430046,-0.6273006378135644,0,5
1077,D1433,2.3300125427536478,336.9187500000004,2.2974346999865216,372.3792750647759,24.272720577721376,3161.8703861044696,21.642881943156045,3164.648847682263,-0.5583718564302481,0,5
1078,D1434,1.6910426410255062,189.5004464285716,1.6706570372518512,228.3678215442202,0.569431345838034,64.46066795786035,0.5689248430338302,83.09969340462654,0.6205657287924546,1,5
1079,D1435,1.3594014723895538,183.48616071428583,1.3456685076161634,225.3410453918266,15.7679682478383,1982.4681021752624,14.613279253055715,1985.3070696200127,-0.7405232889054798,0,5
1080,D1436,1.2997088555413834,156.67187499999974,1.2871136782004344,192.68460813333144,2.5872054560523416,309.6135789445626,2.5514857450254587,322.6169111796618,-0.7585092234222707,0,3
1081,D1437,1.394031895719047,186.50267857142885,1.379593729762611,229.0448166897812,14.970919587474585,1873.074579968392,13.925899033766417,1876.0281219013173,-0.7996883759003444,0,5
1082,D1438,2.284896532365243,295.0339285714284,2.253662248757567,325.52250229953086,12.286887334847007,1509.9679295456438,11.572573541380446,1514.258193042103,-0.5729982786259076,0,5
1083,D1439,1.630986827331014,193.93660714285733,1.6128349577483307,228.37706662261823,4.440305732879337,520.0462286701612,4.3402161464718265,530.7375315087645,-0.3602540334965659,0,7
1084,D1440,1.7599984387445065,232.2736607142858,1.7390837136709991,272.2064418689934,15.709546402614723,1935.3354316262576,14.56208609810796,1939.265761144349,-0.437007156697436,0,7
1085,D1441,1.8297121891661712,243.32098214285676,1.809950644053873,266.2165613276368,16.838707060288886,2081.921987810113,15.529079845492484,2084.1623292228705,-0.2434715855507991,0,5
1086,D1442,1.91292845945878,252.08571428571435,1.8913309328085444,275.84694282329,15.291830895001404,1887.9721261790492,14.203618685416492,1890.3996526203127,-0.380726071485133,0,5
1087,D1443,1.7936232164841304,212.990625,1.774666962393961,232.7785530200188,0.8405100906034259,100.79725751370006,0.8417307996971928,148.0117941977341,0.4247159377305462,1,5
1088,D1444,1.5895956011399166,164.92633928571416,1.5722273083980842,194.8017272460848,0.5159715521374464,53.84272482879065,0.5149457895480201,60.7742062805324,0.7646066945578924,1,5
1089,D1445,1.6801985474339771,193.50267857142876,1.660704240530856,229.1814616057548,0.7598326312962143,88.103461440808,0.7561769964223392,111.15082602250524,-5.2996784239781305e-15,1,5
1090,D1446,1.988837022195784,274.9245535714286,1.9615469495783973,326.27017154646506,11.287486750252883,1488.911218599658,10.680292730374886,1495.4614318045033,-0.7611999756754887,0,5
1091,D1447,1.6525703070670774,191.99642857142848,1.6335843025073258,228.1512274306781,1.3763966689739513,160.22821100202418,1.3634917849269947,188.2972987409912,,1,5
1092,D1448,1.924714487151164,263.6593749999999,1.8989893625154457,313.8724462572834,9.970623848090924,1311.0432186542264,9.49290279507676,1318.3097867467627,-0.7259342988076576,0,5
1093,D1449,2.585845703546736,360.6607142857144,2.5459974361757016,397.5899833994233,26.56029613041329,3307.290435376987,23.443315049149568,3310.2248732891576,-0.674340279264104,0,5
1094,D1450,1.8110846290858704,200.1651785714287,1.7890191572453096,234.09136132379737,0.3849541673851137,42.94898406741049,0.3844496583160987,53.824881186055165,0.8513880094083979,1,5
1095,D1451,1.921860437898237,236.1375,1.89636273109542,280.2338965680531,0.5391275195763774,66.95738457249016,0.5392193012428736,80.25915752992141,0.7712869762584676,1,5
1096,D1452,2.587863389056169,357.5267857142857,2.5480090137319995,393.85197531537335,25.623668829904,3173.6935384081785,22.71035759351054,3176.681113193061,-0.6446509255902946,0,5
1097,D1453,1.607920628613466,217.9290178571429,1.5896895727364488,260.9409064309303,17.944585187676942,2245.505108539303,16.46431292441452,2248.568649452944,-0.7388449803381155,0,5
1098,D1454,2.478406117112441,307.3120535714285,2.4417767994717097,338.76211488698203,14.995742939544844,1748.7246815915928,13.946210706464504,1752.7731008981473,-0.6518576627345464,0,5
1099,D1455,1.5288754951289658,184.19241071428573,1.5121755350458497,221.92337574363555,6.886972130815668,806.9920858431975,6.6546840340532185,813.1288053017884,-0.7562105068391953,0,3
1100,D1456,1.97200222761393,290.298214285714,1.9463649955959557,336.41859732831057,18.562023528634224,2519.6578446191343,16.98174632409983,2524.132458991084,-0.4307839718104518,0,7
1101,D1457,2.065950803148972,289.1723214285717,2.0409400711774697,315.4726101794538,19.92794645346989,2559.510637348548,18.11988957234838,2562.0015006400768,-0.3256037837424259,0,5
1102,D1458,1.862782822398153,243.76383928571417,1.8397595290263864,283.28541873557833,8.141841556791825,1031.4618243187354,7.819238372431947,1039.3212207613644,-0.4363411145261092,0,7
1103,D1459,1.962075908336397,246.48526785714304,1.9394033345635897,269.49161302236746,1.685484888385416,212.1052135876253,1.6685550475721471,233.12111122418565,0.0,1,5
1104,D1460,1.9459925166487704,283.8111607142856,1.920981655277784,329.1778301447669,17.724866035045775,2392.506811060485,16.2780178200225,2397.1104192746952,-0.4103169782799042,0,7
1105,D1461,3.1391342393420105,419.8745535714287,3.0787428786838227,470.9281186589293,16.572330413496864,2074.7729742031224,15.297262471613909,2082.7087655958508,-0.5447440155619053,0,7
1106,D1462,3.024225810645074,374.6812499999999,2.9678531631842846,421.0022339661208,15.869898101982036,1844.9129846507844,14.696015598218118,1852.669507121208,-0.5464083011986346,0,7
1107,D1463,2.7260444594301125,334.38392857142856,2.6827422473239086,364.5345468285182,12.415134531650178,1451.441538417528,11.68511884473998,1457.0221623176008,-0.3822489409191624,0,5
1108,D1464,2.7367140518944035,340.1357142857145,2.6930537983551166,370.8992448305178,13.747228136749076,1618.3253285351147,12.858777781052504,1623.4654278132375,-0.41033595406984,0,5
1109,D1465,3.0864531458998306,382.1357142857144,3.027819115206353,429.4884209666425,1.1672023961999058,145.92678176259986,1.1664245535539648,160.65591736100538,0.9069255966612124,1,7
1110,D1466,3.693120400592192,569.4218749999999,3.614943417716241,617.6524145263261,33.41740067611339,4486.635936167179,28.62747770914314,4491.833095705597,-0.3570430521247978,0,5
1111,D1467,2.9988737739273663,343.92767857142866,2.9434652638005274,386.32519503258425,1.4950323668236245,175.00358927387217,1.504319214428498,192.1841321736067,0.8896199140785646,1,7
1112,D1468,3.647512051687869,555.5816964285714,3.571090364045189,603.2202355393708,32.34205370743909,4308.477339714325,27.834241481637896,4313.756329009153,-0.3356081045504873,0,5
1113,D1469,3.6788164243036783,525.040625,3.6011577747053423,569.8157288416841,22.847524624265827,2974.276659887398,20.49833147988448,2980.9892852517323,-0.35219539604652,0,5
1114,D1470,3.0975651231146903,434.3714285714282,3.0385960085494554,487.9887263362237,23.337705842006034,2967.2515488190206,20.891474921265907,2974.6080323741467,-0.3779639618613805,0,5
1115,D1471,2.7483974037742405,395.3459821428572,2.7016069371598324,445.18563616778073,17.149150387377762,2298.5025503006323,15.789086328995912,2305.388026541776,-0.4151668231208965,0,5
1116,D1472,2.703023467294663,359.98035714285703,2.657546549771004,406.3017155338613,10.189008397839364,1306.2389851170751,9.688715944690813,1316.5939254204284,-0.4089218960984981,0,5
1117,D1473,3.105050708351018,440.8437499999997,3.0457956645697,495.2769549267088,24.18165572941032,3101.213327455636,21.56581512590136,3108.4296914149586,-0.3979062565168662,0,5
1118,D1474,3.1081000297864767,408.4339285714288,3.048650523587611,459.1666453634082,17.455550836497657,2136.5087361141964,16.046079614187352,2145.472836021124,-0.4195121775640836,0,5
1119,D1475,2.7955800241942503,377.38392857142856,2.7507308401626065,408.3248817099412,25.20202355266633,3059.989796562291,22.37870582172798,3062.686222145591,-0.4355021109932583,0,5
1120,D1476,2.759895758001874,392.0669642857139,2.7126219119293027,441.9405432737103,16.18673315301114,2152.311444584651,14.96895667854046,2159.4843539841427,-0.4387522199239718,0,5
1121,D1477,3.1903967151421817,452.604910714286,3.131361611405566,493.1104628124986,23.121111385175848,2980.7804460255948,20.719340569223537,2986.499992083487,-0.1669857177993147,0,5
1122,D1478,2.680485488152785,302.4709821428572,2.638576872318027,329.87543329679096,2.061337553895348,233.4815243248665,2.035770422174352,258.25957152673885,0.6805794987847964,1,5
1123,D1479,3.214939077505899,450.37946428571416,3.1550467081925486,490.5003498387786,22.24078684874981,2843.087854771823,20.009128687367543,2848.9362337245443,-0.1790586283350031,0,5
1124,D1480,3.40245048787558,458.10624999999993,3.338745585086559,485.8592545985079,27.937273564285224,3352.138505539864,24.509395198229537,3355.305726294501,-0.2523243792806678,0,3
1125,D1481,3.456760977927579,470.9089285714286,3.390919762429555,499.8369430050504,29.242633557485387,3530.984969756118,25.50873500450096,3534.0649711582987,-0.3194524270562134,0,3
1126,D1482,3.2405331036328464,425.33794642857146,3.1796290242088943,463.4618443689037,9.226981462944831,1174.6640929765078,8.812842075355631,1187.0417684963122,-0.2177551861906254,0,5
1127,D1483,2.78304331843591,371.22500000000025,2.738760251756508,400.8878068734156,23.853180361335085,2878.799789290385,21.30838945370392,2881.5975426290397,-0.4046393048651467,0,5
1128,D1484,3.419283447000864,427.2133928571429,3.3549963233701803,452.9401871137941,19.71843881719782,2278.095251104085,17.94458729551583,2282.0993746004942,-0.2660247987965793,0,3
1129,D1485,2.416741999878069,319.9281250000001,2.382621995462425,348.9989204270745,24.287772144011,2897.8872016088108,21.65487536660691,2900.420893873076,-0.2751493954211457,0,3
1130,D1486,2.440546537662186,319.1718750000001,2.4057995824162024,347.9437189863202,23.078060144423304,2735.4146515176994,20.68770313946349,2738.034728582049,-0.2801008756172188,0,3
1131,D1487,2.422927231364689,294.0964285714286,2.3886359656439806,320.8038574160787,14.798737540282731,1690.7674787735705,13.775911916240796,1694.4078251535548,-0.2850124946259265,0,3
1132,D1488,2.9273184062848934,404.1861607142859,2.8796967761802903,430.26559863125647,31.921566732907813,3850.747163724455,27.524675577726587,3853.411422628549,0.0257943349236026,0,3
1133,D1489,2.831093513636975,373.2857142857144,2.7842566662854744,407.9748618845132,23.67463511409113,2825.1301158150045,21.16427635539433,2829.246187277395,-0.3521393301426067,0,5
1134,D1490,2.8372566614388384,407.9544642857144,2.790141709837447,446.2286432089376,31.54421479529675,3965.2377909915895,27.242807079362297,3968.7337358465657,-0.3687468493620479,0,5
1135,D1491,2.817612676054535,400.3370535714285,2.7712184708152177,437.5414381491841,30.497129753626044,3805.05363253992,26.4579682119396,3808.610370872491,-0.3117781415521397,0,5
1136,D1492,2.9354517878451136,400.4374999999997,2.8875480311763235,426.3616101653239,30.81222289117006,3690.128198793077,26.6956713305594,3692.8421801378654,0.0190530138237013,0,3
1137,D1493,2.912837524271205,368.7941964285713,2.865634366050536,392.7911769520876,20.42424848164957,2377.144203766671,18.527900213130017,2380.763242733401,0.0294666766426288,0,3
1138,D1494,3.674158382047885,438.3705357142861,3.5839663455251816,515.8052912019416,0.8443398539165213,102.26886842333496,0.8389676104564567,134.1696892580278,0.8915174804782224,1,5
1139,D1495,3.611957352525741,408.4080357142858,3.525198529397701,479.25071222420826,1.522651527394312,173.8739263897092,1.5123480978296746,189.83950715317624,0.8371710821037268,1,5
1140,D1496,3.674446661146049,529.6991071428574,3.5840278731504784,624.3186008284567,12.393803167658389,1707.404489467265,11.654637156227984,1731.6376184179871,-0.5609801655219029,0,5
1141,D1497,3.779300161367317,568.70625,3.683257477568944,672.055775879396,17.183738719755183,2416.734853238971,15.808655350182658,2436.343320291576,-0.6088340636489754,0,5
1142,D1498,3.7214754324459034,51.88205357142858,3.629462178437848,60.88437525525916,0.9797884628025504,13.78390753729848,0.9774186465803584,16.856139934416603,0.820052453229724,1,5
1143,D1499,4.441645936002192,76.99705357142854,4.320557611430209,86.91624891527607,10.293807167498056,173.09343448957517,9.77376855660788,176.4820412905821,-0.7119723828861593,0,5
1144,D1500,3.671284050399888,49.011875,3.581792365233273,57.47997797078841,0.8286911308229781,11.226389670944188,0.8284977910722382,13.705064130845765,0.8984824078615262,1,5
1145,D1501,4.397672477747586,72.99991071428573,4.279671308255787,82.12943744534772,3.718057348795472,61.97758681207534,3.635276460321873,68.95046202250508,0.5763370466628436,1,5
1146,D1502,4.21728816232416,54.79580357142853,4.110806454456035,60.97006283092661,1.0862624117288668,14.263746848840745,1.0801833770306657,18.04744778410202,0.8366959916768856,1,5
1147,D1503,3.529740185532957,398.2441964285716,3.4488919682334997,461.1620786891207,1.0205022358222728,116.58840762485748,1.0149210815744358,136.61156630756358,0.8182402425773607,1,5
1148,D1504,3.442107164776292,53.34227678571426,3.360966957567071,63.51304554220143,2.0501179377509384,32.11267619661693,2.0122497883263795,43.69756055788512,-0.2604014971065152,1,3
1149,D1505,3.2096172200272464,38.9566071428571,3.14079442374478,45.747273758789206,0.891200529946611,10.947495429209525,0.890148058971625,13.33178118003067,0.787409405207777,1,3
1150,D1506,3.435206064916524,55.61151785714287,3.354012900490279,66.38266462085704,9.019186485211431,141.67537835980937,8.613841824687793,145.18721808981826,-0.5015277666002379,0,3
1151,D1507,3.86758674854828,61.75629464285719,3.7685806983750383,72.3927499400977,15.89249117347066,238.6647574035296,14.70566020983061,241.0502788181801,-0.5228323015380032,0,5
1152,D1508,3.6767572958806514,586.1066964285712,3.586701060672544,688.9103079802231,7.571574006449031,1181.486356751615,7.278450006099137,1223.2846962076812,-0.5264067886338949,0,5
1153,D1509,3.842584258637968,58.74589285714288,3.745091583332437,68.7632699717649,8.75738681167924,130.3608812164551,8.371781683781984,134.18524066090353,-0.5385882806057322,0,5
1154,D1510,3.67848462981189,44.013928571428586,3.5909346474226127,50.94140954431482,1.159302123008737,14.01725334392412,1.14892278714306,18.044509607181247,0.8013394229452213,1,3
1155,D1511,3.902949951501639,59.56941964285716,3.809851859248327,66.95620929322781,12.277889504694857,179.56859861842102,11.555425905866876,181.56031545199653,-0.5093759070502013,0,5
1156,D1512,3.489654413272794,43.35879464285714,3.410526341992199,50.237456644813406,0.804941402932513,10.16392074273124,0.8012155780007638,12.77265538801497,0.8468036197365076,1,5
1157,D1513,3.93683776540673,62.750535714285725,3.841867651383153,70.64556390135006,19.35085167330981,285.91968403008275,17.632200218867926,287.3507656540779,-0.4918854356991959,0,5
1158,D1514,3.478133355562283,36.34566964285714,3.3994423706377086,42.13320709481852,0.8512237479887294,9.023928882263933,0.848742575012312,11.4750590522537,0.8323791791200439,1,3
1159,D1515,3.4440447990250567,562.9665178571433,3.3627135560358234,670.7921323761196,6.583126159651373,1057.3957924937536,6.356874214392112,1104.046784604592,-0.5053064593235862,0,3
1160,D1516,3.718710930740564,620.1928571428574,3.625583077321565,733.2822036309284,15.914656411999289,2494.6798536507085,14.726064259517605,2517.618560047251,-0.5762275446887822,0,5
1161,D1517,3.7270539894884007,44.5366964285714,3.6439780264153137,49.44833128707064,1.2072622547374068,14.561287113748904,1.1953548305467627,19.31266026938262,0.6711351589806123,1,3
1162,D1518,4.189195271385965,524.7674107142858,4.084239283290681,583.5546794126474,0.9319513544613522,118.32111003205436,0.9270938147923063,148.79479605940378,0.8613318952590301,1,5
1163,D1519,4.372484019149,735.6071428571429,4.255247918410266,829.7885032750277,8.12122848097714,1339.3068272282692,7.787985936601703,1379.433884088867,-0.6699928698451991,0,5
1164,D1520,4.363345787329343,701.4535714285715,4.246876416041536,790.1360006303901,1.818981751094712,297.55106813877256,1.7921727056404195,387.8514347430307,0.521827211738238,1,5
1165,D1521,3.2968889152720235,515.4687500000001,3.2219796072353306,615.4294432557774,1.5840162763043286,251.12002093266557,1.5809695783441844,280.96344969639927,0.3459398358700896,1,3
1166,D1522,3.7857326171032506,67.24200892857144,3.6898589033588216,79.22938265095294,13.613470828649817,229.7950178087841,12.72869582174098,232.79420783620532,-0.5359213278332068,0,5
1167,D1523,3.8886805445960806,63.2971875,3.796526105044266,71.03853762757586,10.516675100268916,165.44114646554485,9.979006931834329,167.8260038197882,-0.4959223166269644,0,5
1168,D1524,3.6693310138841193,46.56919642857143,3.58877970887701,51.70588456295376,1.2432141627658164,15.972918803954144,1.2362786137662052,17.986177424663744,0.6693180330048175,1,3
1169,D1525,3.211122888409021,39.1124107142857,3.1418791807101374,46.04799572597557,1.0314158404234952,12.755165673005717,1.0270454350039913,16.663002727070523,0.7567256150586404,1,3
1170,D1526,3.661974018742837,48.420714285714375,3.5752379447272733,56.02838492943864,1.023569571043341,13.762146547528689,1.0161798841540362,18.212302449875377,0.7832201210074585,1,5
1171,D1527,3.8711246355788806,65.94749999999996,3.7792649824261386,74.24458407827034,17.393564938515098,277.0959676883646,15.99037671902382,278.730656884406,-0.4727377953344072,0,5
1172,D1528,3.746787306073793,63.60669642857142,3.653459651156188,74.69159852061496,6.939795498556848,115.72846225535385,6.688670815053769,120.89992436177424,-0.5011495073800251,0,5
1173,D1529,4.962753149733662,662.0080357142855,4.831206822795839,694.9759270264009,1.148076913882647,156.22781851508702,1.14073908607035,181.8183714811792,0.6880215581551361,1,5
1174,D1530,4.8886911373771085,613.6589285714286,4.760812735442437,644.8140778203878,0.9101739842535902,117.0153422029281,0.907495125534326,132.64019354466453,0.7849116541407959,1,5
1175,D1531,4.915979674232066,607.2227678571431,4.786578185899745,638.3300514282262,0.979561907802266,123.75224035526,0.979320960289226,145.6396351257322,0.8023666227722006,1,5
1176,D1532,4.102664449882263,453.3937500000002,4.0123423165095,475.8239811329453,0.852170694659014,95.85770050982865,0.8496779616693722,107.53820776703073,0.7545687352951305,1,3
1177,D1533,4.1111415035869,463.1535714285717,4.0204303630870495,486.1191239990813,0.6723182811680458,77.23729143977458,0.6695502771546414,102.98803545897124,0.690384727897703,1,3
1178,D1534,4.954159991774544,671.5316964285719,4.8230674427890845,704.9594740540724,1.097885432366728,151.08501915534634,1.090835691375733,193.48116422090905,0.7303088957375069,1,5
1179,D1535,4.952805718564117,592.9316964285715,4.821902206009665,622.1495589641675,1.02656626947345,124.97759041393796,1.0243826484052223,157.56536992764913,0.7854496249230453,1,5
1180,D1536,4.910200061508433,54.43575892857142,4.781189828867332,57.20314411826074,1.1833094336244976,13.415506006392013,1.1828856717504932,14.420125555762064,0.7836062486749941,1,5
1181,D1537,5.643821584562623,881.7316964285714,5.476168607755629,920.353622909459,1.4767701377940576,236.2910187619131,1.4712909827134186,276.8078338326427,0.638688359982963,1,3
1182,D1538,4.687262216329744,60.348125,4.568338143567551,63.76517675000848,1.1639611928199822,15.307031206421568,1.1630871117820452,18.89729992480591,0.608389646004026,1,3
1183,D1539,5.652700324601585,869.1004464285713,5.4844845664958415,907.2822293668536,1.1478729792716649,180.04878283018337,1.139047249715729,223.716284921241,0.748052232527662,1,3
1184,D1540,4.629941421352124,675.0642857142859,4.513853191312495,713.365674975506,1.0555698859044556,156.63311812686476,1.0512852951219052,190.42468560097248,0.6594626969216565,1,3
1185,D1541,5.615325606588762,77.50406250000003,5.449379989074077,80.8872879038947,1.3986461514806217,19.80570419016104,1.3966378112869118,22.520509886313643,0.6445962955137317,1,3
1186,D1542,4.6717631793000685,670.2303571428569,4.553535296468696,708.4356072702989,0.9244054701786651,135.18620552352954,0.9203073967714744,165.19022564966593,0.7671555768250226,1,3
1187,D1543,5.0493506799647605,725.9441964285716,4.911713821652385,767.0403136759696,1.015542885899796,149.35305928947102,1.0141207888962516,179.4459234067647,0.7457816211931403,1,5
1188,D1544,5.136177344879686,738.0272321428572,4.998133504670214,766.8377862103126,0.8998043272024349,132.28899004886782,0.8950640049326917,165.67419227681455,0.7202406977956537,1,3
1189,D1545,5.0130675077322495,709.4620535714282,4.8775005828139895,749.2638661133057,1.2510577401357013,181.1185837473283,1.251051082286935,215.9508161414519,0.6704808840404162,1,5
1190,D1546,5.099758270602163,64.74558035714287,4.963710176410976,67.25505932056838,0.8860145341819715,11.462643350952362,0.8840805296908163,14.549037293461296,0.7552643920318718,1,3
1191,D1547,5.157004941889383,729.2147321428572,5.017751298426561,757.9732372076885,1.092310648633715,157.53404263232707,1.0885862251931273,177.3820221810951,0.7093146072376364,1,3
1192,D1548,5.04279372745859,64.0400892857143,4.905524348261178,67.66082595915785,1.1404286007453153,14.772931116942898,1.1329589449478876,18.37186593720052,0.6898498736435196,1,5
1193,D1549,4.801461751641261,676.2263392857145,4.67969666422815,705.1372893983922,0.924413080350642,132.9905601351255,0.9189748378508302,177.50177664525037,0.5740910099907771,1,3
1194,D1550,4.14048099009591,64.72200892857144,4.048740443490502,67.81558975782788,0.8378784632336425,13.315587395066668,0.836171792060474,15.807416389500082,0.6279210590458009,1,3
1195,D1551,4.113287930623259,65.42602678571428,4.02271836581189,68.55987435862404,0.966136805872186,15.672862561597624,0.9667149911837094,19.266525241957307,0.5164583822962405,1,3
1196,D1552,4.0817466182486,396.87642857142833,3.992324593112699,416.53065716916245,0.8235803725249341,81.64972855655404,0.8241157185445541,95.96021335143658,0.7203033054808077,1,3
1197,D1553,4.126708931274221,57.57714285714279,4.035615687455247,60.3133414967202,0.8723622990626406,12.453470982769106,0.8725254717046365,16.290337563479913,0.5059870781918631,1,3
1198,D1554,4.829100397998586,761.8165178571426,4.705914820446416,794.4969672597454,1.37772884139932,221.52103310156195,1.3720281184093384,252.5528177218592,0.5596445489342926,1,3
1199,D1555,3.8339168775992647,59.787098214285685,3.753538890406194,63.31794945808816,1.154742848676924,18.292131089506988,1.1525511836615,19.3911745208738,0.6145603051907864,1,3
1200,D1556,4.241865356760653,71.96446428571434,4.144020737765533,76.10985799000638,1.0712300807441333,18.53255343264181,1.068170403043763,22.69836263726982,0.5606052091736352,1,3
1201,D1557,4.834968171160637,775.9964285714287,4.711495941415887,809.2525922156892,1.1891846860450863,195.4308100741655,1.190736620643441,208.3759723054632,0.7223065309424892,1,3
1202,D1558,3.8536599936138782,52.71785714285714,3.772503297970308,55.81578607547522,1.1262523985479012,15.678863803888635,1.1235536321863748,18.563011858113903,0.4640073842124485,1,3
1203,D1559,4.169548671703134,61.956830357142834,4.074951160003731,65.53503203478442,1.1446980633413215,17.29163549987345,1.141690503436124,19.855719512994707,0.6173920478097018,1,3
1204,D1560,3.863549125808439,59.20933035714289,3.781937756504483,62.70552271389297,1.0694233797569297,16.656532507221527,1.0665572635952905,19.780985199814594,0.4758488712962734,1,3
1205,D1561,4.232485325177424,70.43424107142857,4.135015026666851,74.51269790123831,1.1197001247567002,18.909472234850018,1.1134660472203348,22.386857598726674,0.6593638083554958,1,3
1206,D1562,4.284087805160734,61.13950892857141,4.187684505913618,63.47580712176918,1.036995301163725,15.06409889670309,1.0350120495866229,17.706924650572656,0.5718444666072741,1,3
1207,D1563,4.324328572171016,70.32464285714285,4.2261436829306405,73.0058660058297,1.1752327586770412,19.35463341038602,1.168336129153312,23.511066999640907,0.6069279699953434,1,3
1208,D1564,4.325524011741077,69.14058035714284,4.227289082496051,71.77534998550193,1.018021098311424,16.544123219037846,1.014251013728761,20.429896708173736,0.5081645214938864,1,3
1209,D1565,1.6213814311607178,22.214866071428546,1.6108141795415327,24.952775000340782,0.7719765182827578,10.59380543711172,0.7702033936150192,12.81549047701595,0.8073194087926033,1,3
1210,D1566,1.4696343134970715,174.84910714285692,1.4593095580567528,204.60348988904545,1.073598307302162,127.57909713282334,1.066766491321924,151.74924773985663,0.6996181319448838,1,3
1211,D1567,1.6914776377268257,20.069687499999954,1.674967123861812,23.34825323448332,0.9349453184525994,11.10038506210294,0.9332634159433496,13.371748025839247,0.6035754816541204,1,3
1212,D1568,1.573534431409381,20.7653125,1.5640104194099531,23.28697883913329,0.8481459584936193,11.179509087003453,0.8460197324361358,13.613953844416068,0.7528091324758599,1,3
1213,D1569,1.507204919852065,184.3035714285716,1.4960961541875946,215.89734826727104,1.1004282326225467,134.7520910153032,1.0988423621440346,153.5881615214303,0.5693139894357532,1,3
1214,D1570,1.8583308701413863,262.05223214285746,1.8376892673014813,306.85749881448754,12.37715016535991,1653.122916799315,11.647759764233928,1664.7284891500744,-0.4912539166994563,0,3
1215,D1571,1.7938910579809488,246.15848214285705,1.7748432205745863,288.0723875354585,3.362498854683853,457.181189496445,3.297993816641151,494.0923759771771,-0.4598720563959927,0,3
1216,D1572,1.35904586872738,13.9823660714286,1.350961943942194,16.374766581794653,0.8398255133628183,8.643482194317398,0.8414393086698666,11.148362412213322,0.6125129404293106,1,3
1217,D1573,1.2651118264973211,166.125,1.2610456283641758,184.7549493102765,1.0580701262302843,139.40685491180557,1.0579022184710287,154.65100230133262,0.6968158720737049,1,3
1218,D1574,1.2152112243722848,155.24999999999986,1.2117104599301332,173.45173035250107,0.6493313816893515,82.79739162869932,0.6498382234035556,101.56696061912368,0.7265760983638175,1,3
1219,D1575,1.4596497672599695,184.11160714285717,1.449930141362922,212.88750018348912,1.0001881204970835,125.51538616341452,1.0026789329972774,169.69803285112434,0.5494494003445897,1,3
1220,D1576,1.483517826039623,192.34419642857145,1.4736099126035096,221.87562323227343,0.9849701174906258,127.6439956437246,0.9807199283655088,147.68060214107643,0.7360648160387291,1,3
1221,D1577,1.6323274293810357,184.6334821428571,1.6217432009000312,207.23231684399815,0.771216316471015,87.10480329119453,0.7693262254721283,111.16455276664134,0.7912634658847125,1,3
1222,D1578,1.4484955211770965,21.44513392857139,1.438604261706221,25.08102946743226,1.0081041579203698,14.91348949890518,1.0036541765720624,16.49648418871751,0.7253707040897783,1,3
1223,D1579,1.8358124182083404,282.580357142857,1.8158762650456728,329.25954962795737,12.63004479446788,1838.989916623725,11.872019474464931,1851.085858320004,-0.4576356472063222,0,3
1224,D1580,1.45817402529729,183.91160714285704,1.4485279018893666,205.63777965877523,1.0420732461492572,131.58371836512677,1.0405228798917447,163.57241970095689,0.5029828078186169,1,3
1225,D1581,1.583759265474551,174.3053571428571,1.5743771315994597,195.2966820023221,0.6960286502182194,76.38293653650895,0.6938431011072727,94.11514166413014,0.8525549664404163,1,3
1226,D1582,1.5455178716177975,200.2928571428572,1.5340918100985292,224.09382271349705,0.7613483600500469,98.7470999088074,0.760943926228056,123.17187624689645,0.7346868782503053,1,3
1227,D1583,1.4978392417615425,22.832410714285725,1.4865655998831169,26.825591392762043,1.0001440602201035,15.23175731676653,0.9967369789950544,18.573832544649427,0.5660861110597378,1,3
1228,D1584,1.3752969531661072,14.998437499999977,1.367034965726066,17.33444129938517,0.7257270519237096,7.88437248446475,0.7243221025507887,10.12140287826602,0.7569785269962279,1,3
1229,D1585,1.4884634328214066,14.164910714285709,1.4806392453393298,15.854713665963429,0.6850955574689429,6.506430150943751,0.6843072655177542,7.883331023814576,0.8139764486886228,1,3
1230,D1586,1.3726592658210557,14.972678571428576,1.3642618184075437,16.74136745333513,0.7852074153685079,8.57381208288692,0.784649428460722,10.250518679722624,0.7025902124748864,1,3
1231,D1587,1.4466537070362009,15.732633928571447,1.4397506953927302,17.563163349349647,0.7654435527063458,8.31730611135952,0.7622965001048628,10.1227745654212,0.8089185613396839,1,3
1232,D1588,1.6149252655028874,20.63473214285716,1.6000854801666944,23.998527286939183,0.8304060126821913,10.640558455798605,0.829578258723432,12.535649144348216,0.7112618885956699,1,3
1233,D1589,1.454208672656696,22.00794642857144,1.4444652889985763,24.610095032550397,0.9013973999950406,13.641123931646073,0.9010160345335108,17.762734839370705,0.5229188477286311,1,3
1234,D1590,1.816316718064377,271.4718749999999,1.7968282285765265,316.2737085313088,3.784659406409068,559.2410842878917,3.7057570611241055,594.4057521269618,-0.4886135408254273,0,3
1235,D1591,1.3653394662523397,17.268928571428578,1.3567807547131696,20.271604176327443,0.641307090952523,8.110712813812468,0.6429566853360991,10.264709826283005,0.7801772090579233,1,3
1236,D1592,1.2594890476579348,18.79245535714285,1.2548866686765958,20.97310630113066,0.7217194036359598,10.770616491816943,0.7210542476757018,12.59384930653624,0.7898489393249927,1,3
1237,D1593,1.3021483729441956,17.526517857142853,1.2952477359645562,20.26203743716091,0.6612025333420212,8.876085451660531,0.6604772333947841,11.7723108209587,0.7611112665732847,1,3
1238,D1594,1.4547667241351587,22.913973214285697,1.444842941936502,26.56077313241729,0.6951542140965199,10.930428102636451,0.6965014835601806,16.15242917349004,0.7134017674231113,1,3
1239,D1595,1.0655356704471488,13.191026785714271,1.0639472728874997,14.814396777102296,0.6432716581981479,7.942585247974307,0.6423891163053402,10.19391012263534,0.700317932941908,1,3
1240,D1596,1.4697356828883097,23.84102678571432,1.4595802125170223,27.659382953599778,0.8589034529287451,13.914313821109204,0.8559611903759303,18.05425518661253,0.7488315404941301,1,3
1241,D1597,1.5019389144392454,23.40446428571431,1.4913203938496715,26.1650651193704,1.0121641349474586,15.738798304216044,1.010247044074068,19.28742066549268,0.6273335699342819,1,3
1242,D1598,0.8078345004706774,96.6209821428569,0.803505186233066,113.05278038307463,0.4819176832586943,57.6630552917642,0.4801508834769089,73.98169098796501,0.6231119919894536,1,-1
1243,D1599,0.8283458634112691,101.1776785714284,0.8237514516929719,118.85321794673706,0.7651271455245454,93.81695055112256,0.7634570939416058,120.6147659188252,0.4123424899752627,1,-1
1244,D1600,0.8392835697826199,71.95754464285685,0.8341489256491413,87.23528324752324,0.7229162436886927,62.109311333423776,0.7203841616301212,74.39947200428195,0.1474007771567652,1,1
1245,D1601,0.9508309448329036,88.50165178571478,0.9446193006931268,104.19391859901916,0.6335457135145695,59.09474640418661,0.6314889198826635,71.51720574395357,0.1325911647484086,1,1
1246,D1602,1.5251406621899246,166.44866071428572,1.512252059527169,176.0894903861159,8.269468910784449,872.8832222587141,7.940118314666813,874.4605602223746,0.0125515644219521,0,1
1247,D1603,1.471950130098037,145.4092857142857,1.4599208400319772,153.96979378524247,0.6510054935635728,64.64038223368152,0.6496804160699721,78.0697459457015,0.1831477326537052,1,1
1248,D1604,2.676481104118261,96.9975339285714,2.68285297473772,117.27528216055812,55.92570272559784,1581.486704226236,43.689103269170246,1584.6548697833389,-0.1870710489784018,0,-3
1249,D1605,0.4202539585883522,7.130624999999993,0.4219331269429153,10.167247397543594,31.751678846012897,464.3426868126616,27.400694492826243,464.42069597507486,0.4388881826324742,0,3
1250,D1606,2.078297177297362,244.92499999999995,2.0513229005512565,276.6544081847969,3.3850774820599927,385.52218307457326,3.280229969918357,543.5494671651043,0.5005322892248528,0,5
1251,D1607,2.118958946183398,684.161607142857,2.0877039691766552,819.675189633745,86.10171965807089,19528.95885521944,60.18629304922956,19536.65848927622,0.4773233580783978,0,5
1252,D1608,2.130292878975156,687.7549107142859,2.098664941001104,824.1779044770835,86.09709585082555,19528.22592830512,60.18403315906037,19535.92585122813,0.4677035012748128,0,5
1253,D1609,6.428488242162099,238.06950892857137,6.703501570643551,267.82870337927284,3.3230758874540056,120.44877027411476,3.400171971747169,143.5791479522714,0.1607518999588669,1,-3
1254,D1610,33.349984599220484,2735.546696428572,28.58005827976705,2737.3903194598583,3.857604319369932,330.47110289103887,3.516577113379004,721.2051564550476,0.8791522237737825,1,7
1255,D1611,7.725112599044369,51.50968749999996,8.057411023210628,53.16898463876038,1.6134159825063734,10.476386915327462,1.6322475165995018,13.319567718579217,0.6408577138754273,1,-3
1256,D1612,2.321846115477052,63.72187499999996,2.291487130290191,68.11050848407912,46.45764391079973,1046.1151898875455,37.699059137007545,1046.305560403027,0.0064349432421024,0,3
1257,D1613,2.345095092542048,71.59227678571428,2.3142032660667424,76.4308148831332,53.37726197413388,1300.6457062722352,42.13153111605691,1300.8352042851805,0.0149122368468598,0,3
1258,D1614,6.858643019377861,76.85361607142855,6.520293000153791,97.49705500517396,3.24184555904616,36.57747116899564,3.2172407131977785,43.98426623136239,0.7947554201000238,1,5
1259,D1615,1.2624936454054392,78.66700892857132,1.2622555351102638,99.31796779470164,1.0062828973232785,62.71377725443998,0.9986780362419514,88.0415464294931,0.1379895175671012,1,3
1260,D1631,11.27455233175781,440.5436160714285,10.542598502233604,491.4118000375034,3.909180585636513,158.49470288150428,3.8293089152474624,180.12431739465055,0.8224147038747128,1,9
1261,D1634,2.883227149445193,36.98370535714283,2.821788203117598,45.645409520517575,0.7171294146788785,9.274359595808392,0.7127486077987758,14.427984197643514,0.8723967301078892,1,7
1262,D1650,9.938577253115517,697.4642410714285,9.269998673572598,852.7145760462955,3.1993442393871447,237.11791393491472,3.169983010819203,355.9914832603515,0.7876884843137875,1,3
1263,D1657,2.771607573376501,54.0991071428571,2.7253432653474885,60.70666133245941,1.657035839990885,32.731046092688,1.669838957901716,41.88786488698874,0.1573418344913468,1,1
1264,D1686,2.748719023156456,265.96647321428566,2.812444281227123,352.0837567739644,1.0035769318485397,96.14691115516273,1.0114636959364676,141.8971191567091,0.8929508195947073,1,-5
1265,D1694,7.951818871984319,361.4282142857143,7.606733516073224,388.37512698124857,16.05089141022743,701.2181145412056,14.836218090072764,710.3501524309559,-0.6149311481670268,0,5
1266,D1695,2.1122730087290256,103.44272321428578,2.085410641826795,120.24225026619912,3.868191600952721,194.01475044043903,3.9532474099658432,204.16738311307557,-0.5971235193069072,0,3
1267,D1701,4.206027906675113,394.4371874999998,4.092619611518096,462.6938183820323,1.2713929546292286,118.62585087539604,1.266955973332352,153.11135612545502,0.8808340528466567,1,7
1268,D1707,2.2698880560757497,395.02410714285776,2.300569752796331,490.2205676413597,172.283763922811,16138.690283400134,92.5547958713663,16143.751689571236,-0.0494134008737303,0,-5
1269,D1716,3.138294090798218,292.76821428571424,3.084629732295089,320.1462546999132,25.612437509459543,2142.02318821902,22.69109118822537,2150.2014314967864,0.0018063522373479,0,1
1270,D1718,6.165783496044624,183.8324553571429,5.864619361287203,245.10878862847525,5.382349854975106,162.9056070730142,5.527375694321374,184.41960773445376,0.4401094111191647,1,7
1271,D1726,2.461041816817205,105.95410714285734,2.421660054733276,122.4802209601654,2.465396058234297,106.14046244175084,2.4255212773205423,122.85943630645872,-0.6669296271522969,0,5
1272,D1730,2.6839238227554514,89.59080357142852,2.633981053861978,116.52569203047366,46.349105034474725,1256.5195579146257,37.60855798369569,1260.2889919774425,-0.0507916893634272,0,7
1273,D1899,7.907158514940331,344.97334821428564,8.295021957043787,372.04846592242353,2.8516962298418287,119.50611705116997,2.847442278113826,133.649111031541,0.4478446804906149,1,1
1274,D1903,2.105667501857645,102.98593750000002,2.0788766045944103,115.646893082123,24.96357625777063,1094.04607947504,22.188357517994547,1095.7007298166905,0.0804828896108205,0,1
1275,D1952,2.027992286869392,75.4778125,2.0079599518168743,88.80492890956454,20.44593354025632,693.332384872864,18.53471325332397,697.359103606514,0.1613380538734412,0,-3
1276,D1971,1.8967628652734896,93.33093749999996,1.9098633488062204,121.5038527909812,6.86415227468298,348.6074322186085,7.135837689961197,365.6377294481669,0.0478133537582759,0,-3
1277,D1978,1.150703229987852,116.92901785714314,1.1465568648692164,132.39705983775886,0.5565041652999614,56.313098480383296,0.5538428785085842,80.62549599718214,0.8421629528925856,1,5
1278,D1984,5.008270971964173,240.4774553571429,5.179518522600601,274.8667618532291,63.50081605461718,2275.4903478182555,48.18346134205054,2279.478699031991,0.0508907930505164,0,-7
1279,D1994,1.4820570711613774,81.4174553571429,1.4938478998862068,83.98676659202751,0.7277485564434918,40.03787784326629,0.7351099519957924,72.43412596228029,-0.337294010862267,1,-1
1280,D2015,0.6807837120712279,93.91517857142856,0.683299316268384,108.77786396420956,2.327922439832525,320.41563066905564,2.3296748899180977,342.5509303723504,-0.1618840409196983,0,-1
1281,D2016,5.642138194209357,699.7433928571429,5.463097622361657,757.1364772456104,141.99700433606836,10547.783240414125,83.03874115926664,10551.40558034633,-0.1264634697902494,0,1
1282,D2017,3.2656853189019905,41.61589285714289,3.206293512724765,44.434880321365895,15.868165529091064,190.12771978627111,14.695989491378189,190.77102098579743,0.192810006263991,0,1
1283,D2018,4.05755518193008,512.4013392857141,3.967820637192084,542.8795472948798,18.13842521423136,2138.7833576196967,16.622133078762463,2147.096972186827,0.3150821442449695,0,1
1284,D2019,1.2493972554520143,151.2245535714284,1.2417411603273505,168.2691921250444,9.740151293097345,1128.894709039285,9.283979099907,1134.686323109605,0.1852365678497657,0,1
1285,D2020,1.040774395755839,71.40316964285694,1.0476325460688345,83.5766264128994,1.3818630394904778,94.72821075368672,1.3821506112350324,105.91895719646,-0.0786449485423996,0,1
1286,D2021,1.9915566305434085,301.7821428571428,1.9693690569870572,321.16830436168885,34.91481131606598,4546.1388489931805,29.72446724517188,4547.053784666679,-0.2901474225359278,0,3
1287,D2022,0.5255476315487961,47.758883928571386,0.5253543199904933,55.77294677422532,0.644323129609039,58.50802806577148,0.6443809900856969,68.54683262318231,0.6686473467704444,0,-3
1288,D2023,1.0623358771883322,113.65982142857165,1.0569414039668392,141.15976095842382,1.2147786569298444,130.2978787458929,1.215903940519755,170.49652208650576,0.2917839424588142,0,-5
1289,D2024,3.083670868906264,55.68049107142859,3.021263085938997,64.63410077770584,32.35142474212444,507.9270381326925,27.83552118937723,509.1482821208943,0.4141168320552135,0,5
1290,D2025,1.0807691409493556,84.10825892857136,1.0746484275298362,102.31308112685664,0.8363532905448884,65.12920855704715,0.838118037535718,77.00202356710777,0.6662953313947114,1,-5
1291,D2026,6.763400903715668,651.3731696428571,6.508137809532141,703.0883977886779,3.0938937525784227,301.0912195843248,3.035148200404692,359.5943798626401,0.5439024008355656,1,5
1292,D2027,8.463244601559937,165.08392857142857,8.079384993001515,175.87235826225069,2.735311707278417,55.73590765110383,2.725925460668724,67.0324544503914,0.7274481626873118,1,9
1293,D2028,7.319013748796436,344.6654910714287,7.857777819564895,461.4245807144134,3.3079346947338477,154.64944697671632,3.378094438015401,187.716231035206,0.8788360533991075,1,-5
1294,D2029,1.2416234255373344,131.13437500000015,1.232912642196687,141.05362373372478,5.7077178014579735,588.9113782260548,5.546946498497786,593.8427047507985,0.4252772790465667,0,-5
1295,D2030,2.8572530625093,298.0513392857143,2.801929610709644,351.87055931208937,0.8971734892834254,94.40488013259242,0.89084624335411,123.45345742152142,0.8471156680380549,1,3
1296,D2031,0.9088515313711484,92.77232142857156,0.904476665877006,101.32730800832668,0.5578883780610375,56.96972147734622,0.5568206500209121,71.24245484114267,0.3955573813686509,1,-5
1297,D2032,1.2749678601043666,148.93258928571427,1.2660391537896794,159.2471243905964,1.3478092860451505,157.39912613106986,1.3370883811117815,173.14722482637978,0.4173668631038797,0,-5
1298,D2033,1.7300890340535957,19.701875000000022,1.7101828746170518,22.89633343863243,0.7570102223755202,8.638635750109804,0.7551875979189824,9.924815850891862,0.7420220042577403,1,3
1299,D2034,1.7686426988851631,20.76571428571429,1.7499666179884152,22.840304767559463,0.8678298984290755,10.19336187819522,0.8639848074932245,13.729672837191272,0.5595685846371624,1,3
1300,D2035,1.6029957312039156,195.430357142857,1.5860892187327729,225.71222458230483,13.496120731673871,1551.383240002803,12.640467365033237,1554.351367660256,-0.4843617741581727,0,1
1301,D2036,2.1948251763673343,128.8472767857143,2.2249697313522687,142.9534502612706,44.57454818405935,2121.45987090274,36.44785954475064,2122.378554222149,0.2043548249794317,0,-5
1302,D2037,0.2637724089973839,3.81937500000002,0.2645367783347404,5.917960480604792,0.3276764886566735,4.747226854026004,0.3278631925782195,6.325932988843177,0.2942975580864569,0,1
1303,D2038,6.912188984954747,134.733125,7.210766746075537,146.54625961860344,57.76015503712094,1536.8141306259568,81.31591255331048,1537.8205551515814,-0.5326821718104453,0,-13
1304,D2040,0.5339844133705056,30.91280178571424,0.5351561985903124,37.91456713404386,2.8908237241536927,165.0437466190426,2.848571037878198,167.2742199186199,-0.2658215803042482,0,-1
1305,D2041,0.9212732884316872,68.68459464285732,0.9191803883326426,86.79770848100992,0.7818376555535979,58.28731115295724,0.785048774422595,73.97537707748744,0.4710440050879769,1,-3
1306,D2042,3.037033021029667,158.16034999999997,2.9909689364111656,180.6583588387452,3.8607000538804455,200.18308786717964,3.757152004837595,242.15012830003465,0.3578602543021014,0,7
1307,D2044,8.066616888689056,778.4187500000002,8.604067775741148,957.0011000556964,2.1491836406805485,197.36663957638612,2.160095088905134,253.9906309516339,0.9054365289711038,1,-5
1308,D2045,0.8316040923875226,17.770580357142894,0.8322906716290188,22.305367965915043,1.990000877388588,43.097613478285794,2.0128436214504863,47.97437575526365,-0.1446299325452104,0,-1
1309,D2046,1.2493366701674171,74.64419642857145,1.2371520320598683,107.32968534600865,57.15624596468011,2650.202485743564,44.447887575846,2651.8479792848766,-0.0283315130218306,0,7
1310,D2047,1.0889489893129185,97.40227678571436,1.0975349103619334,117.34611218625356,0.7465351936119574,66.66264806958303,0.7495897777400086,75.68336987650372,0.3037700960977023,1,-3
1311,D2079,2.3703799839342548,64.7630803571428,2.40919731373423,75.32210227815973,0.7540658484352598,20.39177237252108,0.7575363355316838,24.642983822876428,0.8234328006585017,1,-7
1312,D2081,4.096425820437732,58.74285714285713,4.005732209927863,61.883947739578,51.21246762880507,1005.4709024815936,68.8577186017273,1005.6493141921336,0.1157758143305672,0,3
1313,D2082,4.686388770493826,69.69308035714288,4.82623546839633,77.16670625551397,36.72099634306486,656.2901641252071,45.02315985562246,657.121609855996,0.0613586473476712,0,-9
1314,D2086,1.0071015561791703,121.78660714285732,1.0063190643482225,155.67062118173487,91.15931348288392,7587.119335539479,62.61750649870411,7587.740107183823,-0.4289446850924057,0,-5
1315,D2087,2.445490982341785,504.29017857142856,2.408726297723316,564.0291727045956,111.20614664753252,14874.783784199291,71.4667274747532,14877.264851558331,0.3689406508253819,0,13
1316,D2100,1.6008725976021074,17.22116071428575,1.5812064757009834,21.574345862300483,4.917319625622517,54.31247998181807,5.049865375317791,56.02585201512143,0.3693484308958793,0,11
1317,D2102,2.0039044246206967,156.74883928571424,2.0296914080060344,176.76459249944696,3.9801951055681135,314.87780450547325,4.066615391191906,324.87123215894746,-0.4987414659225598,0,-7
1318,D2116,1.150572921854831,54.282098214285725,1.1502093358875225,63.98224342363441,0.9166309036886866,43.53422115972554,0.9179985368494163,52.43172535211377,0.7813507710407964,1,3
1319,D2120,1.321495651509855,77.97294642857138,1.3293573536882857,100.98995117890834,10.897929274990812,612.0147813605233,10.3228605404395,619.8758234366945,-0.0273500516378927,0,3
1320,D2138,1.4280972608006155,45.2380803571429,1.416339433008842,58.331133394395685,0.6764082415164561,21.400995927218386,0.6721215737914982,30.701358365102067,0.9064677118758812,1,7
1321,D2194,5.809034670695317,2408.1196428571434,6.006888965932462,2559.02297320668,188.9060049702617,39238.27820335805,97.14735292582412,39246.82068024082,-0.6515311240685419,0,-5
1322,D2215,1.4110025059258666,17.616473214285715,1.3994119813124064,19.1066600987286,5.876349084802937,71.69438649026017,5.70653901064681,72.18847746492922,0.6160298612186934,0,5
1323,D2220,1.652471428761462,91.12709821428578,1.6669999161397493,93.55074889867724,0.5916514413588996,32.33573755271794,0.5910719588520406,41.46543707769998,0.1614780620731536,1,-1
1324,D2229,3.57530722521743,61.65312500000001,3.67419760118637,75.23376190078034,2.024878011947776,34.58507010663602,2.041125413064405,42.9133124083153,0.5650223509172239,1,-1
1325,D2230,8.680342624874429,568.3476839285714,8.122642116096342,739.2961309801151,2.397464462881948,157.4093496946924,2.285702319590968,329.6067336899827,0.8357585993290799,1,7
1326,D2231,3.276902052525235,237.1675071428572,3.2201431057430807,246.34634383731787,24.0010643302071,1574.7143986703177,21.426440264671704,1576.1824497916496,0.2039113855426017,0,3
1327,D2232,1.7091761325873736,231.46205357142844,1.690693715758656,262.33082986882255,27.302487426361957,3274.812223358088,24.020543654174848,3276.9783194372326,0.0102264016929306,0,3
1328,D2233,1.2393937161888453,143.963839285714,1.2302266759650753,158.0135161682464,0.801597656057151,93.59115511311796,0.8004682539359841,111.21029135383694,0.2591111687295966,1,3
1329,D2234,0.8110606592857619,93.76026785714257,0.8154655806069978,108.1775210101307,0.4294236999222202,49.57446639466408,0.4297214197899875,63.61095313609193,0.3523696409446608,1,1
1330,D2235,0.9642996697764434,7.299419642857158,0.97092822509911,8.699742165527203,0.7537656570235548,5.700498127910464,0.7571364480192679,7.229155639431751,0.4153823851410501,1,-1
1331,D2236,3.89971474964708,172.59732142857143,3.7811657971744057,228.47075865631763,2.7968975238147,124.3073086840199,2.7935096284464933,148.42943801952111,0.6179503053697516,1,-1
1332,D2237,1.371901878324453,237.7799107142855,1.3611106035548617,255.9651234820359,6.294630523530515,1064.2493251660858,6.1011365386443375,1068.7383447719358,0.2913338439748761,0,3
1333,D2238,1.041356891013762,137.98883928571416,1.0476076503359724,147.60374227956754,0.4698244403382556,61.9123000137749,0.4681602497017699,81.65398682954994,0.2655782944688912,1,-1
1334,D2239,0.9662951893925852,143.42633928571416,0.9717897622324086,155.03943533658324,10.987783768431,1540.0851047043957,10.414665393542892,1541.5930190770337,0.5188090185668548,0,1
1335,D2240,2.8035517541445585,247.79701785714263,2.852281118882119,272.88466305658454,0.6627557664414667,58.04465267418345,0.6628211556206526,70.37776718637059,0.8316219263064042,1,-5
1336,D2241,0.6757424478644213,7.635625000000019,0.6775844079641903,9.441981504543577,0.5519652320725147,6.250347253278668,0.5540965562419435,8.359867651451806,0.6460216404135917,1,-1
1337,D2242,1.5356256494530272,51.41248214285705,1.5206293621082143,62.75096323693881,26.150001427051368,775.4771859326166,23.118792326856667,777.0881831186367,0.0660017553663135,0,1
1338,D2243,0.8519581210653221,18.27321428571424,0.8567723730216488,22.49519540591817,6.434526583379756,142.35069662866127,6.652482191115358,143.5406977205201,0.2768652799443796,0,3
1339,D2244,1.4010353286401005,216.67544642857135,1.386387897952628,271.5487849518333,30.38252996702954,4086.821625744303,26.37093991126252,4091.3093830764337,-0.1039280325322974,0,-1
1340,D2245,0.4215210353790306,19.64163392857128,0.4203763663155437,25.17289227802801,0.8571554203871007,39.86465789291866,0.8547391232659299,43.16215019991783,0.0514233889810342,0,1
1341,D2246,10.97117959707692,530.2733482142854,11.957398485694412,638.2262195447826,3.6282284359037584,166.72253810691367,3.7170955678269815,218.97463334925808,0.8646274759050132,1,-5
1342,D2247,0.6021724129742906,71.52098214285706,0.6016863008299014,87.10706416697889,1.1633005408656252,137.6829654343428,1.157778439987191,152.20515000852112,-0.2021958417660514,0,-1
1343,D2248,0.8874168179017006,17.78718571428567,0.8817852712078045,22.122427760020376,0.5028442583550585,10.06405409970471,0.5011994651478555,12.509981564090175,0.8229743865392329,1,3
1344,D2249,2.1128169246958888,277.2794642857144,2.089290209978784,286.42718806443656,20.88583889959334,2506.768879883593,18.90995290781723,2507.7520362500177,0.1229990724703244,0,5
1345,D2250,1.140938541251441,164.76830357142873,1.133276207654547,185.59782309923287,32.742943471351126,4076.135247156185,28.134247964208942,4078.110856869285,0.3030081199029252,0,3
1346,D2251,1.503279232015463,25.288317857142847,1.5185566778548047,29.238955733824568,1.4603697509648237,24.167730893382863,1.444277720427203,30.028080797320573,0.4022339263987113,1,1
1347,D2252,0.6425353254911649,14.001892857142852,0.6392959887315774,18.754259663231004,0.7580316293944187,16.51114310166385,0.7570479688797503,19.127515829610942,0.1909592701889213,0,1
1348,D2253,0.7280819063653785,53.48070714285736,0.7305187964664542,61.92991328786963,0.7413436274845332,54.24854861075067,0.739560202902524,67.03730145366276,-0.1436593496725745,0,-1
1349,D2254,1.3963077555826553,21.797678571428555,1.3835358941493276,25.69352121492642,1.0339368607353363,16.16378687551693,1.0311616880349808,18.90426230921918,0.465976159071693,1,3
1350,D2255,3.2112361516866064,24.49404464285714,3.266284046051937,27.92635543369653,1.651859914455282,12.517377172085473,1.6565942430762803,14.742115804195588,0.8097326976689826,1,-1
1351,D2256,0.4539824797758408,56.86875000000028,0.4552889173298824,70.53264236077419,0.6451519005659017,80.69800200322035,0.6452452491610091,96.10106240568835,-0.1152284501904099,0,-1
1352,D2257,5.017230477568505,214.50244464285728,5.242337423790345,280.44129752236097,2.1606368091463946,92.76978489921756,2.176157930149889,108.04899707509033,0.8940809215461435,1,-5
1353,D2258,3.193220803774341,36.38165178571429,3.1378742391068006,38.282512225181954,0.7974700093514034,9.171783074672089,0.7957586850843832,11.729193804510128,0.6304369114181918,1,-1
1354,D2259,3.351035872898872,167.8183035714284,3.287119299262343,181.0789982205008,1.3496324877177737,68.19255785623629,1.346018827308999,75.05989048672453,0.6575308293258716,1,1
1355,D2260,0.617303888698333,106.33035714285766,0.6178642815239899,124.27796991343132,0.7537964883496486,129.7051824702547,0.7545422297442022,145.3414772118791,0.2019661985931977,0,3
1356,D2261,0.6697052731164584,10.372723214285738,0.6686345664175377,12.545937463860511,0.6107352238127581,9.469953749302656,0.610399255184,12.174896108046362,0.3259106485994666,1,1
1357,D2262,1.543218798483183,9.785691964285729,1.543184046886552,11.061949331494707,2.4134334040951253,15.488945516563149,2.456016365023316,18.802113388330618,0.1156257169471627,0,-3
1358,D2263,1.777423550041911,24.124251785714268,1.7968323760555789,27.10306870990595,1.1350519959751786,15.457696359027832,1.1481937318783588,23.069692435226948,0.5222540206209374,1,3
1359,D2264,1.119419373082725,39.089850000000006,1.129364941682317,49.9152727199024,0.7003902841147466,24.407590671633898,0.6978797013592817,31.657218281029262,0.6470250675016863,1,1
1360,D2265,0.7879735739430566,16.860912499999944,0.7880518077026558,18.73236733918173,0.6995349100660616,14.945517246016834,0.6974448626646879,20.640324307985345,0.6971889015712526,1,1
1361,D2266,0.8830782770055063,8.790580357142858,0.8884133460310606,10.899956473460142,0.5732025712260966,5.706671580921433,0.5754158606429214,7.706135625722901,0.533032329398765,1,-1
1362,D2267,0.4207753942028139,54.28035714285722,0.4200140199160133,64.18086851958765,5.675580337849627,712.5261590740919,5.518195971704466,714.4770421381145,0.035104556321935,0,-1
1363,D2268,0.4462596124694855,57.590178571428496,0.4452729702421924,67.22658701076585,5.7340261149323215,720.0542125315,5.573445738728276,721.9866284339481,0.0319870286373957,0,-1
1364,D2269,1.2436016875568412,194.07857142857145,1.2335104389109908,236.67892120142744,20.03060615003818,2845.2048438867355,18.201880164039043,2851.287844375356,0.0556276533669459,0,1
1365,D2270,1.1302367180287485,54.79573214285711,1.122968008860441,65.00398415058878,0.9774681696404006,47.42459410238267,0.977023200109298,52.5666022175219,-7.432684054569487e-15,1,1
1366,D2271,10.96862560121924,1091.7468750000005,31.856007742246284,3375.151492200629,43.16912244661539,5185.988268454082,48.40921867422465,5238.588383847375,-0.0902898047431731,0,-11
1367,D2272,1.9956517272312784,22.889660714285696,1.970940079777811,25.696141428891025,6.555328491860039,78.24174895821793,6.783684186969915,79.18790588112161,0.291688086784842,0,3
1368,D2273,1.181828344555531,167.6022321428575,1.1909601951455406,191.76432096799724,14.756641762933556,1938.4556695855804,13.740535119363532,1941.1800327850003,0.4357381888271943,0,-3
1369,D2274,3.668227077461097,60.79810535714286,3.590737138189928,66.16520418415243,1.1809223040618089,19.9424144239752,1.1800838991592186,23.32253433088298,0.6180979061639303,1,1
1370,D2275,3.3999411350464435,84.95919999999988,3.3324570692780773,92.94488441488012,1.0526336948119357,26.684306897708343,1.0510092194989775,30.549311758565377,0.7160930948334114,1,3
1371,D2276,0.9445100231990416,26.082103571428465,0.9496419956105708,29.82716472939491,0.7237289485279065,19.992879181358667,0.7262797216831366,24.61948447543872,0.3565560287783887,1,-3
1372,D2277,2.268923782370293,177.68200892857152,2.2690919254526563,223.7401181833111,2.151908945872708,166.88077093255794,2.127330152118638,306.06899865910094,-0.0928128825871289,1,1
1373,D2278,8.537938633335871,546.2388839285715,9.047280271038922,619.5997724994206,2.6909639348961694,168.40369337231166,2.744152576720252,201.04997957123453,0.9144394398870624,1,-7
1374,D2279,1.4457772821330328,153.35000000000022,1.4711531026146691,246.82340796809,1.52698562997284,160.8610883535443,1.5274563240911687,223.722732594295,0.2712674711357083,0,1
1375,D2280,4.558828475012727,340.3414732142856,4.433520269887159,394.3478054469857,3.065486972680268,230.4157826302219,3.052295113191736,261.0587127866893,0.4242761309653753,1,-1
1376,D2281,1.4465131879657538,162.25625000000022,1.4656354174303508,238.68022055493392,1.4771589888763303,165.28414043435194,1.4839365185017357,252.1123057745655,0.3397350666022513,0,1
1377,D2282,1.323722432588951,127.23142857142842,1.3447444346805033,206.55292953933977,1.4043396058179225,134.15885602185114,1.4031776553298156,184.2833060573313,0.2375325259657307,0,1
1378,D2283,2.326148755839252,216.83535714285685,2.3230974135341667,292.13924398555343,2.267939240179646,208.95289784463213,2.2174943666522773,410.7545420766567,-0.0500750298288723,1,1
1379,D2284,0.4353135525743125,43.60049035714279,0.4351346236935592,51.211238648996805,0.5497606219587153,55.01206199194193,0.5481906892861573,66.21542661365805,0.4953499156389473,0,1
1380,D2285,0.7510730041624917,13.852146428571425,0.747156180164927,16.426171806215894,0.8212467042859118,15.208108513995985,0.8227972198632664,20.68773778761939,0.2126488474954659,0,-1
1381,D2286,1.889434953205751,108.00334821428578,1.865608412419256,126.06238473472403,0.8304464273859138,47.657553924880304,0.8272135533213457,57.79076940300403,0.724820673080755,1,3
1382,D2287,6.742236464719229,311.8429017857143,7.027745712651987,340.53980971241475,1.8962461413719007,85.49877120807729,1.9074774759699944,99.39728865264892,0.7623336596203543,1,-3
1383,D2288,0.7570717726473856,20.591483928571343,0.75243255127283,27.0251743562326,0.6888853170503315,18.798894114926693,0.6894889922848103,22.33574728796073,0.3316833595195552,1,1
1384,D2289,1.1419000466248224,57.45602678571407,1.1312543117994704,77.31761661939797,0.5502362107248243,27.74484895638976,0.5492201486772571,35.93368529906386,0.8206031275053505,1,5
1385,D2290,1.9808946013460664,19.557045535714288,2.0204401512481422,28.50809332388384,1.3044980022094963,12.869673749844749,1.313547046335508,15.431620483003762,0.8629539168046938,1,-5
1386,D2291,1.8396065255275311,176.04415178571395,1.87207261863105,245.2233674181027,1.1370726724422937,108.6485919789237,1.1339061694191162,123.42628659910974,0.7629138376884039,1,-1
1387,D2292,0.5219912951794745,53.85982142857159,0.521514740860511,62.18278306770016,3.541232924397498,359.55244451029586,3.477826456747856,365.0992763315468,0.4085178075831998,0,-1
1388,D2293,0.6570607707828415,18.41337321428572,0.6544628049380253,20.30587410251273,0.4450456709150981,12.522768374358977,0.4446532366679967,15.16806588671426,0.2821875738785218,1,-5
1389,D2294,1.6334535998065451,174.00669642857116,1.6557540217108295,223.8326718592024,2.7421554520679314,290.24725868648136,2.74410902014842,306.36537902813075,-0.702783957118029,0,-7
1390,D2295,0.969747300953624,146.0852678571429,0.9643813464956656,156.67990192024183,1.2755687533058395,193.67847550890656,1.2794574633781313,239.03456685397856,0.4410720900542028,0,-1
1391,D2296,3.583072328000525,414.3450892857142,3.51107831417784,444.2199709325716,1.0596080515724198,123.25349867754969,1.051972287968905,157.90441418110578,0.7083900536076557,1,3
1392,D2297,1.000534122585128,148.12723214285728,0.994103181354502,168.60474883856392,8.144210104718876,1164.1958108079746,7.824823631750218,1165.7530157189983,-0.0497099723540609,0,-1
1393,D2298,1.1263075950197547,12.522842857142855,1.118322960519581,14.84289853082108,0.6627153088705335,7.373880647437724,0.6634865745546163,8.132102666544066,0.7624027355072136,1,5
1394,D2299,1.9027655658197344,219.90312499999968,1.883794483583868,226.34435356840464,10.603033912465769,1174.3919856168122,10.068392137520112,1175.5005492074945,0.0845726216659445,0,5
1395,D2300,2.225116353081275,240.27901785714312,2.21595138822955,329.08499803110084,2.611585060889517,279.73536694925144,2.562953929553505,511.6676921059966,0.3789683242858991,0,1
1396,D2301,5.831273709465608,46.47313392857141,5.620776260466631,57.39841140968509,17.65056746919077,152.9883287754419,19.599838241071936,160.50759094730313,0.1688232103167543,0,5
1397,D2302,4.306833432698256,107.53437499999993,4.195021083557475,120.03365811383787,31.889360040677683,699.1525597902311,27.49213899178612,700.7936624015098,-0.1479991228480219,0,3
1398,D2303,3.721693447937632,410.7499999999996,3.769177300936081,462.7689457778459,2.489382243283252,275.9282340919317,2.5117287085250304,353.1229839271873,0.6678252570642133,1,-5
1399,D2304,1.227664969603356,143.28348214285688,1.220460576528071,187.00743104535428,1.9661680323303992,227.77985009364536,1.9421196323059449,267.9929344331032,0.2425751642425045,0,3
1400,D2305,1.5980749684027276,123.07665178571428,1.6019570365623934,155.50005119923003,1.8015747284875736,138.1967622582786,1.8127754287896003,213.29338663721725,0.2592250204928633,0,1
1401,D2306,9.955095305405354,609.1641964285712,23.67021241775777,1876.4867429872115,10.27515731102204,635.0768142787557,23.765875628076333,1857.9864046901528,-0.2996107659109903,0,-11
1402,D2307,2.1097865019766786,199.3100892857144,2.139776782961999,275.931162084328,1.7538764209288988,164.87006686158384,1.7667269516105408,236.90368421114752,0.5782003321683273,1,1
1403,D2308,2.2824352626178253,195.3873214285717,2.307822386313573,249.06523776423728,1.5734785133786948,134.636875482307,1.586724229430251,195.5338127818704,0.6348747289868448,1,1
1404,D2309,2.1662489750483047,203.1128125,2.195308499005579,272.2184144953714,1.5513746074261816,144.04692320167229,1.568697019112402,237.84110884789132,0.5722225891123143,1,1
1405,D2310,1.9171512339530796,142.13001785714278,1.952147422713205,202.23403830640729,1.5378253574920857,113.97227437738437,1.5490380234525785,159.25538255255387,0.4934233680762388,1,-1
1406,D2311,1.907844889512024,161.6598964285711,1.9346231234447324,212.02678044297068,1.2737193191589908,107.2979584368264,1.2879146337060627,167.06294163557385,0.355125309075981,1,-1
1407,D2312,1.8821412917531013,153.4334821428573,1.9182305958656325,217.3424034681512,1.947468005289419,157.1641627059964,1.9399629766321331,185.56281017626836,0.2675594781598779,0,-1
1408,D2313,4.860928194764473,106.37187500000002,4.730482359063522,113.5443037244006,40.486321387843525,752.446451034239,33.66003887744683,753.6994039653985,0.4148842456213099,0,3
1409,D2314,2.82421166820934,200.6959714285713,2.770704654415778,235.66333269769623,45.46950168661188,2654.308337990899,37.0381320102808,2657.811308295867,0.63328155855676,0,5
1410,D2315,1.3093485118923376,119.07508928571444,1.2951966867726987,156.11212112184225,1.5126861571720078,138.052355290102,1.5243350713451744,156.1651507120905,0.1844157057291205,0,-1
1411,D2316,1.154325896533969,109.2319196428572,1.1455930757698052,135.9501139280024,0.745599920881527,70.82611583542673,0.7466290250919411,92.50369386508116,0.6999372104274955,1,1
1412,D2317,4.299464738557882,128.7744785714286,4.632580861734822,230.05908982471203,3.5464114304938765,101.83152874632115,3.76519767848948,211.6088110837132,0.5023895146506614,1,-3
1413,D2318,1.691396551248006,137.81026785714286,1.6751745436656844,160.2175015151,0.869130318254784,70.93369488754817,0.8691382921640425,92.16217361525644,0.8115169290657662,1,1
1414,D2319,1.5761059714657344,228.183035714286,1.5608236324050364,255.4219324619352,15.26748494850614,2065.4027271831906,14.181644515257275,2069.3024453676994,0.0935154227776361,0,-1
1415,D2320,3.0107678698689733,313.36562499999985,2.955139500988948,351.7509463471823,1.4979887293661107,157.71238637908078,1.492179223882026,181.1734736727643,0.4947314370648306,1,3
1416,D2321,2.9810057088560757,62.66721428571431,2.9262863508325863,70.46082058989477,1.035597696783064,22.21708150198804,1.042564979836976,30.210437539672743,0.676679526278219,1,3
1417,D2322,4.390064138264236,639.1647321428574,4.28555219462439,675.1423746073962,1.0474570419218776,155.24733196488913,1.0468084758367668,176.7376790406482,0.7780471938638222,1,3
1418,D2323,3.0297079361051944,36.97308035714283,2.9749690122703973,40.87769196608741,1.0977725303887569,13.533823011570528,1.0933984733707105,16.130387360202338,0.6375473044115156,1,1
1419,D2324,0.9614763584935788,125.57812500000026,0.9553724185294497,152.77266679751386,13.067580580528327,1603.2062956117593,12.262417396733598,1608.0538184634536,0.1673903074988426,0,-1
1420,D2325,2.314814463795677,71.93620535714285,2.278158304133484,85.22464250690462,1.4858401432732111,46.72879927809553,1.4862739173580917,61.125452140757545,0.4540206007182633,1,3
1421,D2326,6.954593809871969,256.1195089285714,7.246011715731812,274.4375099991965,2.0985713834074247,75.45661464933816,2.1242515521113456,96.16305021103535,0.6192069557341595,1,-5
1422,D2327,0.6794909438238065,111.93616071428605,0.6786201093300365,144.56647282193128,43.85108013459508,5939.865857038681,35.963803045256945,5941.358044460122,0.1534860462203618,0,-3
1423,D2328,5.705290411008802,268.06250000000006,5.899415563880795,288.1287146437025,16.668144785157775,681.813766471649,14.989027848888496,796.4319184830855,0.00413614423342,0,-5
1424,D2329,1.9505734535553123,242.31562500000015,1.9221169697359524,299.69623124756765,0.9416881604232472,117.5748687456102,0.9468905003070668,139.57424348275828,0.7774003423640762,1,1
1425,D2330,3.701864412837118,262.9776785714285,3.81378296734216,331.96212170137034,2.277773724907948,161.06515880909623,2.3008937763589445,193.5028067668807,0.8029607984527305,1,-5
1426,D2331,1.6752734636384443,207.05892857142865,1.655720735267591,246.6208045426399,9.725697398455482,1152.7641067246425,9.269698696494386,1160.5192518506224,0.0916663160917639,0,-1
1427,D2332,2.118300795041491,155.54101607142866,2.0844243723659583,193.5459971339872,26.557324753547267,1732.5600334859448,23.437642098802083,1735.7324774942492,-0.3229398056218466,0,-1
1428,D2333,5.034191184780556,168.0305803571429,4.902094010603114,174.11248719198016,1.6831890855879876,57.779540297716366,1.7045575309513343,70.25848940696005,-4.025058848162563e-15,1,3
1429,D2334,1.7620380375435654,239.76294642857127,1.737686787417638,303.46439598230654,0.7669155387568236,104.57190691479911,0.764067746982463,123.30021856719692,0.8196844324197727,1,-1
1430,D2335,2.062615556493544,308.50625000000025,2.092029203693213,359.39335432943227,5.584606745769931,807.5521366150048,5.426700718846601,825.790472439509,-0.0482415385186361,0,-1
1431,D2336,3.861745065719584,190.65325892857143,3.985825956599202,246.1890734597856,2.3736810293956934,116.21544069482968,2.374321479494834,147.57176019918057,0.6793501446660763,1,1
1432,D2337,3.683890387157639,476.9196428571428,3.6082099520854416,510.5250595882968,10.764725214600226,1344.5192877325765,10.20649423158791,1357.246252013732,0.187754789436398,0,1
1433,D2338,2.6057484745920445,43.11165178571429,2.565982479627574,47.15275202371117,22.2353789848351,334.72878455043025,20.00628190998959,335.24481044618443,-0.0036631259050394,0,-1
1434,D2339,3.041132371919621,51.77414464285721,2.9868329860089617,56.82236565691599,14.565462487540795,234.1849082931619,13.570195810378888,235.22674086868085,-0.1610119554789275,0,-1
1435,D2340,0.6393258254747928,84.16339285714263,0.643778090768044,123.95169527794582,17.241186115295257,2092.516219297218,15.8704106605397,2095.1030469302978,0.4282074287808457,0,-3
1436,D2341,0.8525352218814505,87.07544642857167,0.8586998153574145,112.76408001994947,0.5631829069810843,57.20842173718601,0.5642792411642581,82.8782360830115,0.2401195124927861,1,-5
1437,D2342,0.760868953053916,111.0732142857144,0.7655250629088606,146.3978498504956,18.61532527394191,2487.0594146191247,17.027706404325343,2489.8737561244866,0.1426023770442201,0,-5
1438,D2343,0.7098438809634938,106.71026785714236,0.7149257872334823,150.7048220346198,26.613075267789625,3533.135612189196,23.48557139953753,3535.1311956844197,0.3816017458434871,0,-3
1439,D2344,1.9720922767165656,71.50464285714293,1.948786796779832,82.61714804245942,1.392844154804712,50.647139945321605,1.385375746431697,60.54458825383194,0.3141493657657397,1,-1
1440,D2345,3.343343524759672,349.07008928571446,3.2797726200187456,376.84421724483263,0.9480518617618324,99.54328597524687,0.9451407343300464,121.37110911538248,0.8058740122892868,1,1
1441,D2346,3.2261198286321866,50.77486607142858,3.1672218734144666,54.63177825380565,0.7608320925028618,12.125178645957314,0.7604228036494404,16.174554862411423,0.6588381361163288,1,1
1442,D2347,3.457545578825734,55.70178571428575,3.388102610666679,60.79840644709941,1.0129641193288514,16.56087670875591,1.011067191767792,23.36232773960164,0.5177939159006549,1,-1
1443,D2348,7.471768484493118,467.2047767857142,7.175323986981576,492.7670198617968,1.967188508680312,126.8547069642865,1.9555442608292424,160.01450555611072,0.5491585281647143,1,3
1444,D2349,1.5704242032147149,221.537946428572,1.5558826899742295,242.1232201505039,33.17095683123447,4039.3787574488574,28.45050137791719,4040.676584239946,0.3004435023940593,0,1
1445,D2350,0.9328248217983336,143.8790178571427,0.9263366035975772,176.9422127863685,29.47873512334821,3970.578069458757,25.690100792131044,3972.2934656631937,0.3537584724483635,0,5
1446,D2351,1.0183627835530795,151.64464285714243,1.01071142398307,185.4735001497852,25.08544270288248,3327.8422770778743,22.28776526889349,3329.7529307642912,0.1604558740325604,0,5
1447,D2352,3.700264159267185,222.43705357142852,3.621084399654732,242.803101002014,0.935048459525648,57.31359991514637,0.9328784250023912,76.53878926887315,0.6978690419952771,1,5
1448,D2353,1.4345948017122403,226.990625,1.4199390346219527,272.8214614333675,33.35680357660114,4542.024530455475,28.58592808018875,4544.585190765667,0.0529491838348341,0,3
1449,D2354,1.3076773642948212,152.19999999999968,1.295183198325952,185.50520068458096,0.7617294428796708,88.897170744953,0.7581385351088265,108.5260418067854,0.7033304443318195,1,5
1450,D2355,1.8164982811921413,26.19550535714289,1.7959038813760977,30.10997065883556,0.8802301614341786,12.732484757660345,0.8746850362317639,17.155011178671447,0.6710086944881495,1,3
1451,D2356,1.7850553949006305,229.97098214285728,1.763919378161535,270.6431391819722,1.0398586254385416,134.43497908213067,1.0333139336516712,159.02631764902208,0.6764124193097131,1,3
1452,D2357,2.8983044626408496,340.80178571428576,2.8488154372300056,373.810083523073,21.480749549129317,2308.25910744887,19.39117832672391,2313.480483641927,0.1530502981470338,0,3
1453,D2358,2.747108278786159,191.39058035714277,2.7001185455223764,216.888318195882,1.2959447348003768,90.95972667061316,1.2997060757120105,107.95651601902512,0.5327556345590556,1,5
1454,D2359,3.622507790046243,173.0429017857143,3.7028418105224974,191.2711708798211,1.2963426693782711,61.6001107192412,1.3089483471575718,85.15085123721295,0.6796894211209571,1,-3
1455,D2360,4.45603070475416,533.8388392857147,4.592514498107564,615.1169200910138,9.971941741749184,1124.1974209076905,9.471036845272058,1163.823516826482,-0.2061644845608659,0,-3
1456,D2361,4.011469845439998,713.2107142857138,3.924330725242324,752.3022290315262,52.63649993939129,7542.709096775827,41.66587784051728,7546.620916693013,0.1875930271015893,0,5
1457,D2362,2.787492469431857,423.1191964285712,2.7415799278227664,465.2388956134572,35.28762493163917,4606.972673907477,29.99143001156294,4610.452427112877,-0.180067123973153,0,3
1458,D2363,2.37673242496264,132.35077500000008,2.3409211178115483,150.71836177277686,32.600295611153776,1574.593083313987,28.026183251316844,1576.266524588696,0.1340988006459245,0,5
1459,D2364,2.382412684145304,114.7513839285714,2.3961664111877576,124.7390990948574,4.70049265943203,229.8934188933299,4.847866769505298,260.2365014818737,0.1726973811256937,0,3
1460,D2365,1.3406691342193462,215.92276785714265,1.327020303569666,270.76263562781395,39.31906142941571,5302.037272098113,32.85534503140545,5305.474337857699,0.346944220403829,0,-1
1461,D2366,1.5300371730829063,204.4174107142857,1.513456624010626,245.35155353944413,4.225926323636674,555.9034564885095,4.133274782864971,573.6976053415665,0.3504122899451418,0,-1
1462,D2367,2.986632789161484,23.465279464285704,2.9276421287857737,27.744259910816496,2.0722117717341466,16.096614161031294,2.0442973615040905,21.05627891977877,0.57826345045808,1,3
1463,D2368,2.03867870209164,330.98035714285714,2.012574664111201,374.69572831427416,15.153826931213471,2304.373682155299,14.081549050016903,2311.6900724559946,0.3246950541086494,0,-1
1464,D2369,3.9096335813721,38.17164732142858,3.807548983249799,44.789983834787,10.201242767036726,107.1036041830254,10.763863912265776,108.23277276510451,0.1426818422681555,0,-3
1465,D2370,0.6272381538373591,104.43035714285725,0.6270208168207033,132.1099480799849,20.422953956887536,3089.4671021739646,18.52911493638539,3091.396098845312,-0.2517869812478956,0,-3
1466,D2371,0.6897696477737888,14.477946428571483,0.6897679286821191,18.238376657244423,10.29782604273015,206.15086832663323,9.791232969890784,206.72440334008635,-0.1763735242381181,0,-5
1467,D2372,2.105704709150225,91.4274553571428,2.098549267892268,106.25308464443027,1.0533435006312877,45.5005281934756,1.049625663135763,55.50844728739407,0.8437844534613341,1,3
1468,D2373,1.3915956528367686,92.95165892857138,1.378304666623871,115.32841741584404,3.686748161433506,242.59428530986665,3.610487167963888,260.50981459335765,0.2317994504582338,0,3
1469,D2374,1.018963638341684,130.31116071428576,1.012274106455714,154.3418001370051,4.410420777830352,553.2261517916119,4.311066806304285,566.3340585674699,0.4638487624299759,0,1
1470,D2375,0.5683774814357325,89.4147321428575,0.5662512643693002,102.8795881988688,11.587384994981498,1726.6174068541363,10.952307003099902,1727.485209853893,0.3535370602329297,0,1
1471,D2376,1.440772859918683,56.99142857142858,1.4236618963482843,73.7727502364888,51.13644606834363,1615.8269185072204,40.72096196864772,1616.506436641581,0.174052785767486,0,7
1472,D2377,0.995667749573779,41.53401785714284,0.9908510321564546,52.937495625316025,1.2701178146206744,52.95351292377768,1.2671638506328091,62.46568000716231,0.2129391942173359,0,1
1473,D2378,0.7516878763616105,80.00566071428511,0.7475797635352004,96.8008270660934,0.3844880378274729,41.02406306504509,0.3846329554830671,47.41280590716083,0.3451825611988462,1,1
1474,D2379,0.8373750476385897,111.07901785714265,0.8333851167996046,119.09767022496004,25.52987457693038,3014.9618714000303,22.639430031318422,3015.375691779982,0.4268157773356844,0,1
1475,D2380,7.235913379940351,188.9966071428572,7.588355926351177,213.5784207576624,2.5189422271790285,64.42110777311544,2.5504238670477832,88.43637136008198,0.7643225082222769,1,-5
1476,D2381,0.482087759530597,79.4392857142853,0.4820522617295428,100.49051305613692,5.417664495956717,869.0222961143669,5.273638457192542,872.8863581567368,-0.3078243647084009,0,-7
1477,D2382,0.5612044022455939,95.15044642857148,0.5589579826288309,118.41250865947929,35.89936516767448,5161.462301855053,30.435150097779623,5162.459758325289,0.4080759705178678,0,-1
1478,D2383,2.3190451054698333,51.78200535714281,2.2880676787685403,56.035432341143554,0.8997777098371202,20.231378832717187,0.8988556297180362,25.1623961338288,0.7407210152403371,1,3
1479,D2384,0.8106046739085441,93.59062500000007,0.806751745862416,104.62216928721,1.0606928153289688,123.57609952635786,1.0691160395239954,153.1102266064234,-0.0661513620014882,0,-7
1480,D2385,1.8810414157391488,63.07903928571438,1.8615561274272856,66.5942556335675,14.22256271173264,449.2902233627093,13.277314130580445,449.6035569324734,-0.3286405887453197,0,-3
1481,D2386,0.6660142691135236,88.30580357142883,0.6651097143298373,98.9653119892045,0.3749259847275391,49.80386552672345,0.3747012497849235,61.18747532353068,0.5605661602436592,1,-5
1482,D2387,3.338390524607896,208.69959821428557,3.4078090659700173,229.91553407455743,0.7364640124840138,45.51420003072618,0.7391324651551094,52.9401187454956,0.8677927103440457,1,-5
1483,D2388,2.298833692069613,349.1098214285715,2.2718455625874805,355.0410805817683,35.812005013461665,4664.921836123887,30.372987001482866,4665.244636459357,-0.0052814502835398,0,1
1484,D2389,0.3148777805485097,32.83571428571421,0.3142467499461581,44.55390407476736,0.3871636700410524,40.37164639689269,0.3867148386738094,49.95253396768912,0.3875756911270239,0,3
1485,D2390,0.3370295230668688,37.97946428571426,0.3369230390555525,47.44078363611758,0.9952162027867214,112.70163526435836,1.000819256565152,119.496776865864,0.2481728510229251,0,3
1486,D2391,0.5155997925546433,72.82098214285737,0.5135440804906686,91.2139685008015,1.3993706076531676,199.96918848309156,1.412322968247252,228.9207876873664,-0.434256124110368,0,-1
1487,D2392,3.875929289442869,503.0397321428573,3.795933343071859,525.4124174941352,23.23217411587781,2749.904053537635,20.809523116913496,2754.2269812553504,0.1822885212426679,0,5
1488,D2393,0.7774288757576535,51.71794642857146,0.7818507859098338,70.5666660852587,0.7239644595825692,47.87781633250058,0.7218396611804014,66.89350620979222,0.151714068218211,1,-1
1489,D2394,2.805871024341657,426.24419642857146,2.7574404998514326,478.6161381446748,32.94589879049199,4341.853279954999,28.279695831813907,4347.84339397517,0.4724814930504476,0,11
1490,D2395,2.8598253995104157,199.27295178571435,2.80554039761856,232.75364115783293,32.050688774026064,1943.3025043957607,27.614796737928717,1947.1065139159136,0.1506227152795181,0,9
1491,D2396,2.884406715626225,406.0214285714285,2.8291833523404293,474.15346015010937,11.013214130075312,1485.3358290686172,10.4264953598492,1504.3909410396966,-0.1161383238509181,0,9
1492,D2397,3.060558348876305,398.8758928571428,2.999207355792386,463.0373495956192,14.57554591292951,1790.082638190171,13.572223814711355,1806.0159242633329,0.2660451367527776,0,11
1493,D2398,3.229881249777108,556.5700892857149,3.161882248642024,644.7889746869057,45.61770387095122,6473.710302755257,37.13730590084744,6481.420863181408,-0.2944965039740604,0,7
1494,D2399,4.828092591885026,551.7071428571435,4.981415046514735,621.5793636475561,1.269864674034481,142.17435133275896,1.2795187107754666,203.8768476662706,0.5900952936698859,1,-5
1495,D2400,3.3027696742209915,559.4334821428567,3.2371248155340253,622.3034314012871,42.84776615880862,6054.532755311285,35.28128945028319,6060.725039866247,0.0989566615386363,0,7
1496,D2401,3.144629644433156,520.6620535714285,3.0785190645795995,611.1407908141845,34.39054447362467,4907.40253476328,29.333190168758183,4918.548812055076,0.4721949243000967,0,11
1497,D2402,2.9927748743608658,539.6834821428571,2.9322547677081734,636.4526634126585,43.26398543586058,6476.468128446911,35.56102501315,6485.143728224334,0.008162032233007,0,9
1498,D2403,2.583163380655197,378.1544642857144,2.539462317470582,438.0106676783115,7.9725492051654205,1133.5822659505968,7.656782318641782,1155.3928095418264,0.146671374673406,0,9
1499,D2404,2.5173756108519543,144.8245089285715,2.474816207618435,172.21729086653752,0.6446341426221955,37.45259455450404,0.6434895641063776,48.87250783657783,0.9110735171912449,1,5
1500,D2405,4.116075867353612,733.689285714286,4.025789218721847,767.2648948959758,45.05206634365725,6677.582205937475,36.76528691808649,6681.650461487921,0.2718839044892523,0,5
1501,D2406,2.7555408337995337,478.02544642857146,2.713464548249798,507.9515188199957,37.87323954793011,5592.887180139264,31.840723117185725,5595.358216161329,0.0792311936397311,0,5
1502,D2407,2.4786032287016218,210.3737946428568,2.5008475914727035,242.8944522295883,1.3073410055639068,110.5609875792921,1.312275539513762,133.3438853441052,0.8220269020495676,1,-5
1503,D2408,2.9238493767378317,223.85660714285743,2.866501209469269,263.2712627577969,0.8637044864590415,66.9775759081258,0.8605918375045768,86.2405122975467,0.8470534508898511,1,7
1504,D2409,4.54499676914592,383.1329464285717,4.428407024309944,414.0930931722992,0.993140718917626,84.8302514502271,0.987147872993044,105.0158464714438,0.8646165391340842,1,5
1505,D2410,2.934982864594194,200.7398214285715,2.877229715050815,236.02028021783883,0.7870041321811523,54.45243638436581,0.7851042345524821,66.71889364203649,0.8503063375005995,1,7
1506,D2411,6.380684070128474,459.0630803571429,6.13809358516314,515.8001514318349,2.3438602078864066,173.87502028105453,2.3309378215719474,196.78388333822937,0.6854462636434508,1,3
1507,D2412,5.840016132003247,433.1584821428572,5.63520541141905,484.6035635563316,1.5266894608165915,115.79156028907651,1.5148834816626924,146.17866113223684,0.6984579514815676,1,5
1508,D2413,1.059506013549667,122.42857142857144,1.0527678890186691,134.71544450330566,2.146999769116525,251.56014480414524,2.1719890818574163,260.1574871833521,0.6614494982395922,0,7
1509,D2414,2.2121497030361823,204.52723214285703,2.17676374342216,248.88400575756333,1.237542070167381,114.70713503498804,1.23243293411464,133.0377256663301,0.6495531288796368,1,3
1510,D2415,4.742087910762848,217.77843750000005,4.632648060166295,224.90682295941977,2.859546184631378,130.9091244148308,2.78644296207464,179.52905423811515,0.4117792635024194,1,3
1511,D2416,1.7493198668911845,211.72678571428605,1.731869163249683,227.53816429543784,11.380095646880852,1313.5490405812252,10.765716222548413,1315.8426749137232,-0.0144315834088896,0,3
1512,D2417,1.724854183489862,200.9214285714284,1.7077889822357246,216.5467936610147,8.412252722352468,947.7638469882952,8.070918663033739,950.7036989133052,-0.00950470918316,0,3
1513,D2418,1.890626043749329,234.41071428571453,1.8712821568844515,245.3525238164068,13.623908223482372,1595.499538959398,12.753859051739784,1596.9213948468634,-0.0359162787824231,0,3
1514,D2419,2.0015068609337887,251.2129464285717,1.9807276424608864,257.33706527552675,10.666925475888222,1283.4795026506326,10.126125663050896,1284.4943886166184,0.0765554873201628,0,1
1515,D2420,2.0461332113799804,286.7035714285713,2.024440972319439,293.56362465188016,19.051029788408787,2461.5981208511,17.393541808248074,2462.257925500476,0.0458664725680672,0,1
1516,D2421,1.4308641900693144,63.47049107142876,1.4485100974611296,82.92186933682599,1.2345649769967548,54.7252668409625,1.2336444305223604,64.24867851794619,0.4124848139407036,1,1
1517,D2422,1.8756538812149453,259.7843750000002,1.8566228756385188,271.8433239192876,22.219421754847986,2794.0533115643893,19.996698309687027,2795.066310804182,0.0093406151416342,0,3
1518,D2423,2.049083185414421,267.9080357142854,2.0274036115489484,273.8321798736862,17.750282371030725,2152.9339201303883,16.302747224606495,2153.5617224157118,0.0854892007102816,0,1
1519,D2424,1.4014819163662204,106.66049107142862,1.392555513558968,130.90636818778134,6.482028215590783,508.9073191124572,6.710456473971125,520.2238782311999,0.4746973734426674,0,9
1520,D2425,0.8872392919018199,112.81885714285728,0.8909222586078859,126.31472880920307,27.286650150880256,3049.704230235018,24.00841675641828,3051.617320764536,0.1304445236421552,0,1
1521,D2426,3.805909259695881,299.70812499999994,3.7243895197717465,322.45929474633465,1.570081619940733,125.8933475504028,1.58497675041426,146.99153651101705,5.494023778754799e-16,1,7
1522,D2427,0.8280763248255102,150.30267857142852,0.826141472007025,182.52229190542937,30.33479032565953,4784.649483797389,26.33723524476651,4787.398882924963,-0.036278877235491,0,-3
1523,D2428,2.301131468703826,236.1374549999999,2.270689547594837,255.2156029251678,0.7953224306566451,82.318540300375,0.7954088779979492,112.6463004109525,0.5328326175308135,1,3
1524,D2429,2.4769210252886724,275.18348214285714,2.441224611902192,299.6003968970512,1.021350006836995,114.10823683177088,1.0163008024087028,136.88099441787148,0.6809476897009297,1,3
1525,D2430,2.835632205000949,333.9852678571434,2.7929875017168646,346.85172179372654,16.183777085508407,1787.585320860436,14.970440351195766,1789.3975934707669,-0.1435734201714699,0,3
1526,D2431,0.9131494908744524,175.7821428571429,0.9081062868251856,194.03054864068065,38.5044423612524,6237.788396478762,32.287638816023765,6238.444078131964,0.418866992483094,0,3
1527,D2432,0.913020948884682,35.28772321428567,0.9092872364038064,44.0328197045432,0.8641533435938961,33.45761010585348,0.862820676481401,40.06204870922219,-0.2372710778247181,1,3
1528,D2433,0.9673947040050096,10.994419642857176,0.9615751113225908,12.302093148835878,0.4987568395607705,5.708833050645986,0.5004174534389767,7.976279806176437,0.2508516379916847,1,1
1529,D2434,1.123191763910222,121.74017857142812,1.114580199097573,143.0251127580893,1.5508133016986447,167.7215590544764,1.5370589113523934,180.3794840610336,-0.0621426442127043,0,1
1530,D2435,3.121585139024176,69.98397321428573,3.0673288251314967,74.63496018213927,3.666012827126301,81.96089023662391,3.594174323419512,85.71155612208723,-0.2165819399770845,0,7
1531,D2436,5.059601399152001,1078.7441964285713,4.925471886075132,1120.5633322818371,31.303720562350872,5909.3209713945325,27.06179820324195,5916.183608574127,-0.0881801676271646,0,7
1532,D2437,2.7043614811236667,105.28801071428563,2.769727959317942,138.16851638846148,1.1025592491801488,42.50455427523707,1.108245869181564,53.376863592738765,0.8329674924241226,1,-3
1533,D2438,1.041931412633304,50.78808035714298,1.0367596721757764,65.08062476312877,1.054894485020022,51.36567691254738,1.0553732018387807,66.70959594121561,0.2763178540765332,0,3
1534,D2439,3.468462005539526,82.67776785714288,3.4010792567680617,88.51770668621398,25.693257365042328,551.1895532676747,22.76316665897601,551.9863307824792,-0.2294110235778801,0,5
1535,D2440,2.378675910554496,31.15200892857141,2.340188171202237,39.53562833566963,1.1845499406749174,15.517535668206992,1.1839425537245802,18.18499324417728,0.8537234894030873,1,3
1536,D2441,3.239916586318817,39.49982142857141,3.163962319106005,48.47420333717828,1.4657302111569033,17.89629251265837,1.4598210589547118,20.60864971211907,0.8223322590123894,1,3
1537,D2442,1.4873502649278154,206.70937500000025,1.4727815832400812,239.68920129425092,18.84548314452605,2405.5593996561315,17.219546161953293,2408.896692231818,-0.102785732727388,0,7
1538,D2443,0.7498875146378472,12.683214285714287,0.7458313870657189,16.018311626575112,1.959430151378452,33.478289081678504,1.9823494570000952,36.30930413238388,0.2882942644851128,0,1
1539,D2444,2.895056261302388,89.06320714285714,2.841411090317015,103.15808732316556,2.000703849398859,61.444212651704966,1.974945202423949,70.23934458518134,0.8424298533133734,1,5
1540,D2445,1.823599925215631,19.48089285714288,1.8060300427109903,21.43576664952012,12.2927595084088,140.86240088911015,13.103887254832566,141.277026002394,-0.1434737153988302,0,-3
1541,D2446,7.194896283799249,192.2053178571429,7.50495262918514,204.74151774651787,1.8004050041235484,47.04020491674156,1.808331384526597,59.68250990405889,0.6864031660586843,1,-1
1542,D2447,5.359967845773924,691.9370535714288,5.185555058791503,778.3164639031485,8.737650050184172,1107.0125696537302,8.339464185511753,1162.5430942347846,0.0540938259090377,0,7
1543,D2448,3.806789045144863,428.827232142857,3.712998227771021,500.5161815950652,1.093168075011905,123.14719589736862,1.089088143987191,149.01817048459267,0.8779082048057175,1,7
1544,D2449,4.627887253662752,555.9191964285716,4.488342705598429,649.670160626773,2.6944074302156795,327.8942671785726,2.652022582081622,396.9645766394318,0.7023915265696538,1,7
1545,D2450,4.565818504718107,486.6870535714288,4.428633725617265,571.6135988420313,0.953668682679808,102.8117982594653,0.950517714735258,124.10213449366417,0.9350622060307114,1,7
1546,D2451,1.0725121180812378,171.13616071428547,1.0659006638276811,188.7380202782392,46.72984440885454,6063.902259040949,37.8779410794927,6065.149325925401,0.406794773756656,0,1
1547,D2452,1.0452407111817317,154.96383928571427,1.0389961447653326,171.0336670351382,40.59988661357939,5019.079817456374,33.74730856234035,5020.379353594498,0.4283935652882268,0,1
1548,D2453,0.7589363701535772,176.09866071428536,0.7552858871297119,198.82413477963505,27.81948394258459,5684.6348938021065,24.42190844946216,5685.341039769342,0.2221390218148292,0,1
1549,D2454,2.5990600848977308,88.61745535714282,2.5398056055188825,120.89719661404492,1.4048483640218772,47.76387929174695,1.4047522605147296,51.4917718841227,0.8541941921863007,1,5
1550,D2455,1.440483094972394,213.27142857142863,1.4286312642585104,229.8818687435113,20.72077398951616,2798.514326094767,18.774743056315387,2799.3918555935984,-0.5066277287704027,0,3
1551,D2456,3.0093138369719004,175.24915178571433,3.0701162867882714,200.29748939140785,1.6588729972153844,95.63992716288384,1.6609687213013418,113.40464319777756,0.3337737605537976,1,1
1552,D2457,0.6086882981052537,68.74151785714275,0.6066100821809068,78.87313804897038,7.1635410411505385,782.6311209160328,6.914848909879108,784.4115114099284,-0.0070702205279482,0,1
1553,D2458,0.8461240268727083,105.11160714285688,0.8406006808511137,134.4134839410785,19.76492595932652,2237.540143670769,17.98524554333267,2239.4917524822827,0.0638776684019883,0,-1
1554,D2459,8.764642947391026,336.8495982142857,8.270412809278506,398.6693785313833,4.353070811801272,171.2374756136734,4.359747095820294,205.47715517660816,0.5111885627242966,1,-3
1555,D2460,4.839794660971487,383.36870535714286,4.699843395072468,427.5077617348656,1.1158585851934475,90.48760873742788,1.113889150969808,100.63682547106856,0.8777425230084438,1,3
1556,D2461,6.009176983775678,471.5630803571429,5.805070175586398,512.3729245546231,1.1872981470498007,94.90701803094738,1.1849584359532828,107.24380470059528,0.9167224588476124,1,5
1557,D2462,6.175211990706958,530.178169642857,5.960406959670909,575.2963515288394,1.2587471375737629,110.15035420811635,1.2547343306710828,129.71785578233144,0.9006486510984273,1,5
1558,D2463,4.454976476925517,282.72169642857153,4.328038292075108,326.20448981916365,1.3474541081285012,86.96530652972122,1.3468373654439674,110.04360746729692,0.8394839017775253,1,3
1559,D2464,5.241727928374622,427.4596428571431,5.079899937046579,473.32304463887743,1.1498178078510612,94.95758676052856,1.1451579854970195,108.77869004672496,0.9112203190816116,1,5
1560,D2465,4.262825501382073,317.98897321428586,4.154271392657093,353.7293027019944,1.044679744113224,79.14977132946044,1.0431711553818193,91.78305676816876,0.8650812153170532,1,1
1561,D2466,4.722986139558684,54.09642857142858,4.5670756818018345,65.4740606668083,1.2191728906330273,14.206744139139817,1.214575328350093,18.741572131832573,0.9024528184846226,1,3
1562,D2467,5.4512502451917815,592.266517857143,5.261405046053564,685.2514609872469,1.5636614113633502,172.80092036234277,1.555090572540511,215.23908301315836,0.8720374427605505,1,5
1563,D2468,5.045373995517426,561.0013392857144,4.879951412718579,653.6956449614987,1.5031321800409168,171.18487351769895,1.49281093520097,206.9925826849484,0.8516263563811226,1,5
1564,D2469,4.560247489177873,477.663839285714,4.422537991135092,561.7342251916593,1.1277504332478705,120.22607036635716,1.1239274244455977,156.49389868896847,0.9048411971013164,1,3
1565,D2470,3.107119079101878,408.2017857142859,3.0443132080742097,471.9035117450617,16.112279151511206,1980.563413181108,14.897102490925354,1996.173246121078,0.2917148942168148,0,5
1566,D2471,3.4485306931667856,524.4303571428569,3.3744721885773687,593.7149845549161,5.356608928591856,805.5776768714031,5.1994255845639366,858.8032926778652,0.3333708319911489,0,5
1567,D2472,15.835801829360546,387.3772321428572,14.35084660045653,435.6423028180067,1.8072051365832584,48.31519040068319,1.7848008927636765,58.13112369457756,0.8622956730045002,1,7
1568,D2473,7.267090514210614,1530.016964285714,6.982781393966331,1627.0680474807473,50.6007433759317,8781.131159685163,40.36981068003133,8797.529021912906,-0.0398075338070257,0,7
1569,D2474,7.288560026513556,1544.6754464285714,7.002476714247477,1643.0148888509957,51.06715261886119,8905.007941620304,40.66644224304115,8921.39602766078,-0.0635222338783773,0,7
1570,D2475,7.664673395794456,1602.688392857143,7.348073911801414,1707.845756072427,54.17511483079468,9218.747753235324,42.61270606932302,9237.19265202575,0.036683578325234,0,7
1571,D2476,2.29173762062242,69.41160714285714,2.246052977403199,93.50247151915148,0.8656603435951328,26.27357108994202,0.8661777693811807,33.31948848797022,0.8697009006936824,1,7
1572,D2477,2.567144562412436,22.57215178571428,2.5302643469488992,24.09932827495673,0.9028808624669062,8.018031959427576,0.9011032635036976,9.650642706133596,0.4867793959082107,1,3
1573,D2478,3.1224888015390952,133.52732142857135,3.0708166280651965,138.8548744197033,1.284740748491796,55.13060314040669,1.27270394296322,75.22934965085707,0.5730466370116241,1,3
1574,D2479,0.923919243085436,15.1005357142857,0.9305340821348722,18.768919627224527,0.7025522682239349,11.425978395804677,0.7014286466733797,15.990652094718998,0.4074943382872235,1,-1
1575,D2480,0.6974282798196038,79.89017857142815,0.70090122978765,118.25091010201672,1.6138045178047966,186.2819473393382,1.6353085032346373,251.8583819352811,0.5160029512913704,0,-1
1576,D2481,0.8124229165373799,33.8537339285714,0.8191292111753613,47.82473857092727,5.151855876237795,209.37112715923973,5.01931689745054,212.12368722694663,0.1106267296948542,0,-1
1577,D2482,0.6615618902072853,75.72946428571413,0.6660913990699524,118.2145850301021,4.076646043989967,458.9317050744673,3.9905625622363416,472.5038055932553,0.2634632238310596,0,1
1578,D2483,1.0380454910897354,14.081919642857136,1.0330541728850045,16.26935509840756,0.845564291951124,11.450141156150428,0.8433083574113622,12.782901635836964,0.7497481512732503,1,5
1579,D2484,1.3536273777857997,183.91919642857167,1.3460916626094466,226.47952573591948,23.1384349174498,2824.717903263157,20.73045576895833,2832.6392418456635,0.5195230206239669,0,3
1580,D2485,1.974014092230206,138.6615607142857,1.9591437072526008,156.43997899926515,13.484222568760424,893.3290251640386,12.619981001278775,901.7402175143644,0.1509426269720108,0,3
1581,D2486,2.1310366235000804,190.9006232142856,2.1117945121505945,215.05068449365203,9.220211275441786,797.0216994045961,8.801724545797276,810.7814329185204,0.0181030614550103,0,3
1582,D2487,1.79681511654111,363.7607142857144,1.7824304278111185,407.0222337978646,38.22215582826935,6531.947654755585,32.082856323896195,6539.394626699148,0.4056214993814644,0,3
1583,D2488,1.4994956292804869,19.39165178571432,1.4966241756056164,24.75051385367998,1.2338620006937666,15.947695171628018,1.2381339958749735,20.87223857441274,0.4939862362715783,1,-3
1584,D2489,0.97088682766699,154.4205357142859,0.9788239844848916,209.82174354079717,25.037769989881912,3541.5903604054174,22.248037806002984,3545.754749963112,0.0420190652349443,0,1
1585,D2490,0.9618342840624978,161.00803571428565,0.969704857449066,219.2357275398118,29.77967073410884,4341.969984471692,25.91646725954349,4345.733428550639,0.0796966158691583,0,1
1586,D2491,1.450400418790134,141.57812499999986,1.465894158905381,171.53763370860693,0.9882843052815212,95.89630371229552,0.991143539933699,143.3816890146738,-0.0262415973691739,1,-1
1587,D2492,1.4832741104051503,146.84272321428554,1.4990411017856993,176.6766009564021,1.3690171954643895,135.09110918151327,1.3757760619595214,182.02160186436305,0.1452218746612932,1,-1
1588,D2493,1.8896419731426053,21.822857142857124,1.9134345288257344,25.01032180670611,1.171566468247159,13.431130023389104,1.17518354123243,17.91345564513417,-0.022342821759397,1,-3
1589,D2494,1.0240395479626467,17.807410714285716,1.0281387138124054,22.17212260130549,1.0416281008093042,18.027026380376743,1.0405984844073195,21.821576771284946,-0.0252509059024122,0,1
1590,D2495,1.311420450185306,23.54165178571428,1.3054753100583636,26.576524440027587,0.960207156685265,17.154062567270234,0.9571442910070512,22.71509667353628,0.537659357460873,1,1
1591,D2496,4.866091288607844,580.8022321428571,4.726070746232052,644.2015403850618,3.4191652950985687,412.0004428866314,3.339364448830854,491.1625627841268,-6.754391396129118e-15,1,5
1592,D2497,4.39817801319088,728.5147321428573,4.292666215000751,771.9015504235739,27.99384429529353,4147.859152097905,24.548777523912264,4156.055065728418,0.2103743755983691,0,9
1593,D2498,1.5239100046734977,110.81415178571432,1.5109697864793117,140.48179609715245,1.456966621728727,105.63563517648878,1.4599915757864523,120.1040731297422,0.637368530285674,1,1
1594,D2499,2.9013535176898504,22.503687500000005,2.856664608847228,23.406445118893966,0.8459325341443881,6.616537424002355,0.8409590876268445,8.673805558231617,0.6036277287666417,1,3
1595,D2500,3.284970923255212,27.67108482142857,3.227071038542179,28.979804980635755,3.095315085979262,26.99462616036328,3.156566848290608,30.209480337282542,0.6152453776658234,1,3
1596,D2501,3.331878784803561,26.95890625,3.273902042228809,27.82531401063531,1.0734881809980414,8.804529952243017,1.0708340826808371,10.781093266366849,0.5436981443370501,1,3
1597,D2502,1.5228672695753116,173.5767857142859,1.5081204682925176,199.48713462421688,3.1288967326042743,353.16896238222074,3.0745572273886284,376.07154595077776,0.4538239422659043,0,9
1598,D2503,1.3385609853553613,57.45892857142859,1.3477610466777985,65.23715125016277,1.2400173054418084,52.90414690146788,1.226816225337426,70.05963118742741,0.3500862457904759,1,-1
1599,D2504,0.711461865678178,31.392366071428636,0.7116077854703889,36.79955363961343,1.0811803804486466,47.9000422052275,1.0872307112757884,61.087080580759554,0.0926275115407437,0,-1
1600,D2505,2.09632346224214,220.4593750000001,2.0698815035443787,246.10599829496945,2.8647441281348214,299.8804763118053,2.815612243749481,331.4863889247687,0.1711359662925647,0,7
1601,D2506,1.5951234289825862,180.11116071428594,1.5792749989159476,206.2039260429188,4.879076414009016,540.6733403884838,4.756188505819338,557.368796299608,0.3271012304177201,0,9
1602,D2507,1.3912575875553477,147.1178571428571,1.380028786442244,161.57356426261927,0.3838681122808469,40.48431606832804,0.3819352103850273,67.71230033857202,0.8448386240315062,1,9
1603,D2508,0.9546372542575412,112.05625000000002,0.9478249605009786,143.97081768492555,1.8438815462401488,215.12016929908648,1.8220052947373224,246.0334752909804,0.2676913491473777,0,3
1604,D2509,1.4180873175740154,35.44877500000003,1.4276669101496988,42.3368627359754,1.1587161035646016,28.962849698834948,1.1602936637424182,31.63201255773873,0.5904530577951944,1,-3
1605,D2510,1.3210826696597706,147.65625,1.3101074302014408,171.44898287151943,0.8313858100937982,92.90953888769891,0.8266759654224258,116.05929225773598,0.6198272126926795,1,3
1606,D2511,0.8168914674110338,13.718883928571456,0.8227959529431143,18.199042041330078,0.6860542126760634,11.464463355465211,0.6851942302685966,15.97137609369941,0.1358182286193808,1,1
1607,D2512,1.6493691756216993,218.83705357142856,1.6328235385255598,246.32026040014205,17.35443692747402,2129.1942932371617,15.963589887364751,2134.7697070837094,0.3832427253981892,0,7
1608,D2513,2.530728800412602,353.9808035714285,2.4955913561724734,377.24684924471785,18.250723351315976,2362.688648127594,16.717956153734796,2369.838660449784,0.0654164934333367,0,7
1609,D2514,2.404356341140577,294.25580357142866,2.3721518566253565,314.8168028835028,15.471362200589525,1774.3925869211475,14.354489490719931,1780.744448850693,0.1388357028986055,0,7
1610,D2515,0.4396055028661015,39.72075892857135,0.4384546723765385,48.39627919046072,0.3645564015008311,32.96470866944115,0.3643207028348015,46.34540561209951,0.0856046366873633,1,3
1611,D2516,3.271124259125836,193.68790178571436,3.1961328150684207,232.9768315793704,11.166383456928395,705.7289207852804,11.855253585215934,717.8750949355151,0.1820952972324248,0,5
1612,D2517,2.507731986965196,141.21812499999993,2.472323718451416,153.59442642635526,3.025939270383296,174.37797341677847,3.079204180264771,185.9000672697616,-0.5071391059169637,0,3
1613,D2518,2.9008009621806146,189.8092375000001,2.8176435093198005,274.3468479421308,1.9134183761974763,125.7647425096061,1.8885942817591923,173.59414897862823,0.7169934498044123,1,7
1614,D2519,2.164825542642032,51.6595535714286,2.138969498045126,57.01623705138744,24.654623764606367,527.1160213278836,21.93930234405558,528.6073533291029,0.2968897276388797,0,5
1615,D2520,5.416248353968566,748.697767857143,5.221727993514618,882.6162089471944,1.4685274926219216,205.74474554538185,1.4523691024366183,253.4756073564772,0.9490181960124062,1,13
1616,D2521,0.6257255231258884,8.414732142857101,0.6230213458762431,10.85504072547794,0.9313756776730362,12.466940180403997,0.9250766962784386,15.535783250373113,0.4821532544970252,0,1
1617,D2522,1.095404812884612,105.0910714285714,1.0871125518872191,124.32840657071488,0.7200023070839917,69.42591721436825,0.721165524410273,83.1956693945924,0.6342483792950037,1,3
1618,D2523,2.611989099736116,237.581205357143,2.5564766422600265,309.5718158689273,1.097336117306234,100.432001448773,1.0890931007654303,133.96308844757294,0.758705610658864,1,7
1619,D2524,13.696272862532073,66.77575982142857,15.10919011524525,76.84361050290315,4.091994760288079,18.7862510586459,4.221488188295202,24.61322750252197,0.8357598844479194,1,-5
1620,D2525,1.9253019603403845,277.69776785714265,1.8953952692963945,357.6095107581869,0.6480235974373738,94.06354926490258,0.6437871251879554,136.66266815546402,0.876888472154206,1,5
1621,D2526,1.51311942719157,225.91160714285704,1.4995634646252507,250.90498201510468,1.166064381991715,174.9112615590398,1.1644039986121948,186.91666958284097,0.2529067650029582,1,3
1622,D2527,4.582841208076122,126.98156250000004,4.758199684201863,159.06272438633133,24.741928070645237,604.7672374149545,21.97837337888587,611.6081945951379,-0.6121706505431221,0,-9
1623,D2528,2.0780233492694857,239.4910714285716,2.0499456556984685,286.99289253969977,0.6811616425625111,78.81084308989661,0.6792969309808857,93.30475506823906,0.9163456079111642,1,3
1624,D2529,2.263854355362552,17.2851875,2.296755131253805,19.62980650135636,3.1177701871745267,23.218696220812053,3.06238306086504,29.294325052919124,0.0743712964643033,0,-1
1625,D2530,3.305118220043456,288.9634374999999,3.228005498898655,349.47057444381846,1.1485765097900236,100.41514986788,1.1421561670519285,125.21881173839267,0.8628799905503506,1,5
1626,D2531,3.618044805799808,41.6901785714286,3.5408349734638773,46.57523699174333,1.060070873861545,12.291822715946555,1.0539718062327443,15.875930765728278,0.861924084702763,1,5
1627,D2532,2.972611096509042,121.37120000000002,2.91629518336762,141.73031552824,0.7747920942431917,31.7889951931854,0.7741152334104484,40.56791019063951,0.9154995621039678,1,5
1628,D2533,7.525396647921298,210.10075892857137,7.172858681256382,242.68766165359435,1.8751296073179344,53.64602171116466,1.8576898475517185,65.81485038838163,0.90643309973367,1,9
1629,D2534,8.174812783561134,227.7810267857142,7.783449737627519,254.8755419337688,1.9055221077059248,54.299058985036254,1.892373680432869,59.43344385503957,0.9191595104025256,1,9
1630,D2535,1.463446058178841,14.071066964285722,1.4787410165264911,16.784395717024154,1.0207373470904002,9.80013264043927,1.019505737466451,12.5369150584936,0.4801960040623698,1,-1
1631,D2536,11.447537187129807,305.5676785714287,10.741942110971934,329.16696635693125,12.896806246231332,383.4027576967528,13.89863137002076,401.09602356503,-0.19410754279912,0,9
1632,D2537,1.162510576465671,39.10884821428564,1.1604234007668444,51.7656369472794,1.141257555398307,38.302287269749286,1.140429814557747,52.350694941671264,0.4057721270620325,1,3
1633,D2538,4.892186302505333,431.39191964285743,4.724235897424812,522.2453639682752,1.661837239211796,148.49289946162247,1.6598803045317794,168.27272684305075,0.8852185262615865,1,7
1634,D2539,1.3050629198742243,102.4469196428572,1.3163563608083175,122.66632733841564,1.229258574650703,96.42176321904078,1.235186559283907,110.49099359479678,-0.2418666891330313,1,-3
1635,D2540,5.28976893440597,71.05626964285712,5.1336729954130575,80.98865978275825,2.1494526138295216,28.55328899291096,2.1266134317698726,37.79968137351538,0.771516465340508,1,7
1636,D2541,1.537643088039015,67.35508928571446,1.5365764212270805,75.016027128315,1.4669093584577244,64.27391129256193,1.4794099911288383,75.75850556903633,-9.723632361402752e-15,1,-1
1637,D2542,1.861094402876156,253.8513392857146,1.8400350143716877,297.8006557521431,1.017148985833439,138.72683899465952,1.0200696303209589,160.80181724143156,0.7364947210824183,1,3
1638,D2543,1.948559717551907,228.86696428571435,1.9255005304007375,266.9591015024586,0.6796464456001715,79.77111479130157,0.6770881615656815,102.8469861100116,0.8778983650648574,1,3
1639,D2544,2.747490405293485,386.194196428572,2.80949206752808,485.7728858840895,7.008231014595531,949.5522411861474,6.749509856201523,996.486320685369,0.1710980217992617,0,-9
1640,D2545,1.6475943028031417,241.13392857142884,1.6726118084021055,323.34910401792774,8.720754778103764,1224.2209456596452,8.34422893132621,1247.8193694160043,0.3795204478838746,0,-5
1641,D2546,2.297744242707981,340.3897321428571,2.262935347757591,405.7566406016037,1.1990402034810044,178.13685041656285,1.194684732866584,211.06848742060703,0.7630534677380493,1,3
1642,D2547,2.2099219692751286,20.833455357142856,2.181940066401377,23.02666210724732,0.8350356895485065,7.929686020176616,0.839393740272659,10.840394400713231,0.4595687084691061,1,-3
1643,D2548,2.7541183276391967,283.92678571428576,2.789804525133796,344.11409455665233,1.490980897969601,153.69307332821103,1.5039766197115838,197.84440538802068,0.844314841223835,1,-3
1644,D2549,2.3049145407346687,29.41379464285715,2.270451663610068,34.859436647909256,0.8140777711379868,10.39575263274365,0.8107347945855022,12.701147848889098,0.8856271827648051,1,3
1645,D2550,11.091494521656774,141.05763392857145,11.962627400837182,159.4065402207534,2.3342988327863115,28.09851773636537,2.344524553877591,32.57197754831074,0.935823971936382,1,-7
1646,D2551,1.018057209424286,147.203125,1.010236485579118,181.79515766347683,14.849745504160389,2006.647451713716,13.821900885227349,2008.598241580779,-0.154757871777122,0,3
1647,D2552,1.3975421565610588,19.005669642857143,1.3813426030988816,24.68663753183793,1.0920889380768533,14.80663518549568,1.0832900220317696,18.10378527185705,0.7569640872221821,1,5
1648,D2553,1.6087876514488515,23.26571428571424,1.589941737710942,28.33378602229397,1.048590725972527,15.225042876031951,1.0422785372353371,17.634484239253737,0.5772852117314654,1,5
1649,D2554,4.388438351076541,39.192656250000006,4.2866056113844575,40.89486608337092,3.801124579216044,33.5776675886133,3.702852796312102,43.73747032405295,0.6536865990031623,1,9
1650,D2555,0.7759505830771716,91.58660714285725,0.7716899794443076,109.4611625923619,2.1999177932057687,264.10571917845664,2.23078098712422,296.353866582294,0.2110925375769376,0,1
1651,D2556,1.3815613338690107,54.99085892857144,1.3654272860763284,72.79950760703495,28.1908754421084,985.5642488608356,24.703021790561387,986.8455163654786,-0.0992559622894705,0,5
1652,D2557,1.071354457068378,12.948705357142815,1.0629882493255751,15.752533922264584,1.7122584702205716,20.61306207042651,1.694531465851867,22.82386613096373,0.1602578970198103,0,-3
1653,D2558,1.4517066171426536,24.029107142857143,1.436521160045583,29.068405962887184,0.7620886385712641,12.669572337036405,0.7643298768953055,15.625337051603422,0.384666402647819,1,3
1654,D2559,1.2892358144599156,184.8495535714289,1.273124859093829,259.71915640491983,19.968551590646047,2606.201050639043,18.15021337999102,2612.2533210412084,-0.1646944133962038,0,3
1655,D2560,2.205410151201279,34.750089285714225,2.1747795230929534,39.40795867061396,19.200638508696997,278.1826229261692,17.51229345693448,278.9740951768029,0.556440309520921,0,5
1656,D2561,2.602231767739439,394.5776785714283,2.563123593364496,428.5239134746656,18.528603096865854,2599.2499995465087,16.952363441965982,2605.5605714254693,0.4179760552349034,0,5
1657,D2562,1.6764659019465251,216.51874999999995,1.7043746124357984,300.48710154008995,0.7694564382852859,98.9709411357783,0.7726581388245846,129.22731508896342,0.8152732285779951,1,-5
1658,D2563,1.4054039944224166,170.10133928571435,1.3923027014161935,197.25601307912157,0.8262112507544241,100.20830536066724,0.8226009956926226,120.08985487035616,0.5476652617591307,1,3
1659,D2564,4.667115046945779,153.62191785714293,4.818987310333985,183.7374513854868,1.5959743002243318,51.91739523010204,1.6253069744387545,93.8896693051842,0.7761359050115603,1,-5
1660,D2565,1.5477833700498411,141.5784821428572,1.5306275841589678,171.0576438484209,0.9372107401200406,86.16949277334061,0.9330109112035448,110.45468682384436,0.5066974052785647,1,1
1661,D2566,3.392815122856762,22.041062500000017,3.50916041557502,30.53006623374094,1.5661677192921983,9.988385631268564,1.591366819181186,14.057013575188902,0.982152696176772,1,-11
1662,D2567,1.1526923405870968,8.851607142857167,1.148216362464348,10.537939143853228,1.3211812892980437,10.154875758983271,1.319589220876476,12.236876096122716,0.1918464388159576,0,1
1663,D2568,3.252313778537725,28.16628124999999,3.1953194583299824,29.54924925642921,0.8721539987801643,7.638587072316641,0.8718730063239536,9.946797291901856,0.6330856979509061,1,1
1664,D2569,1.6941446842870185,72.2864732142859,1.679436756526475,81.24711321777609,3.2730271003417832,142.1177865499391,3.3381895698188946,154.5124337800346,-0.0615771059582647,0,3
1665,D2570,6.63386557462506,48.60488392857143,6.927730985274937,54.64754546709928,1.0323978891953367,7.396987823857947,1.042573394449232,10.180801129672483,0.9604729870169262,1,-9
1666,D2571,1.670195656803772,11.924241071428566,1.6941982818721435,15.50926624022773,0.8583175669820517,6.097139426865932,0.8595347953572653,7.570017241266496,0.7781640010837497,1,-3
1667,D2572,7.906923081974602,48.770803571428594,8.337342418954986,55.47704954562696,7.292349837430708,44.79029359335609,7.654773328438806,50.88323306499995,,1,-7
1668,D2573,8.155109003004926,74.26446875,8.621929535001946,85.15976163261251,1.5446896076662728,13.69501846791485,1.5633527199657584,19.528131135262747,0.9267584638772952,1,-7
1669,D2574,6.759407058035105,59.27858482142857,7.091653398518292,69.44453252164115,1.9171475852247295,16.44020716706853,1.9437506661997064,22.33422855280057,0.8650928984889932,1,-7
1670,D2575,6.754228383413066,58.10086607142857,7.0856803758698215,68.03967326861996,2.236332486589052,18.774278647544723,2.2741462930742298,23.39875186098119,0.8874437398133369,1,-7
1671,D2576,0.5939615150327321,58.89517857142853,0.5956614030096513,73.09212795679329,0.5617949542736266,55.65216620108068,0.5617925281547127,68.48176819664086,0.4741364768510732,1,1
1672,D2577,0.6392969652998683,73.23392857142893,0.6367547882740476,85.36670011030817,10.460352134406644,1140.2527404051275,9.938841455618666,1142.4220877338723,0.4855022760589683,0,1
1673,D2578,0.7936191176810558,15.191558928571435,0.7984090054311483,20.513274230525543,0.9325302950255492,17.703598732948763,0.9288849316184136,20.53527424424457,-0.5688369450644808,0,-1
1674,D2579,0.5258829548647588,56.03258928571423,0.5279869479277517,70.54027418296594,2.1360187750468653,225.19188278456048,2.1123200760207057,230.95778313896105,0.1955345361308633,0,1
1675,D2580,4.7048441471889735,36.51883928571427,4.89855038483251,46.8201352505107,2.0455735713339664,15.61079068919973,2.076784913553046,22.957571909326727,0.6807109395471166,1,1
1676,D2581,0.7936111745225596,22.82939642857153,0.7941165939583972,26.663871335715587,0.4305599982383186,12.377255955170606,0.4299315075734443,14.236041669995874,0.3409282724016396,1,1
1677,D2582,1.817903751144216,15.552647321428578,1.8332299878702276,17.56555948035758,1.3497588979363433,11.520238262343591,1.3508922666814094,14.05648472535141,0.4738670560580986,1,-1
1678,D2583,0.9615623923711972,14.933035714285731,0.9695731285822042,19.77944881215099,1.316193484864254,20.48691665211954,1.3287069312914983,24.629024812477105,0.2514265125497497,0,1
1679,D2584,2.643595456065611,256.1830803571428,2.599548253853856,290.7098907668061,0.7666776731319084,74.65976440222688,0.7648427810332208,90.5150482144739,0.8988731438357838,1,5
1680,D2585,2.567465762621012,39.07712499999999,2.491763872027174,65.1707671286936,1.8374371042206283,27.64044191726457,1.814207999137705,42.77356631338973,0.7343889090334634,1,5
1681,D2586,0.9752745621780264,13.405535714285731,0.9831163306820953,17.1039979335973,2.302952646832724,31.905006560950465,2.3324058289753693,35.36678300702642,0.5516624432161957,0,-1
1682,D2587,0.9149940156586568,13.479776785714275,0.923001519978477,18.970806561409063,3.9795585484178666,57.678079100140216,3.895573847608832,60.14063103284643,0.389089508393617,0,-1
1683,D2588,1.1004094217506135,20.858348214285684,1.0937161184216102,22.012939144058954,17.869788515945277,312.60017617379424,16.403518029383033,312.68897042838057,0.4804367746214171,0,1
1684,D2589,2.9241593250889397,81.91055357142857,2.9745249091806207,87.90635667417678,10.684356825875971,280.74012123695934,10.136558202428589,282.63358669703246,0.2330202240642217,0,-3
1685,D2590,0.5644297892144641,47.42826428571425,0.5634346177456244,68.51253096917948,0.6887972937587874,57.89065598893675,0.6888983906607362,67.9127852269605,0.2649748436553793,0,5
1686,D2591,2.033761821291173,76.5385857142857,2.0123067338928804,78.39448679118,20.158930142982825,696.1385201812203,18.312533287522832,696.2902022242591,0.1688399429789922,0,3
1687,D2592,0.5402567087128379,9.275937500000024,0.5383841917387747,11.30960782015712,6.910549043210029,114.85632155679662,6.678727494620087,115.14679330398616,0.0857932854604655,0,1
1688,D2593,0.8603133199812873,91.27544642857096,0.865560160322666,110.84900410188348,6.555707429368238,672.7580395311609,6.345324596185034,676.9815280682684,0.0215171254092864,0,-1
1689,D2594,0.8492349733888694,13.391874999999995,0.8445083284113867,15.390905668216735,12.642748386873963,187.99871076337345,11.889619172505697,188.2313010585124,0.6588265315543225,0,3
1690,D2595,2.883749803397733,113.30535714285716,2.8414979124448365,115.1278342276571,8.423430257121924,322.06770142467747,8.08161420668306,322.8332905458306,0.4214077944742629,0,3
1691,D2596,0.8039096075271537,11.37790178571431,0.8002009934172285,12.244466348775468,1.1298927896595616,15.965556101484676,1.1230718146628915,16.56451438261006,3.3921957235927936e-06,0,5
1692,D2597,2.461606145509148,33.332366071428574,2.5346398903459275,50.418318848156055,2.42712955503834,33.14474298554468,2.464362677251847,36.7612695692437,0.9167994958499528,1,-7
1693,D2598,0.5764232711865943,62.91428571428605,0.578201787976525,75.38068182950062,0.5611690659522792,61.109345979376094,0.5594837795836091,70.71457757139613,,1,-1
1694,D2599,1.2933547043681712,180.86160714285688,1.282166120973307,210.3468156572445,24.503580584342064,3067.1223771410773,21.827267667822284,3068.862492120364,0.076635127630485,0,3
1695,D2600,1.7519173312823983,241.21964285714304,1.7774159026772671,306.60588189663986,1.2946820980475129,176.83743049775603,1.2931763052954852,195.08628470715695,0.5430252474200454,1,1
1696,D2601,1.106554055725193,144.49776785714286,1.0986068201254056,192.23709909488085,12.676913170566156,1559.2914436566823,11.916066708645568,1566.22198218689,-0.2773600691050401,0,-3
1697,D2602,1.0873371011112092,137.3839285714287,1.0897574000682908,163.04319091515188,7.313445747597536,892.6849433220888,7.048723610512451,905.9641254516592,-0.0368570500030328,0,-5
1698,D2603,1.019833472014452,15.405312500000004,1.012791052831758,18.02709838702782,19.84362893296226,273.5092438282885,18.05058197196899,273.7266812775029,0.5569619808717409,0,3
1699,D2604,1.013118764985358,48.290982142857175,1.0061128749122397,56.69187634951778,32.23951580038051,1327.7675399813215,27.762720020886228,1328.136390015405,0.3202207252328699,0,5
1700,D2605,2.1723850625712973,216.00267857142885,2.2081745207361827,262.736910088764,0.6777534189502615,66.84454735800993,0.6806078682149342,89.22935261193602,0.8343156955910431,1,-5
1701,D2606,3.4105943289138616,32.99396160714287,3.343005623280086,36.047504137317816,0.9985723461433846,9.801266379256187,1.0002617383061934,12.354118726554594,0.6229314698957517,1,1
1702,D2607,0.4844682392290334,62.20267857142816,0.4833092071640949,73.74566281889491,2.109318152134989,268.5115461614535,2.086587975908682,273.01587840415044,-0.1445484535170848,0,-3
1703,D2608,0.6972837091757035,77.29330357142837,0.6943055524903904,85.8245840811411,1.0567361055260995,116.77970220004056,1.0498057342665597,132.61367442384594,0.5968607580070594,0,-1
1704,D2609,4.461451159592784,105.48549107142854,4.353809330403792,111.30000389333937,7.009406117435389,174.8761999313286,7.276378016127202,178.48364927220658,0.105647966038412,0,5
1705,D2610,0.8511423171163888,87.72232142857163,0.8462415629708602,102.58964845919976,0.9745614810999328,100.08579659501278,0.9689714638372984,116.54116340553432,0.7593472100635282,0,3
1706,D2611,3.295886157637372,268.17273749999976,3.365046322106756,298.95448773420605,1.4751778103092934,118.1415597653773,1.4786112928497772,147.1442067707641,0.2285563964562035,1,-1
1707,D2612,4.476655085028374,334.45281250000005,4.348721327769897,395.55846788092487,1.134751302669741,84.63495335630503,1.1307911502844648,103.16033406844625,0.9378899359271456,1,13
1708,D2613,1.1459304785621804,101.73602678571426,1.142287820957445,111.85238222897078,0.645147466805007,57.44259516999124,0.6457539467998039,67.26578974467259,0.6056522696019916,1,-5
1709,D2614,0.8507245340874335,74.62508928571411,0.8567538607774027,107.41134324788383,0.5724601753032713,50.07818074337423,0.5727876354536373,60.868588907545686,0.7575943352726381,1,-5
1710,D2615,0.9174503167786632,87.45861607142862,0.919615379135009,108.93882050350696,0.592251614913965,56.38475658579331,0.5917330938740355,64.8873512736782,0.7169554659243345,1,-3
1711,D2616,0.5236504456114512,87.27187500000062,0.5259161618651355,116.6220334491984,25.667378612865157,3793.747016749564,22.7462360760844,3795.6327213404743,0.6025448000289015,0,1
1712,D2617,0.965184324410046,115.29732142857144,0.959272546063993,130.48223835323213,0.5986974488106057,71.61302847710093,0.5974440900551962,82.7308249177125,0.4448759000067159,1,1
1713,D2618,1.1846692759919422,44.0780357142857,1.1958371109198502,55.376256484656494,28.213959932733356,864.2758639572719,23.39382635841512,1037.3707983129516,-0.1579264429494536,0,1
1714,D2619,1.035601304354972,184.91607142857225,1.026885833783343,252.1393535537268,37.27249254297711,5598.765990722713,31.413148306311456,5603.200778358541,-0.0420196219158687,0,1
1715,D2620,1.0297399793127386,144.5924107142855,1.0234610137618354,167.84111310832606,2.0897294709766143,291.5191247890384,2.063989374711169,319.07117443243305,0.4094838374843637,0,1
1716,D2621,2.414510986029281,230.47084821428584,2.3815172958146085,247.22583943817384,0.8102540931305897,77.9844347575372,0.8077961950502011,97.03272486836674,0.6869042664583742,1,1
1717,D2622,1.7962126912146676,26.51767857142857,1.8169409117733428,29.86391376508282,2.1167236973455235,31.13858967095416,2.12538868387794,36.69415030220327,-0.286826747336353,0,-1
1718,D2623,1.619564220293806,21.178928571428564,1.6357678686870742,23.400738571267414,0.6568852829401264,8.531421792991896,0.6538368873760257,11.04152896875557,,1,-1
1719,D2624,2.0869364009240203,226.6821428571429,2.1123901723412577,243.28775846877087,0.9143271435705024,98.3213427335434,0.9107624684091192,112.82837907815608,0.2722626700374604,1,-3
1720,D2625,1.9266995645072,27.91468750000003,1.9493983420606544,30.651889829821435,0.7726320580570575,11.121283604848534,0.7707164123684453,14.433826034578576,0.1151390539656204,1,-1
1721,D2626,1.835849283341134,45.33840892857149,1.8564210780208028,50.01785837731718,1.3483719322595262,33.327784723623445,1.3627768577053283,43.73512551175164,0.0514413796825976,1,-3
1722,D2627,3.1371824974144467,395.32481071428566,3.1938288418627483,419.6254301891019,1.545119648498498,193.09015788271648,1.5636764903358988,239.4049208229939,0.083803296909957,1,-5
1723,D2628,1.642295027194392,288.70892857142854,1.6595720646454395,324.46448788838114,36.39397898167273,5377.398695207276,30.789318552346877,5379.033609863712,-0.2355026444007824,0,-3
1724,D2629,0.8993176011062674,146.6084821428572,0.894202180361065,184.029806329696,37.60635330147695,5160.493628631653,31.65191302198767,5162.753387577583,-0.1210825855454457,0,1
1725,D2630,0.8568094739642278,108.87187499999996,0.8605211897120429,134.2187883647875,14.666722912235327,1738.1079820400803,13.66121425080294,1742.0525158110715,-0.2595059260909428,0,-3
1726,D2631,1.4555761873788051,181.4915178571429,1.473488205093879,233.36038054269457,3.3594311548337785,411.8030300345759,3.297065218814183,437.4708105536576,-0.2016109025135895,0,-5
1727,D2632,1.2004318184476814,174.3584821428572,1.210806483506365,219.2854269398494,11.943126209927444,1634.88397859602,11.26530631838176,1642.2077128964172,-0.3316328136181505,0,-5
1728,D2633,0.8116226529541165,167.64732142857116,0.80813191524143,212.4807542624029,61.33190360856759,9701.05766871651,46.93642424426089,9702.863299274935,0.2134319185229893,0,3
1729,D2634,0.521354695140627,74.24151785714314,0.5205751161356421,80.786662657157,11.168719969252551,1507.5829775827235,10.577007422129869,1509.1723269764375,-0.0354997379231738,0,-1
1730,D2635,1.492152178248085,245.9946428571429,1.4790868316036458,267.90683589194555,49.8201860704251,6617.199024576862,39.88388473684594,6618.072299940409,0.2482562155913207,0,3
1731,D2636,2.4726751288745152,57.90595892857147,2.512433196079493,66.61023818389437,1.1000209880978602,25.728470741501138,1.0974570696751047,33.27737456744822,0.7368628402228616,1,3
1732,D2637,0.5956354764474526,93.29062499999976,0.5923561141763295,127.45874224144958,42.11689261182185,5454.034582241098,34.78984136080442,5454.652316254503,-0.0851264460714425,0,1
1733,D2638,1.0385278403819147,160.20223214285684,1.032276610079884,173.13191229270635,36.553505505693735,4787.820004436481,30.90434821684524,4788.4519071380455,0.54032238789633,0,3
1734,D2639,3.828942458492087,99.42088571428567,3.750655817341829,103.96417052172217,0.7967847787199374,21.022253393252736,0.7968727283587542,24.088531603045507,0.6762921566300464,1,3
1735,D2640,0.5364176967138464,92.9120535714288,0.5335675616135487,131.99554068030693,34.012145819231364,5035.398402311422,29.06776988825116,5036.344761428649,0.1397267028334321,0,3
1736,D2641,1.0210468421455663,8.687794642857138,1.0290660030909775,10.74353605298901,0.9376877783056288,7.967828950083685,0.9357678448817536,9.545242609727728,0.3886096678461637,1,3
1737,D2642,0.6589510490341848,10.309732142857149,0.6550132016133025,13.949730686164452,2.215861676507408,34.35148489943526,2.1898316192227423,35.61995100459214,-0.0700425157455611,0,1
1738,D2643,1.4965734892912794,145.7409375,1.4825642650074202,164.25378465373265,1.2046671519404777,117.58880792823142,1.193389155882395,147.7077174913593,-2.8651547077232456e-15,1,5
1739,D2644,1.2192272956307832,143.0928571428571,1.210329110748675,157.3594689445723,11.071313482525158,1237.1322556120936,10.488848281406725,1239.4449552564083,0.5310311751732897,0,5
1740,D2645,1.45520544471935,147.27647250000038,1.4416642102216355,167.59745248879204,4.990885443288183,495.42014701535845,4.865325260187901,504.4029372834261,0.7866087360523121,0,5
1741,D2646,2.510600296724746,108.7551339285714,2.4688525352877355,126.99527147796591,1.0112898117861695,44.23697451882747,1.009557272554385,54.76753474526683,0.7830260858087438,1,5
1742,D2647,1.7557239229552526,159.4029910714284,1.7344320482646975,188.88214207011876,0.5895049924828538,53.8840127627379,0.5910680217956031,71.71435757135472,0.8061442110077656,1,3
1743,D2648,1.211518302339989,116.21285714285672,1.208140912326918,139.64329520976776,1.4135557458003134,135.27248814780953,1.4109578004876846,153.3147890473621,-0.5617494122475366,0,1
1744,D2649,0.5406352900332543,69.24687500000007,0.5387105025491821,82.7118142803082,15.166502868007218,1807.9140455623583,14.096476727739637,1809.041662638553,0.4856695995219591,0,3
1745,D2650,1.5589330247049211,192.35223214285725,1.5449922908128535,207.15729938396584,13.243179821458805,1543.119439380065,12.418837415693591,1545.4236667344169,0.3285678592071688,0,3
1746,D2651,3.1756640617426237,221.93165178571417,3.115523128222265,245.4373517233149,1.2981899181408008,91.95119056906547,1.2963571885073986,104.62501804279086,0.6064394689650237,1,3
1747,D2652,2.5060310686215588,23.983986607142867,2.5565943863095177,30.3952589353034,2.294799739134067,21.83951813842969,2.295038629316942,26.853588361106,0.5142882518245935,1,-1
1748,D2653,1.4496766034528406,26.52924107142855,1.4371485140258184,29.123214250608207,3.940019277040407,71.16580513383538,3.860820335007812,72.69878834602184,0.5921480965864975,0,3
1749,D2654,1.5125819704467514,26.965133928571408,1.499047272496318,29.494465758029275,0.6764311823417849,12.125554349751578,0.6796201409174375,15.389170334645438,0.5052074327469714,1,3
1750,D2655,0.6263330499418357,9.833258928571436,0.6228597863750909,13.141230373986607,6.8107327732732825,103.55623406549172,6.585266959432344,103.86715619860828,-0.124438321165914,0,1
1751,D2656,1.6986020925661716,34.64883928571427,1.6788191654055225,40.95096047517426,42.3832547320129,717.3325042916024,34.96910845566495,717.6786287018756,0.2276638780406603,0,9
1752,D2657,2.185945925634786,105.77946428571438,2.1593691515285864,112.50998211641968,0.7748677104601353,37.85000579808236,0.7777466195452093,49.9432591950453,0.3029309199365353,1,1
1753,D2658,1.4091125628277048,253.40803571428555,1.4019336149351442,311.01221869658366,47.80544233425126,6937.505803884576,38.57696391749057,6943.560593328029,-0.1428877645129096,0,-3
1754,D2659,0.9593941433544032,65.70620535714293,0.9623030010237996,79.66098155239965,0.7013527730072391,48.2640110276658,0.7004067548040447,67.01507845053776,0.6211320734852516,1,-1
1755,D2660,2.539975085237777,131.1075285714285,2.587763163526509,158.55850519469027,0.674441378076351,34.70891355228956,0.6771507670401451,51.071663547277545,0.876403058297763,1,-7
1756,D2661,1.8255397471522723,147.30053571428562,1.8491356576084343,175.1348969774033,0.6573082824436933,52.84066177612152,0.6604889263885141,78.19610040484433,0.6646284408012214,1,-1
1757,D2662,2.184507852481644,263.71026785714287,2.2179592015024463,326.8399126936241,1.1565832216976246,138.85904420983024,1.1615001518875212,173.05939962994177,0.7693875686262122,1,-5
1758,D2663,1.875684196863762,167.92758928571453,1.889702478846888,184.50047574464435,0.82140938219684,73.42802057045408,0.8240549401235275,88.88107685958417,0.9083465665856072,1,-5
1759,D2664,0.687593822259973,42.83477678571431,0.6900140898360396,51.91401464055088,0.5657636916932833,35.26085744851103,0.5670485525110346,41.70593718589551,0.5979084751437517,1,3
1760,D2665,2.2152925257887013,380.3544642857146,2.185618582737572,422.0567244718122,45.942892073137216,6467.804544018279,37.357242489497615,6471.027991676613,0.5033118631473165,0,9
1761,D2666,3.0008025804522105,183.0603571428571,3.0689744417380904,223.04405024018155,1.0198249586984367,61.59637921845043,1.0233872313303465,86.14822691778963,0.8277285790576617,1,-3
1762,D2667,0.4637411083375132,87.56830357142826,0.4647302698994736,103.94225346971054,26.86662520154749,4468.525425305905,23.68451759927757,4469.048185852628,-0.3554635850357231,0,-3
1763,D2668,0.5056633766456996,8.625596428571416,0.5060930696694619,11.481204049142049,0.7491980535697167,12.706765225796696,0.7456161171016219,14.446580403903884,-0.2673075196458774,0,-1
1764,D2669,4.582883715151161,29.095124999999975,4.57340630668946,35.079561612428975,2.7300984032982454,17.16318865283856,2.6904572666330333,20.896060744028254,0.8376382745409148,1,5
1765,D2670,3.63780066917332,209.4145982142855,3.5868015606472903,222.51387084641897,1.3172446094836536,76.35928132245265,1.315041963114676,92.27747559538804,0.8225821096056685,1,-5
1766,D2671,0.6878311480262612,11.436225000000036,0.6845509215547554,13.558531892732743,18.55965038552823,283.0334595013227,16.982808701282437,283.13726000782646,0.1939570801780084,0,3
1767,D2672,0.8480623998547404,138.18348214285675,0.851560130290804,169.575175440151,31.619604682608127,4452.725166692297,27.30042128968291,4455.259550227221,-0.2463303825131541,0,-3
1768,D2673,1.1528217500396931,187.99285714285725,1.159898076624316,214.14002649822524,15.25308543738528,2305.704437310994,14.168869256372655,2310.5869858047545,-0.3635735268780955,0,-3
1769,D2674,0.8739739500257282,136.69285714285758,0.8819077083909502,196.45396235448385,14.617871016830788,2130.88208703941,13.619075576898146,2135.3204298896712,-0.2940965032204687,0,-5
1770,D2675,1.0936873874614006,109.34607142857138,1.1025399910183475,132.47694927865194,0.6351677946074407,63.30645299553843,0.636797696579136,79.1556575151593,0.198592674090743,1,-1
1771,D2676,0.7891329691560558,22.61739821428572,0.78587828940521,25.39310207647884,0.6047809171074731,17.350367827259333,0.6035057179676193,19.55492566901096,0.0767904323632213,1,-3
1772,D2677,1.55805823405293,139.31987678571426,1.5442942738794068,149.18940972114984,9.739404956245936,835.8919736102863,9.284999181907647,838.2809660717465,0.6881548652166757,0,5
1773,D2678,1.468932286798873,21.35767857142861,1.4561800039341275,23.350308891636185,1.9866657058584292,29.32586985292721,2.008913371038984,30.919858740072797,0.1619042692986501,0,5
1774,D2679,0.9023651574055324,146.14821428571395,0.8972860012783178,165.73860662334027,47.13000539822556,6195.884694542135,38.14108293386536,6196.589472913031,0.0413591051708238,0,-1
1775,D2680,0.6115601895127329,89.15803571428543,0.6090741902130482,103.58664988596834,33.80355967331264,4222.33268726005,28.915639860356407,4222.816717724855,0.3315138462445546,0,-1
1776,D2681,1.1571732722344052,41.38642678571442,1.148166107111919,48.365569953556566,21.25782839163855,690.0317865485462,19.213718806052363,690.4872461316403,0.1780445415773616,0,7
1777,D2682,1.0123801942505788,61.99718749999998,1.0086861031021144,73.26554089791205,0.7530651766161676,46.106094175049485,0.751988644668687,53.35073340582209,0.6912507499753437,1,3
1778,D2683,0.7290985105473666,127.62053571428572,0.7258196941066881,149.0182381687549,50.921598774906265,7117.044866218877,40.58699665010535,7117.6971042303,0.1570181992363897,0,5
1779,D2684,1.599112460343587,32.73131071428567,1.5839753320380356,35.83360976278063,31.94913107417109,567.6830682793285,27.546838035199965,567.8752913803944,0.2421030883013755,0,3
1780,D2685,1.9019802609178127,129.64522321428583,1.927758265019737,155.9982616903746,1.0874586329536888,73.77434608801397,1.0961749128182712,103.82050486038214,0.51033450052505,1,-5
1781,D2686,1.0049339543993496,211.412053571428,0.9978349443419968,252.5481477421946,49.987047260563294,8438.956975454706,39.99069247477459,8440.18047879286,0.2828854903500711,0,7
1782,D2687,2.187586139301879,116.8785267857144,2.2195621610569365,133.8611150207283,0.5725186991182957,30.38238298666647,0.5744080500391183,35.25234132053995,0.905165123616278,1,-7
1783,D2688,2.150117541597872,79.65553571428576,2.121670440927451,89.17179946647536,1.5684324031177643,58.15541924104296,1.55733160938451,70.80497778849285,0.344418714972869,1,3
1784,D2689,0.9505056474272344,7.734663392857134,0.9569149008847476,9.177962689939037,0.4833864981589971,3.913554294115873,0.4827530568875375,4.619351651664105,0.4750856080139604,1,-1
1785,D2690,0.8215214192627484,162.32723214285735,0.8185910810863508,182.7573351521013,44.96581853983863,7261.911345228798,36.710145583375606,7263.850454149539,0.311419623246543,0,3
1786,D2691,0.9380665398215856,162.26830357142924,0.93299451337242,179.7010606761898,50.4720321503403,6991.305847525269,40.300374463203575,6992.412650882573,0.4388199732301263,0,3
1787,D2692,1.5579525562781842,67.35620535714277,1.5443531508519914,81.44821328107626,0.9707346603594535,42.02315948692298,0.9718130589927746,45.49526649350148,0.69267079466998,1,1
1788,D2693,3.17842276601135,524.0803571428578,3.12404891013823,549.1128332181933,18.61326746685932,2849.8370970126425,17.025255641558562,2854.0220196670066,0.0397860342329992,0,7
1789,D2694,3.007538290334385,542.7138392857141,2.957975618772001,573.4607762622239,54.081236349988416,7790.2605533386895,42.56856851771652,7791.747391898684,-0.3955414010140414,0,5
1790,D2695,4.050583840912255,207.07629642857137,3.962531728531562,217.09761763897447,27.1195716824542,1244.2739306731949,23.87731062119542,1245.5681277949054,-0.2631902041908125,0,5
1791,D2696,3.078024265646392,230.21416964285703,3.026882955691584,241.48427820810667,22.298739997663024,1521.974370752311,20.0589285274173,1523.5642884812462,-0.0113259648229511,0,7
1792,D2697,1.8710105070857488,91.6946875,1.8459022873950688,111.06873546902666,0.8013944484251474,39.363853241431634,0.7993009815055399,44.95885390953653,0.8523372251740284,1,7
1793,D2698,3.8202571282221327,781.0665178571433,3.741771268563205,819.1596077480631,63.08118629334035,9980.93779104326,47.9537477860168,9983.233662769857,-0.2365704975325509,0,5
1794,D2699,2.8421275899417497,552.7339285714287,2.797852662432732,583.8241546516277,52.73608443207549,8224.872134026271,41.7308725385037,8226.248636809021,-0.4381896368667092,0,5
1795,D2700,3.238778333724738,626.4580357142859,3.182604090877033,654.5644310213158,50.24532052887805,7884.597542267438,40.15488482705039,7886.700946831584,0.0610871782879109,0,5
1796,D2701,2.808249878826809,123.05103214285698,2.8681634349636558,150.39235430316288,0.8591775379368798,37.76177606153903,0.8618471867222489,49.74341655181074,0.8660740459589721,1,-7
1797,D2702,1.2258586356820462,224.76785714285688,1.222568014078293,257.2597177399755,16.150314975435613,2744.7838904090304,14.939618590839162,2750.837018717676,-0.0090882528342016,0,5
1798,D2703,0.7285808581353621,40.70635535714272,0.7300419538988803,47.29777339198996,0.3815201614548318,21.30389145702975,0.381715286365975,27.39394003063049,0.7011511097982897,1,-7
1799,D2704,1.41182994334742,134.04532142857144,1.4005496963911843,143.2905154549529,12.297266119873685,1106.439956908867,11.583368805259624,1107.9945569439567,0.7340031618013305,0,3
1800,D2705,1.1852802565059506,87.51946428571429,1.1952130874967846,113.21760591177,1.1671471441329142,86.20043382848657,1.1746577712573898,119.5099310286905,0.2416752806393147,1,-1
1801,D2706,1.393363454726728,219.30000000000004,1.3818137444884575,240.5282193126502,16.63418619275716,2431.954897732539,15.355549710846711,2433.813875740736,0.2043907452523256,0,5
1802,D2707,1.2024009030030014,20.183303571428542,1.1936540665705266,22.32451179777349,3.425580327415555,56.84439571641936,3.366193352678118,57.7474250718255,0.3860873058840837,0,5
1803,D2708,1.236206252994501,206.94910714285703,1.225137389962892,251.97318005177,1.7695025639494737,301.6479158775832,1.7897925234403846,383.05592288347566,0.2745178988303019,0,5
1804,D2709,2.266361235941922,446.2187499999997,2.238034424990325,471.931187548831,60.58363913199825,9253.316302477631,46.49752995027878,9254.330044904646,0.1124079068286656,0,3
1805,D2710,1.390962149482386,254.2281249999999,1.379617160428807,276.6308002980671,40.986549150484414,6258.430476994542,34.01511350637433,6258.964796122327,-0.1642376285717947,0,3
1806,D2711,1.4596594598449075,217.2148964285716,1.4479736354562496,228.5478953518877,0.752577755376197,112.84510944401154,0.7540144086215647,135.41398787072936,0.2294627017845467,1,5
1807,D2712,0.8669387913092939,156.29285714285757,0.8615753189767564,189.0456576618565,40.732847025189805,6113.540900332439,33.83952005468925,6114.75687522814,0.3027879873626205,0,5
1808,D2713,0.7996104910453112,139.45937500000036,0.7954426861460332,165.66183949290823,45.812080826482806,6513.201512861582,37.27323808994438,6514.009326220786,-0.0041322918865077,0,3
1809,D2714,1.1349301931984097,100.34589285714264,1.1445968033922402,128.5628873655096,0.8278139858709359,73.02205262264162,0.8300353783534298,86.14297014232274,0.7127978275058124,1,-3
1810,D2715,0.8901335869538242,24.084410714285728,0.8857350378777922,25.451194572596066,4.517479694947883,120.05021103771584,4.417432836474559,120.22336669102242,-0.097296936165261,0,1
1811,D2716,2.4031477610507594,13.85741160714288,2.3624155554243456,16.701886071022315,7.254376142638404,43.61973526039974,7.542171605741109,44.6422871689679,0.0415578581981282,0,7
1812,D2717,0.8224888714203189,12.441474999999969,0.8269639394076955,14.25652985226353,0.3808372057589865,5.750140523828691,0.3819984336317322,7.7708125504338,0.697810736580339,1,-5
1813,D2718,3.337898274947508,41.184676785714274,3.40460944207194,44.5641176090472,1.82197586965294,22.35769764942373,1.842420290393148,26.47679985551805,0.5022529735798259,1,-5
1814,D2719,1.0204285521832883,102.80669642857188,1.0238321081390571,123.56697634197906,1.4735260695963943,146.49584205360537,1.457209427818369,190.55075089613487,-0.0662198967531241,0,1
1815,D2720,0.5263698862618427,83.88526785714268,0.5250493493835174,97.51600771464462,35.079262069752694,4761.8198193069065,29.84413285910926,4762.275332765261,-0.0904127713667352,0,3
1816,D2721,0.86015690446681,156.2919642857144,0.8551392265011835,182.87831852398625,38.24138476335291,5852.536135236151,32.102424722203345,5853.200874173769,0.0916943300548187,0,5
1817,D2722,1.71665183974987,236.9955357142856,1.732993458836244,277.98412118224354,1.6389600199677348,225.97833213212496,1.62735446153164,258.4197915353517,0.0,1,-3
1818,D2723,1.8801027555571936,282.79017857142844,1.9033266955481525,335.31571152436203,11.852191778867304,1680.702830434073,11.177359674103036,1699.4995475242777,-0.2190304311092891,0,-3
1819,D2724,1.0107585039441491,17.187985714285706,1.0168370369826971,18.675086455204838,4.257491065983783,70.58215413537081,4.1675617581494215,71.0745291817497,0.2286507794424321,0,-1
1820,D2725,1.9032734890343732,342.55133928571405,1.882815498127536,366.32917419227886,53.91531271629471,7708.762437525742,42.46621854877865,7709.7148395671875,0.0221855291452962,0,3
1821,D2726,0.9609421606987434,61.31433035714287,0.953786343520276,80.27440174473017,0.83004404801064,52.75867455440312,0.8282231936435968,59.99047437308636,0.7234494442990227,1,7
1822,D2727,1.9633682188429544,345.6883928571429,1.9412748745069397,372.53789390338966,54.15314228385674,7568.223455140056,42.61332449993535,7569.463171553418,0.2031128243876114,0,5
1823,D2728,1.3771208951504557,16.359566071428553,1.3777311338327924,17.63565386986862,1.0145285117033953,12.016507209981617,1.0152365937582075,15.615525893145232,0.6448335774303963,1,-1
1824,D2729,1.1460944026280857,203.0375000000001,1.138162373556914,224.19275054586723,42.04220127464807,6183.334774723114,34.73889813520648,6183.996324254403,-0.0536332709315984,0,3
1825,D2730,0.9476466041777584,27.872707142857184,0.9423703978441612,30.31788955788936,0.4866789409938375,14.42436990506196,0.4881547818689096,19.707969562594133,0.2179279180702933,1,3
1826,D2731,1.2084576945054348,173.11964285714294,1.1989226375367923,198.9376288793848,28.42293720249889,3582.7913022104667,24.88511539271708,3583.809607925376,-0.1145928701186529,0,3
1827,D2732,3.580928500530356,31.3707276785714,3.663481167680792,34.92662509032406,0.961623218753563,8.327052508403426,0.969233383785162,11.678245476145133,0.7178257248837558,1,-7
1828,D2733,1.7294056606023824,42.13008928571429,1.7103751809674477,53.88842173508346,46.01843256712648,912.9029785376442,37.40325343613314,913.8896213734048,-0.0526714173060426,0,-3
1829,D2734,2.57323210417975,37.54062499999994,2.5316082969511444,42.52356338381272,0.4804494362143019,7.040253715096128,0.4793430657159134,8.68265061107128,0.9359021976727948,1,11
1830,D2735,0.914819779151216,16.059642857142858,0.908671428284495,19.617644455834565,7.528733187619514,127.73559799622971,7.253669025546236,128.2591829232039,0.1003334837092411,0,-1
1831,D2736,3.196981104132658,28.745562500000013,3.1356191574896184,31.899385898010657,1.1211668389574436,10.268538040694027,1.1249657499117325,11.978008745148832,0.7322000277490425,1,3
1832,D2737,1.5699718221180845,20.59727678571429,1.5546112371599672,23.136652718650502,0.5618873807320119,7.4053080543574525,0.5602484423464045,11.106292986635244,0.4749521763045784,1,1
1833,D2738,1.983278837239235,29.52709821428571,1.9616531234825705,31.16177038830205,0.7543280559219114,11.26140056184886,0.7516124167127524,15.577838279782098,0.5918273059953733,1,3
1834,D2739,0.7973401076725481,148.00133928571424,0.7938780162667821,154.8625922206781,28.70981124204629,4676.691087034128,25.105506836237364,4677.128938621793,0.707236733379501,0,7
1835,D2740,0.5636382206830581,96.42321428571424,0.5612814741736077,121.15269740360571,33.670658035020864,4932.819740194177,28.817994646120592,4933.7414578773705,0.3376735505077602,0,5
1836,D2741,0.9514433203546694,15.643660714285716,0.9453980323169002,18.14765456270401,20.971353234463315,313.4150658904728,18.980366803114727,313.49850128630936,-0.1208904149973356,0,3
1837,D2742,9.111329130790011,1226.8852678571425,17.240707712051748,3449.337065802415,61.59948300195914,8627.069098229891,49.05654740017024,8721.986679074662,-0.470271754846421,0,-11
1838,D2743,2.2800815136954373,171.9229285714287,2.3256641723308613,231.7548929541997,7.133220703204975,537.4580881218931,7.136243282918846,569.4387316771375,-0.3703266418180877,0,-5
1839,D2744,8.407376611971133,405.7435714285713,8.018134491950613,438.14825141111817,2.3224077883407936,115.66513341363238,2.30149868320752,142.78524379551476,0.7082529141679336,1,5
1840,D2745,0.921938094686628,11.959241071428568,0.9159222598650132,14.313237708101408,13.146916930555893,160.4644465058566,12.334296796831598,160.6845343337795,0.1539469974350181,0,1
1841,D2746,1.357683266559605,17.63374999999998,1.3447493715998569,21.07233627490291,13.141092083958386,160.83527847964135,12.327564210842244,161.2613984772173,-0.1893907264794046,0,1
1842,D2747,1.9853877284244588,290.38258928571423,1.9604469012047496,329.2428599594276,4.867601288057144,701.0050278393667,4.747503207629978,715.5926811969235,-0.2628399219588288,0,1
1843,D2748,2.317738222714856,32.38138392857142,2.2947932105792286,38.57737557313211,1.2328124411512325,17.10528569481908,1.2292780315063738,21.754701827658515,0.8309023304146624,1,5
1844,D2749,1.931787689696175,33.33107142857144,1.910507506764996,35.8375016669054,4.290025646987754,73.11545756606145,4.197247240932085,74.28793040920097,0.1390158573744395,0,3
1845,D2750,3.3344032892927906,319.8274107142856,3.419697791381113,390.08230532058064,0.7520425451482026,71.1516218305317,0.7523866569419532,85.49510120329779,0.9298729602538472,1,-7
1846,D2751,2.987523314566424,34.29491071428576,3.043818386318146,38.65062729274609,2.68518571708835,30.760311883026493,2.732227875951711,35.467917321568336,0.4396378673450543,1,3
1847,D2752,5.40901665265592,530.5209821428573,5.631563723354318,639.203331607271,0.9651470116675066,91.91586713674666,0.9659114684729312,110.57587612309534,0.9556394480562568,1,-7
1848,D2753,0.9906963564479352,49.30330357142858,0.9847754037916244,58.07461210358747,0.9416842681224624,46.8277160986604,0.9357541297549624,62.36244727357366,0.4010809822844571,1,3
1849,D2754,1.5054844916317365,53.60376964285716,1.4877311214635756,67.88322923130212,0.511605341699843,18.30948112056032,0.5116707374253422,21.647308426574508,0.8595905417950405,1,-1
1850,D2755,5.599378679302166,63.19821428571428,5.819455981641119,73.08398157868011,0.9614113506351144,10.62643374328242,0.965710557523138,12.422993661616886,0.9596590802699164,1,-7
1851,D2756,0.6605006145820728,8.442589285714282,0.6639909289967679,10.86717368991112,0.5209820409385855,6.641532124637787,0.5198088052836851,8.266349578910475,0.2498846951044518,1,-1
1852,D2757,3.436931226306253,34.92861607142861,3.5169585702214503,40.11875065548987,0.8780805851817344,8.820027606016652,0.8812393518976747,10.94255425206257,0.888157143981032,1,-7
1853,D2758,3.102464570495938,355.5366071428573,3.167114082042556,407.3838304093794,1.4912039809683106,169.57575948373375,1.5070463987876743,210.9190773525372,0.6897630024623211,1,-7
1854,D2759,2.952050142457351,315.2120535714287,3.0096884930784795,365.1827979033058,1.9170190384044965,204.9151081595871,1.944272384579401,252.66441519475023,0.6566753950604085,1,-11
1855,D2760,0.9854477309896156,24.641294642857183,0.97829706445245,30.339041759469215,0.7810233417540062,19.519050537448884,0.7776805036233562,24.967882181586017,0.4824150627076476,1,3
1856,D2761,1.038523106360142,169.89330357142848,1.0323174233355203,184.5748921946944,27.260257311985388,3940.299459874557,23.98935751416313,3941.340350669333,0.2946909266669606,0,5
1857,D2762,1.012717295566606,177.53750000000062,1.0068622799975386,192.28714633642463,32.49317845196091,4919.076716165083,27.951032821279423,4920.037697920235,0.3516249552343838,0,5
1858,D2763,1.2605081916292595,243.17321428571475,1.2509219081251295,268.5435304792818,44.82859342524692,7102.350609738997,36.61964718622026,7103.158281613883,0.045550386469325,0,5
1859,D2764,3.5254988325576284,56.63228571428567,3.4526224238580943,66.46453356253778,2.2848400556771287,37.09082495202932,2.291031975382422,47.81032454495053,-0.0460067968038676,1,-5
1860,D2765,1.230374529720965,153.75714285714275,1.221882748376544,163.6266713872946,10.174018690346973,1216.4880855388233,9.680332776159274,1218.3048763329673,0.5407751820697932,0,5
1861,D2766,1.9133061981748047,157.10790178571446,1.943313551205502,199.5335134790931,1.1780582723356634,96.3559095224916,1.1851401490093263,130.84687040208723,0.5088187758108376,1,-3
1862,D2767,1.1377469383493564,140.7656250000004,1.1306823647653956,147.6253567171665,0.3539452167901234,44.01138336678326,0.3541663072340149,50.49846772130707,0.428850953186527,1,3
1863,D2768,2.106813504848986,178.10888392857137,2.133321926462342,196.9817785490049,1.1019822817530127,92.76778849610636,1.1050826776593337,119.58873920633935,0.31639960491833,1,-1
1864,D2769,1.6249480213864398,97.05323214285714,1.6107345634000108,101.20863687931312,0.5596513066380445,33.72935264808101,0.5604975751660387,38.40876788043355,0.2232242026233997,1,3
1865,D2770,1.0747591577773814,17.879910714285725,1.0667914468315551,21.332557142832957,18.926375229413647,288.58444750006123,17.287827588080116,288.8896158245612,0.2758581816117826,0,3
1866,D2771,0.7253434935002265,13.559062499999998,0.7218225950610726,15.983200950983168,0.5167043560777691,9.672542527904202,0.5159484603568677,11.377571556348071,0.358609455640704,1,3
1867,D2772,1.080213220848984,16.832812499999996,1.072086957497275,20.288794809898636,0.7986976106671696,12.464426436472682,0.7981954469491835,15.306583769960664,0.5059075940022918,1,1
1868,D2773,1.3301435353888584,20.119062500000023,1.339920410174065,25.671912921774435,1.2023820238231322,18.21220715759336,1.2055078992855035,21.38176834825803,0.6046241185643579,1,-3
1869,D2774,1.7938822905933314,123.41133928571448,1.7729450599173986,142.1581672092636,1.152206093499598,79.34629439969174,1.1474738518389065,88.00760241866199,0.5962984659923839,1,1
1870,D2775,0.3636079905602049,5.497585714285671,0.3645386246920938,6.586511061313344,0.3449398738207352,5.215608015890065,0.3451654153256338,6.810619865268764,0.346714305739556,1,3
1871,D2776,0.988186683439937,90.27187499999972,0.9946271843538348,113.7218721804248,0.5203183141602434,47.563257703204336,0.5225190782792248,63.93808316780171,0.8162095271891827,1,-5
1872,D2777,1.0367362376760545,69.60500000000002,1.0302788144223898,81.30160388383997,8.064821981221634,521.9091084434973,7.748602002206918,525.4525215223972,0.3391483889939636,0,5
1873,D2778,3.1510567041605118,53.22004464285711,3.0872403484015414,61.25623833642043,14.673971502240429,233.69015119412776,13.658548303082412,235.62877695306997,-0.0072061979563109,0,11
1874,D2779,1.760058812719817,192.4066964285717,1.7422122007666476,207.72455950122463,6.480690848412471,691.4502120098667,6.2745570269059066,696.6315491566014,0.476597797786478,0,5
1875,D2780,3.071297150488012,35.2311053571428,3.0087454726096263,42.3180036252529,68.72341593571028,1216.6736444456878,104.74544579645982,1216.8542527411544,-0.1463132641199838,0,7
1876,D2781,0.6177957938523182,49.03522321428572,0.6149145201475523,60.55823208899362,1.4486998662164892,115.96866811622938,1.4602498588726758,121.10136753705976,0.1365133258245792,0,5
1877,D2782,1.4096369925686043,112.86749999999992,1.3977581567132658,124.01537028560564,0.5960096380685864,47.96059707407149,0.5940445762696281,59.37731360513381,0.5739453330516902,1,3
1878,D2783,0.4251210062924051,4.44321785714286,0.4261675116025046,5.702180441545701,0.4511947509448437,4.720070825388494,0.4524440313478911,5.563991686258095,-0.1304768917077173,0,-3
1879,D2784,0.801364350973988,74.05276785714275,0.7966198939743439,90.40835955855616,0.4285626481021309,39.71440886563063,0.4280008681945431,50.58012058599677,0.4965108929243868,1,1
1880,D2785,1.9774635695261225,34.73801785714287,1.954642851266068,45.72211999764173,1.0587934778060164,18.484856031049308,1.0480744384578329,27.06351778558277,0.7938118062855419,1,5
1881,D2786,6.085343538431711,217.07848214285715,5.856806639419897,249.55106719266456,1.7713275870891851,63.96109698948836,1.775239837014005,72.35792717065488,0.899743305638314,1,5
1882,D2787,2.7835280494857586,262.2823660714283,2.83562953075941,301.92396237592646,0.9436705855707552,88.25910650350579,0.9478769978551048,96.0178249327072,0.9157717706989182,1,-5
1883,D2788,6.2925015747723565,496.6968750000001,6.578708571479631,581.5477586817219,1.376352976766669,106.8877544447698,1.3902331585345868,134.4553798424344,0.9455013094077316,1,-9
1884,D2789,6.088475425255352,549.4805357142856,6.3701729220804735,659.1476793070167,1.287459974818561,113.68573249966448,1.2967654376237627,131.02172248960346,0.958469757509548,1,-9
1885,D2790,6.046779160609611,616.1790178571429,6.313000317507221,724.7079639486534,1.3956937974846928,139.4895224514485,1.4068018691954385,164.84596482096092,0.9473407794516469,1,-7
1886,D2791,0.4133527969556904,35.09834821428597,0.4126463034555713,39.39009112979047,0.3449216896886438,29.31136732507444,0.345432133635991,35.76384445630174,0.0975924966763785,1,1
1887,D2792,0.7343527171092998,71.31388392857181,0.73004359298912,90.53435738031598,1.2896998300659257,126.50772191386451,1.3016865690072703,152.3206412909623,-0.1920516621217945,0,-1
1888,D2793,4.2143566194712205,290.8664285714285,4.332424496435768,328.5383760823337,1.38722778773164,94.04733136015928,1.391624256297847,118.0002262433314,0.7705547427859794,1,-1
1889,D2794,2.41088900786762,168.94249999999997,2.4489668559347,196.38688687482136,1.270447363431637,89.09160321668027,1.2788564812896712,101.8682217576216,0.7927451710087804,1,-7
1890,D2795,5.68258979779192,370.80508571428567,5.481222846006265,424.0055408136879,0.8732848470447099,57.60919857408511,0.8661022313858828,91.88542970228588,0.9273690823324708,1,9
1891,D2796,1.1148129021085265,109.2336571428572,1.1134146773931366,118.6308518136462,0.6981665267334443,68.31398948470645,0.6979186866115497,87.12397946338564,0.6565974584507662,1,-3
1892,D2797,0.854534807372261,9.865514285714312,0.8522539848988974,11.03897365663473,0.5046839763967427,5.827054559791902,0.5064125742541535,7.816440463172344,0.5440279190983264,1,-3
1893,D2798,3.261671008210117,102.2304910714286,3.2031470470738013,108.41839921407136,9.074795475497446,276.16883999993047,8.674858859787387,278.6789035774902,0.2678346024211572,0,9
1894,D2799,0.52960350511996,36.9883928571429,0.5319309480510843,49.46872355919077,0.4877677072554228,34.05190967196307,0.4874847143802067,40.947988421501,0.364717267079064,1,-3
1895,D2800,4.659405073199568,267.3729017857144,4.488041565870271,345.0167731187672,0.7501872417901825,43.33500521636805,0.7429249071964106,70.40064516936177,0.9649473267050588,1,9
1896,D2801,1.6942759346797946,174.66304642857136,1.6767249687096464,219.9645334554994,1.772180412105106,182.61185091775548,1.7516962340987037,224.24027389676152,-0.1817043785119286,0,-3
1897,D2802,1.9529270921192343,19.28915178571427,1.9268599587600657,24.581195434188547,0.8502328204206294,8.411930382314065,0.8496784537902838,10.62530999594096,0.8627463692494696,1,-3
1898,D2803,2.250912410796148,203.84607142857152,2.2162650902246974,242.4273068605578,0.7807313302849361,71.31890751674551,0.7775560989824902,91.51277476046424,0.8236831519893909,1,9
1899,D2804,1.648904340621254,129.05220178571432,1.6318482201729232,148.7285447043328,1.188043300586063,93.30542277760294,1.1886804569075635,118.56713663968698,-0.4813711372422996,1,-1
1900,D2805,1.1044888568418143,16.55105892857146,1.1092104432819705,19.270892069338185,0.9202290974782196,13.815364373844252,0.921918741799446,17.91300973565826,0.5884173065268528,1,-1
1901,D2806,1.6368307227582302,13.471508928571422,1.6432100448492744,15.20083478644508,0.8865238054530183,7.324132008154622,0.8903077679545225,8.486124542624198,0.8506670345552546,1,-5
1902,D2807,1.8489031583400983,12.93064732142858,1.866209055778832,14.930091270283889,1.466735786383346,10.246613331516851,1.468530431405087,11.103816156778016,0.5346581788081833,1,-7
1903,D2808,1.1048765837943193,47.06361607142857,1.1027374847830205,61.948258062974034,2.759401366455614,119.70640813746584,2.813438135886582,141.1579762863961,0.3350161727646235,0,3
1904,D2809,1.0779605676642616,167.10803571428565,1.073202830103147,201.7774260268423,20.89106936621297,2931.9610821996216,18.90988095569522,2938.0545674664945,0.0284340410863355,0,-3
1905,D2810,2.105436774494323,176.2027232142856,2.0789985073248,193.8246988744672,1.2980921424487617,109.51337372689277,1.2965878265717632,121.5876257475526,0.5053521888111291,1,3
1906,D2811,3.2693736346260103,94.29214285714284,3.344394986654861,110.16736433368057,1.9289548063313635,55.0147647259264,1.949968954859612,68.54021802443525,-0.0221632636276424,1,-1
1907,D2812,0.9327367669366764,94.0869192857143,0.9254561090084747,123.7719748088527,0.8121540996148985,82.26148455362507,0.8115276472099558,95.07802957947806,0.4232857045604265,1,1
1908,D2813,4.475209982782903,279.35754464285714,4.370337956529778,289.80363606949714,6.362259066797758,376.7220043976035,5.931952591132239,604.707206014151,-0.3715862768487162,0,3
1909,D2814,1.0339284104958546,137.10312499999978,1.0246904769655591,181.85937961425867,0.7216349958713756,95.9642218279088,0.7188242730764439,125.79364238409757,-6.424741451207792e-15,1,1
1910,D2815,1.8535328781758669,193.8933035714286,1.8670417917344104,214.05970297312376,0.809146241663514,84.84753900837275,0.8106710145029087,97.95775637203076,0.8597573777035393,1,-7
1911,D2816,3.434415128661631,179.10023214285704,3.506526940605349,206.33649319667276,4.5281830145367525,232.0443192505693,4.386691385239281,279.20140913525256,-0.0687492207603494,0,-9
1912,D2817,1.841773961395328,183.1484375000001,1.855223408144358,202.94912160994684,0.7535935603457954,74.89929247453802,0.7544310763920777,88.63679963658107,0.8720932545520089,1,-7
1913,D2818,2.3842210980298573,232.24500000000003,2.4177780065066723,260.325078383615,0.6945237496516693,67.32511846482976,0.6973398837996614,85.24437279214376,0.9214566380511928,1,-9
1914,D2819,2.300300288096227,192.9537946428572,2.3310566084973505,214.40568887993464,0.7805084310090232,65.25957834995623,0.7818248383793509,82.68837887644999,0.8457434515311875,1,-7
1915,D2820,1.793294262335595,177.24232142857142,1.807394726806008,189.61880725862355,0.5465809685142443,54.08052678698771,0.546990454290698,76.95560655673214,0.8672516122133721,1,-9
1916,D2821,5.16768252407302,269.27236607142856,5.007277905798882,301.3624563604421,1.8483484261807677,99.17415487872196,1.878303153432332,145.47869764907583,0.6146781019236829,1,1
1917,D2822,0.9969681488761556,106.0169642857145,0.989449190231244,136.57965175062296,1.0323865219317174,109.5812892269752,1.0285209571210203,143.67508573384188,0.0124456558411178,0,-3
1918,D2823,1.1130493559299095,117.29330357142877,1.1056972519023889,128.26747219163977,0.5225249336959314,55.25164636863896,0.5211558276614302,70.70299659756934,0.422241220885322,1,1
1919,D2824,0.9268906227243998,123.67723214285732,0.920716675217631,150.19999099972338,3.5581252864081168,468.43839236743344,3.494709107995896,473.3356279411887,-0.3968741252557764,0,1
1920,D2825,1.8444602046424947,253.338839285714,1.8248748812086608,273.5087867738846,6.387768477268805,857.9434283423503,6.1885791249477125,861.5815381309366,-0.0933671616340158,0,3
1921,D2826,1.8313306570266925,147.91870535714276,1.855272713031408,185.01535155832028,1.665378607681263,133.9037420769027,1.6599269019932863,166.5852456200746,0.2959765771798667,1,5
1922,D2827,6.103636738272416,80.15526785714289,6.461769643905248,107.67313682636454,6.4825101182883245,85.40965318887956,6.872036547991455,112.13238063525984,-0.2131793801464225,0,-7
1923,D2828,1.3264171220552334,22.34027857142852,1.3325499565929475,26.48292803638177,0.9392260489625786,15.783504131722744,0.9324382803212208,23.71403669637285,0.603656346394273,1,-1
1924,D2829,1.6044938074787414,13.234875000000011,1.6155222232217663,14.816636781468029,0.9803114560614964,8.093570943493635,0.9714821313427812,11.212002369796547,0.7424252828383175,1,-5
1925,D2830,1.379597562174462,12.142258928571428,1.3856365638797052,13.480127111677646,1.0303405846755893,9.098669259582218,1.0322222998998405,11.064736060678516,0.5939828526816867,1,-5
1926,D2831,1.614046582696491,12.00314285714284,1.6232654982175596,13.5747128111681,1.777165389091078,13.17519073397236,1.7645405984220184,15.880377679187877,-0.0467734841982912,0,-5
1927,D2832,4.789190637271814,38.85442410714285,4.65737339793803,42.404173439133125,1.4273853150824998,11.723275109970212,1.427312556457162,14.3508339234867,0.6261473744348098,1,5
1928,D2833,3.8354470738797226,36.121084821428575,3.9188318350776368,40.051330179329256,1.4776082078188173,13.929200189204218,1.484255069758563,15.533666014497244,0.8811508176639745,1,-7
1929,D2834,0.988833611540728,94.58486607142848,0.9900266422204738,109.31587424279984,0.7702764640730093,73.5802874717023,0.7708352424705983,81.6018168290737,0.6881663193140493,1,-5
1930,D2835,0.9630624394028896,114.67187500000011,0.9578153863602332,144.01835071681654,0.9481427169813464,113.35191870172548,0.9479679370701226,149.99499589344748,0.5962074194583183,1,-5
1931,D2836,2.783718312184041,297.88303571428594,2.7405529229738024,317.4065352886946,0.7517723682884601,81.04263065008399,0.7482253754949731,99.59822044094793,0.8525851632796612,1,7
1932,D2837,2.9782196530962106,156.47245357142842,2.931057467285322,162.73909127419026,0.7837362696914247,41.64802113053052,0.7832084689849732,50.64977389647896,8.209365238316408e-15,1,7
1933,D2838,1.0911534860563958,119.25044642857158,1.0918064908107643,136.95682236167082,0.8675218350441857,95.50484715856184,0.8713705076882902,147.34646393658295,0.6191954313655126,1,-5
1934,D2839,3.66228412018243,213.7903571428572,3.6239697313833794,252.0058202116287,1.5165382473375977,88.43714789231937,1.5094661367465532,111.03388388393472,0.927156780469148,1,9
1935,D2840,1.3162200663985006,129.440982142857,1.3040867144291692,154.1939295162593,0.6306969128349137,62.29072026396326,0.629830848333024,78.15197029205744,0.393628541062965,1,-1
1936,D2841,1.0003892464804507,114.17563928571442,0.994117057946898,150.01331034843628,0.781859702782631,89.23055098724424,0.778979514463267,114.69271069703036,0.5491432536027071,1,-3
1937,D2842,1.7100202732660348,241.53839285714275,1.6924127252175174,266.8126781426135,19.238285620245986,2498.009984171175,17.548284879512273,2500.0061945328357,0.0250901941370733,0,-3
1938,D2843,2.441884053987254,399.0013392857146,2.408197471915225,427.660738829592,20.777429737787795,3110.544940354594,18.81980100762543,3113.2753310926505,-0.1512448621880359,0,-3
1939,D2844,2.3577335684472027,55.317398214285696,2.3189112462775827,66.36436091160229,17.41310562603151,378.7651421893255,16.00970353418551,380.48221796470295,0.0619171217966208,0,3
1940,D2845,4.930681328918453,102.053925,5.116086983391659,123.32125270998688,1.051302120467161,21.30183694128268,1.057308749838172,26.62994598681375,0.930384989428902,1,-9
1941,D2846,1.8468340038483055,288.08749999999964,1.8491000174325496,321.0210707196364,20.74051392380088,2928.67678364039,18.778343939709323,2944.0756353318484,-0.1928205779233466,0,-5
1942,D2847,18.06428530948017,742.7641071428571,20.000294961563263,768.0385827507664,3.7548462096505495,146.7644170246713,3.91086161353294,235.29639259529077,0.6332653652057507,1,-7
1943,D2848,1.0582662997074792,111.17633928571442,1.0562009287988283,146.7786422427953,0.9580330116628208,100.95087857942976,0.9584063291805978,128.71950251864158,0.6237244184135251,1,-5
1944,D2849,3.667573365451888,193.73060892857143,3.5940128138545537,205.13010404726495,0.8457890899168633,45.122277380950045,0.8414722027250614,69.9921976084155,0.7003703621034674,1,3
1945,D2850,2.682774536105777,262.42625000000044,2.637228442532341,298.4507844022592,1.265956486938712,124.28468570680616,1.2588196899815771,173.7625030742642,0.4512521612652191,1,1
1946,D2851,3.085746921210997,275.5993357142856,3.0334717852822792,291.75079409700334,1.018826216989872,92.04679729495754,1.0166038302367757,113.96000568390164,0.5983857670329684,1,3
1947,D2852,2.8541712930136987,45.29674107142854,2.793165287893255,56.5426808980768,20.42975684149617,296.0277650442041,18.51660628181624,298.3272566541328,0.170068235396806,0,3
1948,D2853,1.7514281843677415,313.07053571428514,1.7244002059411567,424.8219996205548,24.23364640733027,3865.177924804369,21.603554362546063,3878.608525156337,0.0969778593029614,0,3
1949,D2854,2.42688238534444,246.2572996428571,2.379991850844485,316.98940355993165,1.0766272994950814,110.22999623202875,1.069823412629194,165.11548044858532,0.7335845378176985,1,3
1950,D2855,12.69149568786219,956.992410714286,52.527946083264574,2880.7735157057823,12.419839180803436,944.9000765015984,54.53422412571626,3009.488375714101,-0.2452371980576656,1,-11
1951,D2856,9.436655861959494,558.0895089285715,8.984775305092063,578.0233490947787,2.481056310927372,151.064493432059,2.4665464823842465,192.10639991145428,0.3524324455814266,1,-1
1952,D2857,2.4964937597675423,37.3504964285714,2.4499881469523253,46.17558113230292,0.8941212032162322,13.39867264725649,0.8866255841045376,19.69737983159352,0.8380688203260209,1,5
1953,D2858,1.5215945583993946,150.79330357142837,1.507898806008173,166.55688891078117,0.8253238720389352,82.07578045028744,0.8200180770413098,120.81386336338387,0.2891331731726002,1,-3
1954,D2859,1.7796444736371009,274.40312499999993,1.7601637790215472,308.1376411716167,23.41322316880732,3253.4953041404656,20.95647175322544,3256.776954076664,-0.145911766288656,0,-3
1955,D2860,3.5900239046247817,260.5716071428574,3.514614531098255,293.52336123593113,1.498665439548186,108.647560071167,1.4939199653421855,133.73760859778028,0.7820895742740499,1,1
1956,D2861,1.0964607374149598,125.283482142857,1.0872016830814522,160.1022099856807,0.6147573309426952,70.52068142370366,0.6140148937442156,101.65621513385574,0.5746046298399763,1,-5
1957,D2862,1.8323633396709889,279.3388392857144,1.831052598802115,309.5559665034411,33.74116046262437,4405.31564264005,28.860015158737124,4414.676906558319,-0.2992193592112369,0,-5
1958,D2863,1.1293815893887909,101.93102678571462,1.1289047370459029,127.60420119881732,0.9375209521655412,84.67353197104187,0.9373255319003344,104.43186112631008,0.5982810365454437,1,-7
1959,D2864,1.1235565224168564,109.1369196428572,1.122666884729586,136.5765147950212,0.7603862531645904,73.85055714778926,0.7626750327520672,100.67034059235576,0.6942824233905391,1,-5
1960,D2865,4.336478251632394,424.553125,4.23852883024608,438.98525274287454,0.8211135267537641,81.7593625395032,0.8169809247408193,108.268445413675,0.6551335525967895,1,3
1961,D2866,2.1679390684244764,21.74157589285713,2.13886324527959,24.75053541130946,5.492516075698793,56.75670460567824,5.66684297550891,59.7731792401218,0.6395225783416537,0,5
1962,D2867,4.201204551844585,446.2825892857142,4.106225267217909,469.336234040317,1.0500402712605776,113.4199485430897,1.047347881802019,148.22553259625997,0.6786045314922984,1,3
1963,D2868,1.4465581673670893,147.6249714285715,1.453216689439156,188.064539235832,1.0679124404625202,108.747415681657,1.0766013880694338,169.63911913081375,0.4067749090619155,1,1
1964,D2869,3.735174833264983,332.85333214285725,3.628423591189907,418.76833834295553,15.389833969565236,1285.6419321715314,14.254311074092982,1313.2819432144338,0.2608278421599846,0,9
1965,D2870,3.4816564166982458,543.0102678571428,3.393726715574968,664.6600556011458,36.840478096846105,4895.57208748998,31.091603713105805,4911.798826372043,0.1638225074589801,0,7
1966,D2871,3.490394530122285,543.8075892857148,3.407617718305823,643.5465416889094,39.34975352038331,5175.91869604035,32.86572861398428,5188.817618167136,0.3752216568654479,0,7
1967,D2872,3.416745516268439,493.3352678571426,3.330615494027182,608.8391533723249,25.639586091824963,3308.375847258703,22.70232613646041,3330.489609129663,0.2260215637041001,0,7
1968,D2873,1.2324842125994564,32.34862142857144,1.2415591579814418,41.30822601163487,2.2061546338173192,57.546375085768695,2.174464867533386,66.82905354264722,0.4061226765910433,0,1
1969,D2874,3.402675948836688,465.9147321428569,3.317245499610137,575.018217226462,19.68373442502481,2474.684740696794,17.893906806381093,2501.2145223280845,0.2549191085935512,0,7
1970,D2875,2.1782776179012173,315.6883928571429,2.1419798091572995,394.2979522031621,26.494875556975437,3405.991756244828,23.385362603477493,3415.41591092917,0.5075475345297528,0,9
1971,D2876,13.880985705183202,1181.144017857143,15.326716015211256,1360.5236010162446,2.935069371496108,243.1160529426194,2.976605832754493,307.381533241707,0.9251070218777476,1,-5
1972,D2877,5.456015720202978,137.82700892857136,5.201953475841503,186.02078719295065,44.40817182028095,923.9822294480892,36.27587504718637,933.036365949817,0.169594488557318,0,9
1973,D2878,4.346352086554557,30.114558035714303,4.241681586605933,32.178864124541505,1.3078035794292986,9.300966387662104,1.3190880981335142,10.687707575467387,0.9038344472300626,1,9
1974,D2879,2.7395567759058816,414.1392857142858,2.69068475950476,478.3026644410252,15.522818170890517,2197.9483956612607,14.393157398750024,2213.362143621427,0.4819217551736335,0,5
1975,D2880,2.032205862667149,246.98035714285703,1.9995336349005368,313.91193907950014,0.8282145735967821,100.87051058146233,0.8257286200916052,120.91120756268938,0.8879129764579563,1,7
1976,D2881,1.686809387687454,70.55700892857142,1.692600207080778,84.31488715529444,1.964791192196844,82.09183682742261,1.9541921679371657,96.92377602733148,-0.0742150117121269,0,-1
1977,D2882,1.8739886625964897,27.91000000000005,1.846696966470435,35.121612552722794,1.0334461658157923,15.532041080925753,1.032890911411485,19.50850973680844,0.7176196746846623,1,5
1978,D2883,0.8617144036495742,62.05366071428567,0.8586998878067634,69.84198856719419,0.8269435709994598,59.62551504449032,0.8304706028245586,72.83175486612627,0.3016390090180361,1,3
1979,D2884,1.2922001839813102,103.6812053571429,1.2815973110957235,123.83037110660074,1.0909315051728212,87.92071650170887,1.091109180176438,95.12362525729982,0.6909210991564007,1,3
1980,D2885,1.6120818775358363,120.14870535714284,1.5959633559959023,139.31172349201566,0.963679339696342,71.97378277066309,0.9578937840554312,91.31182691764924,0.7667982297711842,1,5
1981,D2886,3.464544409360525,49.54738928571434,3.3828698500221224,58.9815841575769,1.861015899814475,26.92665034271085,1.8729512062979192,32.86563503632801,0.5284572522315462,1,-1
1982,D2887,6.101397760230353,303.1258607142856,5.826516393844654,378.7219846641372,33.68477241577734,1455.123873190735,28.764997793154475,1473.4720904225926,-0.0278975763308831,0,7
1983,D2888,0.9872374207402902,39.55669642857148,0.983234840166637,44.819267758280006,0.8303992943586611,33.2597642368601,0.8300281123162427,40.42910860496674,0.5561607987716146,1,1
1984,D2889,3.931847520235676,743.7098214285717,3.8249937534933824,890.747335864917,52.96649418686186,8007.865748432997,41.86042547003208,8024.547115892677,0.1558873849977921,0,5
1985,D2890,3.544121113976959,636.2165178571431,3.4520273781715303,784.8439268454199,40.06966860889992,6044.182037821455,33.362790284865014,6063.200127184729,-0.0422021618077217,0,5
1986,D2891,0.5351533954716893,59.47321428571468,0.5330486261434403,79.33935370845295,0.5555338282295308,61.86327202481088,0.5575978691844964,78.23800428385242,0.0715582713122299,0,1
1987,D2892,3.685521984834984,610.0022321428572,3.584785257739694,756.4562596398591,35.526232310400424,5034.570134318067,30.14341837431836,5057.334345514089,0.1283225531374591,0,7
1988,D2893,1.3584577329857963,140.4388392857141,1.3550606068057311,163.950623359936,0.8352709402066687,86.62010346746658,0.8330788583752209,106.2910405169158,0.735727726764317,1,-7
1989,D2894,2.459898543447629,277.4433035714288,2.501100087318921,320.14507822748334,1.5679161472198229,175.71005700040274,1.5675371871589812,206.3946275503077,0.2129417114646796,1,-1
1990,D2895,4.606859811505065,309.0580499999999,4.447202574386692,387.6828792040215,0.9824990469719412,66.46681606929307,0.9714872437625008,101.70446298418672,0.9467760490388416,1,11
1991,D2896,6.49551743430946,561.0479464285712,6.781832318469512,635.4902796306344,1.9629266119265851,167.5109430337558,1.986743769354951,201.7139379712417,0.890722291022191,1,-7
1992,D2897,2.389557954816546,285.37142857142874,2.346528881415156,355.5735195053728,0.9294607464529464,111.68120866668816,0.92741099054286,129.8651662952927,0.8555509309690074,1,7
1993,D2898,2.399034575158234,311.424107142857,2.355427115106166,389.12119390892485,1.82664145350456,238.57857142857145,1.816100595859628,273.4761361418064,,1,7
1994,D2899,5.662381186701386,295.07615892857166,5.423940037307013,369.914300363899,1.050435618566696,55.55018724270459,1.039521740206083,83.8447997461629,0.9450306146250632,1,9
1995,D2900,5.237796461720897,135.39892857142848,5.354793551901075,145.648193422978,3.777579424226957,94.4606099311097,3.722525073151571,105.66464423495096,0.7808818869757054,1,3
1996,D2901,3.315909955624695,547.465178571428,3.242127083578052,643.0423821924636,34.68073275691786,4930.456323789119,29.542298687224967,4943.183224398605,0.4352462646422649,0,7
1997,D2902,1.9585303340489293,273.08839285714294,1.926356216686929,357.7641280544275,25.935637082430414,3210.856749347146,22.94872978658433,3219.7020928758216,0.3189617457503458,0,9
1998,D2903,2.5959292206568407,353.11562499999974,2.548651016134078,423.7731389627725,13.97741509671277,1791.287031704128,13.05120837693134,1808.2956455278709,0.4196253251309035,0,11
1999,D2904,3.27439156938092,51.262232142857165,3.208376594700788,57.66800938829116,5.6030802634069445,86.5613654256551,5.435799125656255,91.01901376078764,0.496482133827256,0,9
2000,D2905,2.1088084938758187,44.76178392857147,2.077024107684217,54.22209748878545,27.53076082472568,516.2953116765735,24.191249605779184,517.4165844854714,0.2349475195827456,0,7
2001,D2906,1.1696849667642093,11.810401785714271,1.1731110427226414,14.791374329249834,0.8973483944200692,9.05084780494727,0.8941337471500551,9.983487158338349,0.6666294105476234,1,3
2002,D2907,2.4814814003522567,47.8098660714286,2.4427184075312347,54.21789983200274,28.486870128918333,484.6674990003171,24.928779377214948,485.4456823478622,0.4505056638536157,0,5
2003,D2908,4.840552687582767,323.28571428571433,5.091953538821693,462.7824972530654,1.92976810192912,127.78230198550509,1.9535713158206065,150.81895667826348,0.970538021191768,1,-9
2004,D2909,1.160762320784503,235.8968749999996,1.1500673882495982,299.7498651917589,56.17417877273019,8940.684285364745,43.854741027407655,8942.421996496547,0.0272314504104005,0,3
2005,D2910,3.15672155434217,245.268125,3.083394963656421,302.2851374730643,1.1060332908125738,86.05371258302037,1.107125549284929,96.12762280868434,0.8887495903298104,1,7
2006,D2911,4.596394665485232,43.508629464285725,4.452513220448456,52.624151991616266,2.206874105737576,21.18753208678448,2.20195591877742,27.287256730986776,0.6068399392307382,1,-1
2007,D2912,2.6057747385424723,256.76598214285724,2.5556986245358697,315.8965012818253,0.6247676921730976,62.083868087660576,0.6224934648533282,90.01235147864202,0.900744898419109,1,9
2008,D2913,5.665310940870072,132.83308035714285,5.403552343824817,175.4249864801389,48.43160990438971,920.7551341882818,38.92715465347916,928.9966566916617,0.2516739754215978,0,9
2009,D2914,5.615966683865823,144.45991071428574,5.351662124852509,193.42007892833956,44.08231300368541,935.6192442847304,36.053629488804376,945.3809737254352,0.2306139855028852,0,9
2010,D2915,2.0129166949464627,135.6514285714285,2.0171466629199086,156.6255280400259,2.341023152227541,157.31019329884197,2.338325872282273,207.99110136427848,0.6172438785943998,0,5
2011,D2916,2.1404132930968904,230.14285714285705,2.115479640828459,241.75829963177716,2.590653318988444,277.8944599239972,2.555141248997684,288.1431384822642,0.2358227859876543,0,1
2012,D2917,1.6837125618022788,186.30937499999985,1.6682228802859862,195.83248315655737,1.478263138854193,166.00429329872233,1.491177771940628,180.73846978311727,0.4114053729514447,1,1
2013,D2918,1.7133935296868583,186.60357142857148,1.6973596614642994,196.1146214703644,0.8478866681070621,92.82491006536344,0.8467217716853966,102.43280466885705,0.1167457074959908,1,1
2014,D2919,3.3721214140486238,291.95236607142823,3.294092118634805,348.2596274047651,2.5746511783410826,223.81678175097127,2.567526729983,272.3592421415234,0.4561094465898562,1,1
2015,D2920,1.90072333709238,32.806205357142844,1.8767250674224467,38.17976996998457,8.643497940099557,143.94592548331488,8.278625844574568,145.5669281653389,0.4941596950964967,0,11
2016,D2921,1.809863370335427,73.6112232142857,1.7878395433690593,86.16684590275304,20.650001317081507,765.4824627740545,18.71197692278645,767.1226863905603,0.5283579116498405,0,11
2017,D2922,1.9650872175056715,36.64035714285716,1.9378212716729373,43.99297998737575,12.734113184711545,224.7036202847789,11.964809951525178,226.04134816287524,0.1942022653774271,0,7
2018,D2923,2.2269686648483167,37.95821428571431,2.1979939209047896,41.39176349617955,1.52273154477531,26.07451513956565,1.5073930639717574,30.2341026752266,8.09399784770691e-15,1,3
2019,D2924,2.6450905083046963,381.11830357142856,2.604927964966875,412.3715558649693,27.44316995957369,3515.558123313873,24.127631486809182,3519.464075488377,0.3531943169862283,0,5
2020,D2925,6.432555792714195,78.19312321428576,6.739024109859142,92.76667682346196,1.9504733029330796,23.29805241470399,1.978775231607467,30.45712691032961,0.8773777012391157,1,-5
2021,D2926,2.0811385181674638,14.828099107142853,2.084475804873873,16.82736213944147,1.5518999921189351,11.024479361602824,1.5522401045970564,12.807895351538296,0.6452687320524207,1,1
2022,D2927,2.326866870845917,31.96665178571428,2.2922856191497325,36.5234824829746,0.8597611905130145,11.88197735624536,0.8551568200621378,14.341601713762373,0.8399131019934256,1,7
2023,D2928,1.4746652887597662,186.52991071428565,1.4590519159701183,225.95518530739463,0.9262760208560986,117.12982769626316,0.925682487246618,146.8750700826176,0.439037864408453,1,3
2024,D2929,1.3659046972154647,20.39218750000001,1.3533375198463002,24.17447758001694,1.4260079113413204,21.499640992645517,1.4353488332388906,27.82309215153457,-0.2567466044958058,0,1
2025,D2930,6.823587409038858,525.7598214285714,6.552184326538281,583.6544752748108,1.3518614509335285,107.01629068225633,1.351222367024841,127.73699972832436,0.8708694473648533,1,3
2026,D2931,1.4546082481328488,23.479330357142885,1.439681895781323,28.07600254767265,1.5108224691080896,24.661286412668883,1.5267150159044058,28.889606733879287,-0.1165660797318987,0,3
2027,D2932,10.541013705484357,1080.542576785714,9.901601608642078,1216.2909763104078,10.654416445821775,1091.4950384108604,10.003246007235694,1227.4057660648236,0.12840056329459,0,9
2028,D2933,2.025148763901502,278.3549107142856,1.9968105825793123,330.5630410947883,30.757824199477803,3685.521329096436,26.652019819943607,3690.594433500097,0.4459255761494171,0,5
2029,D2934,2.0043706408321587,256.6517857142861,1.9764366457560805,305.7272592308879,14.148643350258144,1702.2325354700054,13.205953512573226,1711.7422228436455,0.4481759621058769,0,5
2030,D2935,1.8240455639314004,107.24151785714288,1.8035476581067893,139.11440492543065,0.7945092260915794,47.18397133747645,0.7975989868287641,63.176158832683775,0.7400334722364894,1,-1
2031,D2936,1.5861261226525831,274.33526785714224,1.5681415449788203,331.1355764595665,47.56376700586294,6674.451257393627,38.42258334223415,6677.251418246616,0.3115493366948992,0,5
2032,D2937,5.475677382562376,268.4367857142858,5.318906248909229,279.3876484617784,8.077232430173256,422.2936667181096,8.431760843879163,429.9904901430857,0.3299030056469664,0,1
2033,D2938,1.995754579428271,287.1589285714285,1.968788766929893,337.5736117391788,22.23163879069889,2896.0814437605286,20.00120987429483,2902.62353979844,0.5388979061024861,0,9
2034,D2939,1.7109996870043938,27.154598214285706,1.69148791948644,31.61060306605643,3.353297054089341,52.70929600558002,3.2922736557656838,55.54209930861396,0.4256735752763931,0,5
2035,D2940,2.0588724470250592,365.82053571428565,2.033709638732384,401.97961553517024,40.92830814234507,6084.955378983338,33.972662358965025,6087.7968661624245,0.4993205738610608,0,5
2036,D2941,2.1450969958829966,32.509241071428605,2.109172262755737,41.182437669535,20.72594648795997,285.6096327561212,18.766980271618326,287.03204468516685,0.4902535933049917,0,7
2037,D2942,2.664641759699727,367.2093749999999,2.6151836878298496,439.1960028826567,14.59502540238184,1890.29107811544,13.58934053568715,1906.854034578028,0.3430550132552131,0,11
2038,D2943,1.9580136965463968,284.8473214285714,1.9262046220130933,371.1703410284176,35.14365126943027,4360.884318155511,29.882860429001685,4367.976541529849,0.3975037777699491,0,9
2039,D2944,2.1909068829984686,357.40133928571413,2.162377154646569,393.12270153555306,23.07635589325641,3404.8164607109857,20.68541787151597,3409.0834512381825,0.2889481870514477,0,5
2040,D2945,1.892485896296384,286.6156250000001,1.8692545682134336,330.00478003589626,36.34099039113883,4686.602351848961,30.749343352660446,4689.876123474894,0.4845949143182281,0,9
2041,D2946,4.849029167975581,369.92517857142855,4.689985799984866,440.2925817479772,2.9968242803695517,232.2235627743973,2.978937939235532,274.9480371764099,0.4302698876669963,1,3
2042,D2947,2.686697695991336,409.6,2.6454942242562653,441.58203394892905,22.949563777474072,3174.574385800697,20.58280212981383,3179.202387201544,0.2893169052532673,0,5
2043,D2948,5.824772105227234,254.9557517857142,6.018404965551,267.1710566484759,1.8888169356145812,80.81142177753703,1.917699476183572,119.23975028945058,0.0299051175114128,1,-1
2044,D2949,1.8813274599974752,249.4196428571429,1.8591028620828496,281.7097315330122,27.182081474610232,3193.598535522057,23.92580837228361,3196.9395747270505,0.5059733131718848,0,5
2045,D2950,5.446210277506212,520.742455357143,5.654138529966229,601.501207848049,2.3477831924439805,219.55361843773284,2.370838156752092,295.63362364179767,0.4774777018600694,1,-1
2046,D2951,0.5810753043371758,101.64464285714295,0.5791760491999557,126.38531397787384,25.089875557750076,3897.062777544731,22.29157170802769,3898.962353964816,0.4954753288692857,0,3
2047,D2952,0.5840252559156691,11.186339285714276,0.5822077866959695,13.560320642460454,12.139000090394916,219.32215433990223,11.442633942253863,219.67435351667564,0.269360614325214,0,3
2048,D2953,0.7132070863440378,16.230728571428536,0.7095300360290504,19.72721850621984,35.176257586626654,681.791558807079,29.91345048909324,681.9709595949619,0.6023981909859242,0,3
2049,D2954,0.483036665036316,86.60982142857158,0.4814183569906679,113.7557902519614,15.905660646018932,2640.0679680745343,14.732198537908271,2642.726409571963,0.514218404337812,0,3
2050,D2955,0.8222050903631708,16.72482142857145,0.8179969650997652,19.94579415196798,47.1820204313406,777.6472543091501,38.174854721320806,777.7699877684503,0.2427645485009737,0,3
2051,D2956,2.2031304084693693,230.15089285714308,2.241636727139184,285.77285680481265,1.9798399318798128,206.22742916702347,2.0091220995226946,248.92649370527192,-0.1714454655752362,1,1
2052,D2957,2.50819164263063,218.12482142857135,2.4753989437086314,224.39051043497824,0.7946638545692908,69.65251998012783,0.7933869480248422,86.74758859459924,0.648309087849819,1,5
2053,D2958,1.3291095394611434,235.649107142857,1.318082449699814,264.853953459159,34.47873606543576,5238.182842521458,29.40663015841736,5240.470406390786,0.6199423462431931,0,3
2054,D2959,1.3359568900750416,236.5531499999992,1.324996441165473,263.74219151343084,41.30904491016448,6090.376233772799,34.23549322808718,6092.337379600685,0.6849338373587429,0,3
2055,D2960,0.7790224888176704,11.987723214285731,0.7766209334941252,13.421449468350051,1.1198995044666349,17.278155435168433,1.1207007612206998,19.51430378975249,0.3794886739955373,0,3
2056,D2961,1.6310943554741992,44.89725892857138,1.6490843268716255,54.33120813205434,1.753607701637338,47.93963476490756,1.7443077814429515,58.49483124460364,0.2101968251456023,0,1
2057,D2962,2.5328953188029613,38.23450892857141,2.4984057627963154,39.96103771265884,0.5048680427390839,7.695453470629559,0.5029831160154435,9.924201828531634,0.7681648735175166,1,5
2058,D2963,0.984919621801671,16.05683035714287,0.9775196908200672,20.13656313565686,6.711061744329318,106.139640832662,6.48976523065884,107.0910767875413,0.3760260344756594,0,3
2059,D2964,0.9698650868425284,17.064375000000023,0.9635254617499492,20.223797030984244,17.827636664576957,288.9115414603834,16.366673313684508,289.1810323670133,0.3333018495169052,0,3
2060,D2965,4.067789679562591,247.7623214285713,3.976250547397649,291.76578813704674,1.7809844035491056,110.17853262792362,1.784389145924106,134.55111307853855,0.819601587535202,1,3
2061,D2966,2.008483403506509,10.512299107142846,2.0368414352445203,12.353574855621693,1.1311404128566915,5.89660241561966,1.1403628679203304,7.208150564438951,0.3565817490090111,1,-1
2062,D2967,1.7109014471602295,217.51607142857185,1.6938680513632818,236.5015938413716,23.359798826935176,2677.29307785573,20.91418382154012,2679.510870283773,0.3274801883934676,0,3
2063,D2968,1.7518788023173817,226.3129464285713,1.7333107712929736,251.00482639003923,28.429467452648083,3238.075528433163,24.888701136460487,3240.117755155896,0.1236198580807498,0,3
2064,D2969,2.627762253626772,206.72178571428572,2.5884631554430984,229.14721483023337,2.399769219180802,188.7860901087124,2.369301022131753,203.1863819739239,0.4793573241942786,1,5
2065,D2970,1.5880828915977314,27.107410714285702,1.602641402341997,28.97309457134632,0.6355766692611586,10.788394100269311,0.6361818903210181,13.013155233561266,0.4034904151876735,1,-1
2066,D2971,1.5631391995158237,164.875,1.5773548192882747,176.94462877348303,0.4266461555510821,44.76081445113466,0.4277504974882741,62.46011102216546,0.4990512214568037,1,-3
2067,D2972,1.5526418082847608,14.363816964285734,1.5665769250352322,15.36671510740808,0.763333662656554,7.051696350078081,0.7663536322826754,8.452969483915973,0.5771846541494924,1,-3
2068,D2973,0.6994478635461999,19.146282142857157,0.7029692160788384,22.898686274039356,0.7696938816873876,21.04469122850732,0.7718898558244656,25.747895268960196,0.5058198080086082,0,-1
2069,D2974,1.1933187038655046,12.621741071428604,1.2024519029764356,14.226654056052023,0.7142266984036009,7.52153213356233,0.7142206043534464,9.4168856782577,0.014836822768122,1,-1
2070,D2975,0.5375232868784483,8.443526785714328,0.5385968885877594,10.11935730524453,18.742319895897328,269.1064385365295,17.1354343159573,269.2284086336105,-0.4743667663269229,0,-3
2071,D2976,4.614051737820008,108.20215535714291,5.963277753051177,316.4865721862112,15.824018947875643,398.3337012823594,15.61090504001614,412.5595531559547,-0.1263155142272886,0,-11
2072,D2977,1.0221563039233872,22.526741071428564,1.0155343562999344,25.46252964956808,39.41980906017981,729.0448898085605,32.92888697146437,729.114684812367,0.0556427857525692,0,1
2073,D2978,1.1096482035657562,46.05419642857162,1.100480835127793,56.54220954779627,64.55281014381106,2031.8195267607443,48.80043372088379,2032.071556153044,-0.016831864707074,0,1
2074,D2979,1.3649804267898389,55.160758928571305,1.350105057369549,70.2282558737917,61.36772254491042,1903.6525172221,46.956925728284624,1904.1218026932663,-0.0329279631690972,0,1
2075,D2980,1.3244418694399978,52.86504464285717,1.3121321719937111,62.994376235096446,61.00326659107903,1874.755856225848,46.74411235381504,1875.01064501864,-0.1321122621008981,0,1
2076,D2981,1.905010095353848,42.601651785714274,1.885316776181592,44.685558725629136,1.2196574798205857,27.1929270382089,1.209568613962797,31.698142489015535,0.8955326307605055,1,9
2077,D2982,4.7675602252474745,257.86308035714285,4.61197639042871,318.69417462931744,2.2232734058601133,121.68531422320186,2.212828656637191,163.09078177778343,0.7204039549665848,1,7
2078,D2983,1.1551572895877364,133.0763392857143,1.145125999777165,164.30133721693292,0.6091242317642154,70.54165231964829,0.6077450233297971,100.2597636371071,0.2659485913791143,1,1
2079,D2984,1.5578975275402185,19.12285714285713,1.540934468552566,22.80109114542272,0.8025796559714076,9.900341927882632,0.7991736159863675,12.526317360567912,0.5660707673531181,1,3
2080,D2985,3.504275274874278,387.1834821428568,3.4289392482460137,435.21171332552194,0.7780721314384111,87.14774080096777,0.7753180251031394,105.55515330593396,0.8755379186260643,1,5
2081,D2986,1.5765786386133125,7.009696428571431,1.5701593330659995,8.280075127677142,8.801909623363427,40.92535727264184,9.228366950018131,41.8081296292654,0.4286155886301853,0,1
2082,D2987,2.410566117056581,27.25825892857139,2.371891862934428,31.817605803869025,0.6980123270464981,7.920129555834868,0.6954199158697885,9.290134629864056,0.9402075176406672,1,7
2083,D2988,1.6440840950643798,19.667678571428592,1.635929878965225,23.1817035893785,1.7571335024618475,21.03694366623889,1.7553282071847027,23.78441023727523,-0.4059229208689331,0,1
2084,D2989,3.258605789715264,27.695209821428573,3.329405134603104,31.496436908269068,2.287862235400256,19.2819781125411,2.290649431338801,22.84741812131688,0.3316627448263497,1,-1
2085,D2990,2.1470283748051178,303.23035714285743,2.113443379539758,370.3295448006172,10.06741921124025,1362.3044916014992,9.574622796049969,1380.0582192432623,0.4146262718233476,0,9
2086,D2991,3.4178096795695354,29.466049107142855,3.484955718561727,31.252969717227295,1.065459045769703,9.13991323440344,1.072700203863906,12.396877058853704,0.7260196749552835,1,-5
2087,D2992,2.539227933131009,38.49629464285715,2.579156755428406,42.44468919255862,0.8059129773005902,12.140482285536743,0.8085278810238004,16.906090181103245,0.6245787231802133,1,-3
2088,D2993,6.096343095632913,37.82774107142857,5.808907842219284,48.809776863976346,16.62549267916246,113.61702116173414,18.26076627953874,117.16816855339056,-0.03094624550883,0,7
2089,D2994,0.9332365516265446,18.22116071428573,0.9385687496373742,21.915913464928455,0.8749393385567924,17.03077927243989,0.8696494944258498,22.259481404768245,-0.0106553325473362,1,1
2090,D2995,2.397702198749037,33.84808035714291,2.3625449434747527,37.81254496861262,0.9356550033384824,13.298016499706153,0.9333876219226418,15.341327118745378,0.8425290255378689,1,5
2091,D2996,2.687781572444229,39.320625,2.6417652045791797,44.90583100945302,0.7191589640723929,10.573930789555106,0.7142237591498612,15.266698453129202,0.8582327109155808,1,3
2092,D2997,1.3094201165116326,23.122499999999995,1.2967998869499386,28.57698130668596,33.12336076117788,502.541009912688,28.412375919616636,503.0223424782737,0.5978603508020177,0,3
2093,D2998,1.2479278236837044,18.68919642857143,1.2438834827131364,21.119490017369017,21.507571057921773,291.35388754993454,19.411972150754615,292.1276277914009,0.4460469576486941,0,1
2094,D2999,1.0885713849434044,18.434285714285743,1.0823172488859616,21.082463512254375,14.24437645720404,225.43891999402447,13.29156881796398,226.3409003619178,0.6965654058783728,0,1
2095,D3000,42.04845911556278,691.5702232142856,54.36889252543386,717.7060556978014,5.1993587841455735,79.73238756912124,6.0943525678122255,197.5693566808926,0.7129137214263769,1,-11
2096,D3001,1.954396897734321,225.2767857142857,1.9279867806928088,267.2545311280655,0.8861716326635707,102.77906037076498,0.8859980991637071,123.62552157121908,0.6028948228654494,1,1
2097,D3002,0.854102189470248,167.68526785714363,0.8554001149705649,197.3057757618762,38.82656165135762,6385.957658269466,32.511682552996184,6389.014022267509,0.2140148782994109,0,1
2098,D3003,0.9731069088202234,11.689508928571431,0.97273259893618,13.743826419466927,0.8719606589023854,10.495917203294116,0.8756861318740783,12.251569302055035,0.6396674906165593,1,1
2099,D3004,1.229952524772114,40.20352678571434,1.2200847006439908,46.190287842659416,82.0250121498629,1909.5813395557925,58.16789780868902,1909.7446858967344,0.4154369563997376,0,1
2100,D3005,1.7809404631760857,61.3822767857143,1.763279380397335,65.2136943769581,82.99261739781653,2037.3496459270311,58.652902539182406,2037.5111834664456,0.5129759312823361,0,1
2101,D3006,2.2191089335758694,66.84656249999999,2.192729737126915,69.7076277921228,76.27649850965282,1680.0105422038869,55.21664788037511,1680.1819237967782,0.5794226509753048,0,1
2102,D3007,11.431615450337754,64.48334374999999,12.370011261265898,74.21471053491705,26.717285153861177,167.031136918738,31.371226608194277,173.8308324919834,0.1600779570414417,0,-11
2103,D3008,11.335992241948276,48.570343750000006,12.27245340220604,56.18648083259747,74.75093036641567,496.040729265564,120.44099480545808,497.36116670220025,0.1608383429662711,0,-13
2104,D3009,11.026886224666583,200.69068035714287,11.904436831776396,231.59405433924707,68.49885331685599,1840.3518905833816,105.117963453034,1846.5098062716904,0.1777734638241876,0,-11
2105,D3010,11.326367475685396,60.48236607142859,12.246601022312984,69.62766241016743,55.401548910517626,396.0742934416807,77.4242425989794,398.6138997761045,0.1134980166210999,0,-11
2106,D3011,11.62366151087764,64.20482142857144,12.607468598271652,74.22314989611851,47.91250190790967,336.1298947476875,63.76203592315533,339.5269657601522,0.1610881939530896,0,-11
2107,D3012,4.369496816075712,20.489762500000005,4.532544236827707,26.221991240136404,2.0972911408715884,9.793683471604837,2.1043760259488686,10.947888922967236,0.8194721539028619,1,-3
2108,D3013,3.459315219068785,209.28446428571448,3.4663588300652144,241.92026516992843,2.205791064335166,134.03007982097188,2.204564916351057,145.987638006157,0.8029955555091913,1,-3
2109,D3014,1.9452274318262328,312.24107142857105,1.9241200341355031,332.089663223116,29.09300847781481,4112.078523518869,25.39693361635403,4113.570256457231,-0.0146854647283418,0,5
2110,D3015,2.505164384946163,242.4321428571429,2.552503645141395,297.1596457016633,1.1450394046102794,109.86730622541316,1.1485916793930862,145.8774177854067,0.7066747207946777,1,-7
2111,D3016,2.01432477850926,226.2776785714288,2.032597961104626,246.4767662143477,0.8788593783721731,98.174791531352,0.8812288401183661,132.24459640936533,0.8551399208723106,1,-7
2112,D3017,0.5168253900841921,62.615624999999845,0.5180935449859514,78.06145299466549,0.551991051831479,66.85331312031705,0.5512304890303588,81.05134977384294,0.1067910705170373,0,-1
2113,D3018,0.5011811438351486,48.72991071428597,0.5004939842767364,62.36142572513059,0.6913270543555142,67.17632941099457,0.6918489870028294,78.60448600590753,-0.2160057472289877,0,-1
2114,D3019,0.7926003494290009,73.01281250000011,0.7895222604024332,89.14311535412634,0.7601652684657884,70.12064683285396,0.7624735429112508,84.23694264514508,0.4620257708607727,1,-1
2115,D3020,1.6924240696181858,222.1232142857143,1.6757143755186024,241.6614490213124,26.195654244452736,3060.4460710255557,23.159663931823932,3062.37328577214,0.3036767134057692,0,3
2116,D3021,2.04202693761632,319.12991071428536,2.018234984140795,343.455812129599,21.026682774164613,2998.901760322831,19.023448863604575,3002.217784109013,0.4967836418632743,0,5
2117,D3022,0.6825696253890607,25.284330357142867,0.6839698058640638,28.871353642197235,1.1804949911174103,43.73568626073419,1.1830074552416845,51.54988986230763,0.0319047577427406,0,-3
2118,D3023,0.5043786394558157,13.802946428571364,0.5059455651425114,16.62545738831064,0.7241868342395372,19.78514360365778,0.7204768571867185,25.15202492112316,0.5381641364750317,0,-1
2119,D3024,3.919478293695024,89.8570089285714,3.8355821937112182,97.9742198847516,2.610843863011237,59.47217782325064,2.580097865371384,69.27387967854602,0.8521170631433468,1,7
2120,D3025,0.8475765924463964,19.386473214285747,0.8531391364446818,24.03347504038363,0.3479820734814302,7.934462222922418,0.3483027191169644,9.710287110421293,0.6480622715248102,1,-3
2121,D3026,4.288217057667654,41.71716517857141,4.177683873018096,46.56281483070397,0.5777367861405749,5.690953129475645,0.5757709836382433,7.28682980107631,0.9495325217291836,1,11
2122,D3027,1.2409588570357062,39.99642857142856,1.250890210511057,52.43918145822765,1.9523124749300855,63.237524300217856,1.976544696660356,70.68263783145198,-0.6326117822666646,0,-5
2123,D3028,1.316756176383299,35.18066964285721,1.3240043502389334,40.95198690473172,0.965300839966687,25.56406123860188,0.9607509486528766,29.98183021393837,0.8155041449723149,1,-3
2124,D3029,1.5065803389060788,21.46491071428571,1.4919358750537892,24.60273613286161,0.7039277127952243,10.077704784747946,0.7034829318376787,11.637804151428544,0.4813176703576857,1,5
2125,D3030,1.3022009705310622,34.88294642857142,1.3117857755935185,45.20219429008274,1.3185168668504208,35.2656205176467,1.310901339975135,39.06595841680998,-0.586762514262196,0,-7
2126,D3031,1.1147712148162074,165.640625,1.1207206749050158,202.01086243253505,1.1035627184894592,163.85818670282774,1.100459279552048,200.02914210564128,-0.5657813267956402,1,-5
2127,D3032,1.1982418312949077,138.84830714285687,1.2056492473746077,167.57989366605096,16.612287377575814,1777.3115614976975,15.332270722589415,1783.1285840131277,-0.0081962835795957,0,-5
2128,D3033,1.5178815886006378,220.43526785714295,1.5292514017032446,239.12512079588663,1.0611620438629403,153.8998209436257,1.0634376301010715,181.51210686706068,0.1924511604964891,1,-5
2129,D3034,1.566004761241423,120.8537821428574,1.5783582056154706,131.29981079052354,17.7047259122325,1250.8974290262015,16.2589766762308,1254.6070841200783,0.0440009145558075,0,-7
2130,D3035,1.1248449972988688,161.05803571428558,1.1310415120891508,191.77201059007243,0.9022882714817296,128.9262118412583,0.8978154033833521,170.67418055089885,-0.2447383102682238,1,-3
2131,D3036,1.0484441767812769,155.90982142857112,1.0533978960909438,188.35545953076215,2.0794551606000278,306.3747452256167,2.052817767605936,343.1663359129189,-0.1120067481790537,0,-3
2132,D3037,2.074307245400181,46.49977678571428,2.0985234514276687,52.012717522429824,20.45532620496019,414.0588349898325,18.54864113879955,415.4984942413278,-0.1562562361405966,0,-3
2133,D3038,1.660700993056283,41.180178571428506,1.6710936404603274,48.37978438872992,10.13062697031503,239.655496879294,9.62519267345604,244.68932555713204,0.3280695842518514,0,-5
2134,D3039,1.6731131907479262,42.26785714285717,1.6847973877940656,50.26269003543497,10.844334831532386,260.4430143283461,10.269738808783314,265.2567560598491,0.2921030724484444,0,-5
2135,D3040,1.7085877949634534,282.0959821428569,1.6901800979570951,319.6619266190437,25.26339568486451,3727.318636487557,22.42733084530672,3730.378394817302,0.1584447263395134,0,1
2136,D3041,1.1714852946873906,195.8299107142853,1.16192872497719,232.64510769754563,4.016154069385445,661.4231007389857,3.935098429847032,670.4816353519577,-0.0788052145810951,0,3
2137,D3042,0.8539965792950114,90.1928571428572,0.8492973971588846,107.07470064332286,0.6715834342599679,70.92276477145619,0.6685334355604742,86.59612799533261,0.3037271654394586,1,1
2138,D3043,1.2689597055837305,95.9888839285714,1.2575269653734704,115.08824666536458,0.720832687881173,54.81323886861349,0.7200601490807356,68.12638972692746,0.4247264130731361,1,1
2139,D3044,1.4758333668028247,100.5867857142858,1.463049947819519,109.60326865181976,0.5955659961009454,40.83384412499773,0.5955158830427674,46.01801767512991,0.2857649152805765,1,1
2140,D3045,1.621843656813286,15.105276785714295,1.608676016988584,17.650155687009395,4.966604583427695,47.27580235745141,5.110364799889522,50.13339001766445,0.3039516088079148,0,-1
2141,D3046,3.09439913650869,256.1546875,3.0383987492016677,280.431800279014,0.8392536445831229,70.34588971089534,0.8356556911897394,83.43732732582484,0.7813016599714148,1,5
2142,D3047,2.5984587270205224,238.65616071428616,2.558130263516728,263.5807041115998,0.641410829627118,59.221397338719854,0.6382562961349598,75.28925031713898,0.8924551633018148,1,7
2143,D3048,2.9097041238586643,58.63987678571426,2.859744673468096,64.43589544440209,0.6208523401387914,12.623693560487856,0.6186177454126716,17.405831985735812,0.8421606041180562,1,5
2144,D3049,1.0230218414244363,23.212232142857083,1.0165453521385113,26.522360857329875,1.9010422086941805,42.92355727766712,1.8806353736080104,45.92083070626323,0.1107256066151726,0,1
2145,D3050,4.159305874134311,37.05627678571428,4.263574564200068,39.98831493184888,1.4452827112812292,12.687183895547808,1.4506248801299042,15.077820135210011,0.61510816877855,1,-5
2146,D3051,1.5127618431324674,20.333705357142858,1.4999793328292013,21.6107907597118,0.6494488064867255,8.739215639606707,0.6460698291705734,11.074984542880271,0.7785642164347387,1,5
2147,D3052,2.997194192167077,30.022433928571463,3.085287540137136,41.99770247141346,5.801388845946885,59.4276901657904,6.040396841910913,68.29172284335996,0.1157303124227903,0,-1
2148,D3053,1.1293034624681195,181.54955357142848,1.121090043573139,214.6360902459069,17.502049525164402,2596.742176115435,16.091778845408182,2599.242320542738,-0.6445601594108753,0,1
2149,D3054,0.6893507931919028,91.21696428571455,0.6891633573970019,102.79392757239606,9.893112535981976,1249.592386032302,9.425213322820571,1252.1745088719372,-0.497774363939024,0,-1
2150,D3055,1.1059553025222102,150.89062499999974,1.0980098664933222,176.87331737431583,22.768358909706805,2799.417543746892,20.43968293618313,2800.93582738624,-0.540061500184393,0,-1
2151,D3056,0.5813567647387095,93.89508928571442,0.5824941664121246,111.89963651569109,21.987371282949404,3200.549845280602,19.808317231769205,3201.9745897414887,-0.5326249241752041,0,-3
2152,D3057,1.0075933794634586,124.6129464285715,1.0016543587944822,143.71239380960358,11.565522683162747,1356.3431148330249,10.931356953637076,1358.9279033795435,-0.5608130204972251,0,-1
2153,D3058,4.133157029180072,421.1966507142857,4.034686573784559,459.121563407516,1.02614571135987,105.44868866795552,1.022980800290269,122.0746187939157,0.8482312658709729,1,3
2154,D3059,0.9395093497778546,18.88437500000001,0.933057137515555,22.971296350593416,15.488404034163995,289.8660560682469,14.3736603237849,290.13375947850585,-0.0015933752545831,0,3
2155,D3060,0.6859356026468519,101.11026785714276,0.6833510879913894,126.0122040597125,12.633542047636848,1753.5722063519886,11.880785853136574,1756.80492321923,0.2083835196033354,0,3
2156,D3061,1.201721412220729,181.40267857142888,1.1918121151998573,213.6182586393477,25.233739772370384,3398.258002738405,22.405191866959765,3399.776741493792,-0.0279990888402482,0,3
2157,D3062,0.7594583756155215,107.64464285714295,0.7551206303176771,132.4889726711786,15.090105281411414,1994.3199939562403,14.030494281240532,1995.5129291962849,0.0339122588708905,0,3
2158,D3063,0.9139533032367032,94.23526785714276,0.9105217187304752,103.8302744926915,0.996127681343581,102.73785545843488,0.991779171983566,112.07671896230936,-0.440874937541388,0,-1
2159,D3064,1.5747813881429298,71.92285714285721,1.5596853952516898,79.90769817008575,0.7563271691580495,34.675649467089706,0.753089661173012,42.93667760928459,0.4333274348631813,1,3
2160,D3065,0.9827573571414472,30.973296428571462,0.9769191370670128,34.72308491821015,2.6115886066890406,83.10437926646003,2.627356959754821,89.16991777796058,0.1846503296108052,0,3
2161,D3066,1.0127369622836038,45.744017857143,1.0060578841976744,52.60259661453547,4.013483044565209,178.3950439122841,3.932274357257436,181.1136469762486,0.3297461996237719,0,3
2162,D3067,0.6698333435205711,27.866294642857024,0.6664012553665415,34.98197970529348,1.4855034599033363,62.27100581779613,1.498595924664044,67.43741204339781,0.3469225541397909,0,1
2163,D3068,2.088781097747449,22.7894196428571,2.056903461143793,27.930901586249533,0.9259600831216795,10.172479544140517,0.9263525718711774,12.377410011728813,0.6899063744919429,1,-1
2164,D3069,3.1337675191825176,46.71178571428565,3.076355286588103,51.13995320583586,2.7704973114191955,41.39022359463598,2.7247754986325066,45.7220592985144,-0.2634937239497742,1,-1
2165,D3070,2.3734248025391387,53.08574821428582,2.33846642154776,59.9285207227749,0.8553109380192105,19.29716350978122,0.8605639327762902,27.65609500991585,0.5452068217510357,1,-1
2166,D3071,2.3138645779232285,50.74787500000006,2.277625648929046,59.99110096337806,0.9115948719335908,20.2157569837984,0.9168805345771152,28.624480704359986,0.6118775710197636,1,1
2167,D3072,1.1816959592194645,144.70803571428587,1.1726460281055051,169.43862281930248,10.108553654639447,1183.3951756215552,9.620284181042324,1186.276082421452,-0.6581069975835067,0,1
2168,D3073,6.709877457044213,60.17850446428572,6.4840583236660105,61.36468330392322,1.363830136709639,12.412587943982404,1.3519593583142804,17.23901732087353,0.7310332442105908,1,7
2169,D3074,6.979685034229331,65.59024107142855,6.735188520114711,66.96306647033906,1.167119132615586,11.202233871330252,1.156909961118895,13.766314364147648,0.8949756798776667,1,7
2170,D3075,2.4073529564708145,44.17787321428573,2.3494206706359497,64.26263417561054,1.4826875891166795,27.200790307148917,1.4662611488841917,36.58328531827144,0.8076068801921975,1,7
2171,D3076,7.396270848274078,82.53017857142858,6.894578125329008,117.17167890988104,1.677576527551388,18.906354463457205,1.6529352736156917,27.36076161783237,0.9600501717704856,1,9
2172,D3077,6.976753310478593,76.2594642857143,6.516520582643001,109.67323372629323,2.132540604616185,23.515000356062217,2.0965285743113964,32.63993967371604,0.9357154568099376,1,9
2173,D3078,3.101333371284953,466.2808035714285,3.038597402395706,539.4853940656376,10.392190426746476,1502.8464184023169,9.86491123383175,1527.5047462462012,0.1303428987215099,0,9
2174,D3079,3.7621776974500696,48.93008928571432,3.679016955455988,53.764648577508176,0.9516309042356396,12.413012983475742,0.9494561581302968,15.00411716779966,0.9518991378802284,1,7
2175,D3080,2.803561219637107,36.73049107142861,2.7532586132160484,42.05844107293437,0.9886112955086896,13.015749583927605,0.985762403502213,15.218112496058128,0.9179730716499436,1,7
2176,D3081,3.218541285528837,41.57415178571426,3.156689739644704,45.96539061696648,0.6847349805369751,8.949280387944603,0.6840823713914056,11.378462857743717,0.8834266856429273,1,7
2177,D3082,3.197570111791893,457.50982142857134,3.138452222370647,498.2105227824486,1.409882054179228,204.5683256112249,1.4221714890966894,243.8650253982758,-1.2313192779999663e-14,1,5
2178,D3083,1.746157545058378,32.55535714285712,1.7367400609592945,37.42305569491409,23.887151212228154,504.6937072292635,27.155682714120736,506.0807715182341,0.2718892229119209,0,5
2179,D3084,3.5709517719416413,232.8225446428573,3.4818890216510017,279.9810254050413,1.4832700079926109,97.47981030477852,1.4761984380015,111.23377707897008,0.802242767321653,1,5
2180,D3085,5.064272951744041,753.7982142857143,4.920313114627429,811.8819751707405,28.357605329158226,3784.747673767268,24.827789173271366,3792.5411103276815,-0.3199173728157067,0,5
2181,D3086,0.6219786969291409,86.89821428571408,0.6193752398882556,107.31280763746562,9.030770793904765,1208.0772403623505,8.638918677856395,1211.21934326861,0.3086532096423026,0,3
2182,D3087,0.6151900958870052,30.993412499999916,0.6127389054167545,38.45540915452482,1.720527740797408,87.22187299924722,1.731996420385564,95.11889703904328,0.2877786529165744,0,3
2183,D3088,0.7055682410072843,11.700133928571452,0.7021261477218916,14.938022981916289,7.095794208347214,113.63648467399148,6.849730023607116,114.42539465039673,0.3511914568997945,0,5
2184,D3089,1.8170944259495327,197.88303571428565,1.7959598143231386,227.5350283325704,1.7238956832645504,186.61594950208575,1.7106035193325906,232.6356365805642,0.6561310058868471,1,5
2185,D3090,2.0570177329271884,53.02366071428579,2.031607649581164,58.5611707469398,39.29347818012534,854.0929186253313,32.839393520821936,854.3640366362969,-0.276771221156445,0,1
2186,D3091,3.157678925348211,603.5517857142859,3.099960685192072,657.466855849159,34.96661956153355,5766.179915590421,29.758431572679907,5771.392795312487,-0.1524415528129868,0,5
2187,D3092,2.157182972141877,473.01205357142913,2.129559998387596,519.5287666669979,28.42537204060534,5509.068491500941,24.885828389416723,5512.202325950282,-0.2667982767150217,0,1
2188,D3093,2.0806579785442705,478.9120535714285,2.054621649106716,529.3528108991279,42.01716709426807,8064.4665687952975,34.72064763162342,8066.823517439372,-0.2296991988928623,0,1
2189,D3094,5.874038941727077,395.8981410714287,6.095757056462662,437.8681921449863,1.5185269982500875,99.34024826023108,1.521838686067242,120.95233416646175,0.8016479349058849,1,-3
2190,D3095,0.9352887092319226,12.826116071428553,0.9425016175090224,17.816892059554874,1.098364267064669,15.036077056141428,1.09642597824793,20.938209802249265,0.118560326177448,0,1
2191,D3096,2.0724719294390392,399.1446428571427,2.048323998192248,426.5341615063434,37.18489776421552,6092.870117484362,31.353348702821904,6094.921536700363,0.3132369501165327,0,3
2192,D3097,4.596279634024569,922.6848214285716,4.477611698399753,994.2496224691938,8.222586727767373,1619.364736867292,7.88061156351221,1668.4907518990149,0.4279285521054312,0,5
2193,D3098,3.2883701352793304,56.99495535714287,3.21899888797398,65.43247701697538,0.8399513893306414,14.699183819596003,0.8349150146483771,18.915390347457134,0.8974646076180577,1,9
2194,D3099,2.207175976343245,204.44374999999985,2.1901598289664403,238.93373363357543,1.5856095478518557,148.115100255598,1.5864516715972294,213.994443945164,0.5203894870754207,1,-5
2195,D3100,1.0754186369957424,11.589419642857106,1.0667344402774075,14.42465519460547,0.6745970240502566,7.290313183284119,0.6761144691229766,7.949467511615695,0.6307128645870537,1,5
2196,D3101,0.8289243498724553,9.721428571428548,0.8245996288916853,11.027296858453756,0.418811485324063,4.911711096798707,0.4181812794992383,6.438229853960126,0.6787878485762819,1,5
2197,D3102,4.118127349868527,96.17683035714283,4.025307709310121,101.9233709788977,16.79113505022321,368.6613224770077,15.48319356767522,370.0859959008513,0.0036087439752822,0,5
2198,D3103,12.322563310585876,1005.628542857143,11.414472094014323,1157.6452304928084,18.15327357617911,1433.4823043720587,16.46408191819005,1545.1539683198032,0.1117292000625944,0,11
2199,D3104,6.696791826878997,155.11071428571435,6.457872211728007,163.37852967823358,5.944520893806317,145.4754466831587,6.155672098374419,154.95856021395824,-6.085441924124819e-16,1,9
2200,D3105,3.568248179638214,835.795982142857,3.496065368326763,901.5264499430876,53.98842536354656,10114.748327076884,42.50891669317639,10119.524811396626,-0.1683260121979771,0,5
2201,D3106,5.3315038666291,425.6595089285715,5.527720742519019,487.7722636776281,1.8322245756693063,143.03681582079045,1.8445238062596336,180.05846673955574,0.7556665906130302,1,-3
2202,D3107,2.4201699817381246,258.9374999999999,2.3881916961159866,272.7744685485874,0.6093216235018701,65.74368916706668,0.6087826140142742,80.82782902951355,0.6914314250224516,1,5
2203,D3108,0.7766364914959628,80.09508928571437,0.7718200072078061,102.14879901431529,0.3366457319950483,34.72737739452077,0.3362356351579506,44.95584119216372,0.8475256012149629,1,9
2204,D3109,2.687988038132628,215.73559821428572,2.6491427605456344,225.4844225723588,1.0475798024494622,85.23496962928733,1.0488660278423556,100.78857092640048,0.224062980574183,1,3
2205,D3110,2.846550611241472,427.8589285714284,2.8043422227165435,440.3363399267025,21.318974071352017,2935.419262331155,19.263337829598782,2937.65147200462,0.437369121675156,0,3
2206,D3111,3.4599655323911787,211.9277232142857,3.3852868249198886,240.7434632756639,1.1064856393999745,68.73291524318905,1.1062034506275005,83.46448683911535,0.819251328152216,1,1
2207,D3112,1.7524488019188662,231.22321428571416,1.7351777092452274,246.783816965068,10.083839473293578,1276.8121111332111,9.598039145099582,1279.6987867820883,0.2248825178482427,0,3
2208,D3113,1.6868332813049134,245.16696428571427,1.6695030418842922,272.4352305889812,28.836432039583386,3689.143981882592,25.20100387326544,3690.6500300026414,-0.2552100026521055,0,1
2209,D3114,3.9255152894010346,426.1138392857144,4.036616067713095,498.9889313478817,1.5206934538695462,162.9076175032899,1.5298588806234026,195.39945008542907,0.7508099913567886,1,-7
2210,D3115,1.0348750549149828,36.05736071428565,1.0283673831134603,39.91673472394592,0.5126159158085083,17.969714108647263,0.51320026191199,21.13008256099156,0.3441975534870455,1,3
2211,D3116,1.799958129493143,60.689592857142806,1.7803387007616924,67.25527942719306,0.6296138801397261,21.372529434228426,0.6278273421516695,28.369962884027537,0.4596710002197351,1,3
2212,D3117,1.5796842654571763,82.53561428571422,1.565609626609659,88.16325091553223,0.790009164932951,41.58853998445401,0.7902876474522172,48.58308134206309,0.5874556893418247,1,5
2213,D3118,2.7872426804199875,154.69433035714297,2.8294585927599,169.52469728292465,1.5989181729689792,87.78102606902472,1.601870911165764,99.00919828826471,0.6040110592641172,1,-3
2214,D3119,2.1040932026315806,113.64975714285708,2.0800356243188203,119.29869251676676,9.632546478620482,501.3371306478656,9.18805655232889,502.62543989875,0.2369747783051412,0,3
2215,D3120,5.560795982448493,98.25830357142854,5.391026189071153,104.96235222762608,1.294041508038622,23.25532566254541,1.2847811954626445,31.011086246958214,0.8144287301278319,1,5
2216,D3121,5.891328307322959,89.03892857142856,5.704776199214589,94.13111210472032,1.8055722973258224,27.68500390782078,1.78333030149723,33.33929281747043,0.7266871583369937,1,5
2217,D3122,5.952326922707289,86.16303571428577,5.762095847046272,91.05480772031966,2.077027754572841,30.561805827535245,2.059858050034141,37.45667412010833,0.6441532810155939,1,5
2218,D3123,3.1932782935088517,506.8861607142858,3.1369556079949943,538.9132254575896,38.88418157024744,5239.570025249281,32.55072011938839,5243.312890424212,0.4116464592981835,0,5
2219,D3124,1.133941808086279,158.6873964285716,1.1267844845798596,179.84153736836484,0.4572881382160426,64.12650858125107,0.4582376938808733,86.36200244581224,0.8616292339830866,1,7
2220,D3125,3.643360972770323,661.175446428572,3.5699454084798736,704.442598593109,53.25403324259553,7755.267611507416,42.05221877907925,7758.985717414019,0.0700307112413555,0,5
2221,D3126,6.147994940015948,285.3624107142856,6.364938111658233,299.8052806580218,3.3224727725888794,152.3071090664826,3.388585071863405,164.64481392200628,0.7141571912665383,1,-5
2222,D3127,0.8761406036037392,40.102321428571614,0.8730522686437469,47.16217413145638,1.0223961014997367,47.007697151778174,1.026270700428793,52.06907990796204,0.0448878196601496,0,-1
2223,D3128,3.521343236314777,617.4147321428567,3.453084653880549,655.8848895753931,33.5312396966198,5114.437378088674,28.712147323724064,5119.198381797357,0.1167732116145742,0,5
2224,D3129,3.48049300160751,586.5058035714288,3.4163204408812144,610.3607322736895,22.810876056789045,3506.0372391309525,20.47148660444567,3510.8172442945897,0.4023397735585671,0,5
2225,D3130,2.832636325151723,650.3473214285716,2.786362457283746,706.2601964774373,63.429423487965686,11191.029472212802,48.15448442311813,11194.025690666103,-0.1267055285400151,0,5
2226,D3131,1.9280452970211972,138.6855928571427,1.9429709543846647,158.4587625408214,1.2417904573521694,88.98443487015616,1.2433983913100122,99.93420841296386,0.5595147182767319,1,-3
2227,D3132,0.8784246579325158,111.69598214285736,0.8741561699221104,147.57302600754102,17.641072253325987,2061.140304366568,16.20795148239402,2064.4741298586755,-0.2916821225384445,0,-1
2228,D3133,1.6148719709723516,23.06089285714287,1.5990781073130018,25.546901435110858,4.694062038049679,65.96874394736913,4.583623500285201,66.8989028268277,-0.024100308044401,0,1
2229,D3134,2.347102697280357,353.8008928571431,2.316694621026027,374.74602497772713,23.301939871364603,3180.024968133058,20.86832443368232,3182.139537081908,0.0345073996058577,0,3
2230,D3135,1.1664958264408845,173.8166964285717,1.157259406251576,203.63668905466864,35.281598410035286,4484.787224671271,29.989258100389197,4486.252686581364,0.4067485179027974,0,3
2231,D3136,1.079908402069965,21.29691964285715,1.085363784890212,25.932298970257406,2.0198131141228477,39.59450458451696,1.9932062956926984,45.60375877284353,-0.3309214883280703,0,-5
2232,D3137,5.517765511229744,714.829017857143,5.786689112141832,928.3380283015108,10.813345063293404,1333.1298011127326,10.159316374967654,1467.8023058517977,-0.4344021879610687,0,-3
2233,D3138,0.4756383622765675,98.5848214285722,0.4771518147910271,136.59879556079864,48.08375685462198,8033.916192132493,38.76334609072723,8034.819452346176,0.1164834124863165,0,-3
2234,D3139,1.451761519433206,54.9181696428571,1.45834766996988,67.53937050092955,11.10361561934388,444.0530833438956,11.774700728704955,449.0865634145221,0.3617219187071619,0,3
2235,D3140,1.3377371226821186,180.86160714285688,1.327856781974565,190.91487449241671,29.386519055540607,3484.7256538518377,25.621034019077708,3485.3974277253883,0.4494388550083943,0,3
2236,D3141,1.5500363441233365,239.98258928571417,1.535980659088176,260.9649653691307,3.5324056364478404,541.5014042104107,3.468763380875634,552.4759639675256,0.4316936342937276,0,3
2237,D3142,2.445677995370874,148.54538928571432,2.414160718912344,153.61057928619255,30.19743337519158,1612.0393808944648,26.234664755476096,1612.5798900480995,0.3770793122493023,0,3
2238,D3143,1.8218190099340303,238.76874999999995,1.8033193358464583,253.7184448074105,9.90517527545397,1247.3379275120865,9.435952406335948,1250.2842913864424,0.2348490267543845,0,3
2239,D3144,0.9102860757614692,135.43705357142895,0.905384348213896,147.77506994562077,22.702247778375,3046.8573432361254,20.38774955558804,3047.099204543202,-0.4804655766001576,0,3
2240,D3145,0.9026137028971352,134.00580357142866,0.8975926644722789,149.39846730820298,0.3546530903220272,52.86884432739616,0.3535889342183917,74.11231848116859,0.472478256875369,1,3
2241,D3146,0.6999315709862558,89.12276785714312,0.7025811759010845,112.8997303112489,19.919747145108666,2306.5945278623003,18.11342627553149,2308.532140632149,-0.1371862932396417,0,-3
2242,D3147,0.8736768735444562,153.3244357142859,0.8700109071764469,177.84375201770234,35.92962416529269,5364.77456633489,30.456851233372305,5365.852268088002,-0.0094593628110626,0,-3
2243,D3148,0.4665765154615379,70.80044642857138,0.4687318260348965,112.3200334717046,36.50348769469721,4690.96407011972,30.86806505730508,4692.029755357949,-0.0374877432100507,0,-7
2244,D3149,0.6561327166391071,125.1200892857136,0.6609195546625297,188.8225887280191,40.33851120321347,6399.321518973594,33.5667806100229,6400.698468326186,-0.2634519498606085,0,-7
2245,D3150,8.96105054222077,632.4092857142857,8.484075591436971,713.2504805091941,2.399274130951048,173.81973751628323,2.3960954629309,197.0650042360556,0.861026764811326,1,3
2246,D3151,0.9304014683827346,158.29241071428623,0.92445275048098,186.55126091565023,16.616701877616283,2618.016973257233,15.340541186223849,2620.1619594877407,0.2868704085959997,0,1
2247,D3152,1.0453082347868037,123.4464285714287,1.0440223915704636,155.4450391287294,1.80414866241794,211.40982047288176,1.7882015187014746,243.76760440043012,0.2154078472099267,0,1
2248,D3153,1.5005042055481503,241.92812499999985,1.4873508952571977,262.94560811401834,21.01345325819102,3085.464757770156,19.014074922792307,3087.1877339920607,0.1618461725647669,0,3
2249,D3154,1.1242858065490655,219.62410714285684,1.115640479976797,258.3908676295082,46.92419377436613,7451.111410519346,38.005744607869815,7452.442420495318,0.259794230327875,0,3
2250,D3155,1.0274108514528002,149.34062499999996,1.0207475069650187,168.47968727746257,16.230178055418694,2191.626078070259,15.011176260056637,2192.5812967046986,-0.4104977412764435,0,1
2251,D3156,1.100301934709719,132.01116071428558,1.092518834272252,150.52112195865377,0.451720545769219,54.529397563861885,0.4493646540501468,86.34647902106887,1.19205981223081e-14,1,7
2252,D3157,0.8727082909187648,112.4919642857142,0.8676100016042434,130.63030013170751,1.576441829970358,202.4928434177517,1.5632366182798891,209.78611423839007,-0.0271423201319073,0,5
2253,D3158,1.815515585451436,250.83705357142884,1.7971709461570256,266.17167647745146,19.626405204092357,2490.307151777696,17.87117045733688,2491.739516021959,0.1926564015839617,0,5
2254,D3159,1.6100909484273302,71.99116071428573,1.6334727376412834,95.62632278788637,1.3068050777759488,58.50639813506742,1.3099700026997765,67.55576595587033,0.7045916524836822,1,3
2255,D3160,3.475113591281674,103.52593749999993,3.373380579843064,150.51119653795467,2.0163688509636857,61.74465638492578,2.0472112601998878,86.14639979152045,-0.5005321173560694,1,-1
2256,D3161,0.5745199827455061,99.63928571428576,0.5731001870482256,117.675677441789,17.93783306106807,2856.2707487701605,16.460466626648426,2857.598172706864,-0.0230676154340212,0,-3
2257,D3162,0.6398425088973377,10.962410714285722,0.6390597538106539,12.572710516073382,6.028328106438453,100.37460174705336,5.850046063552675,100.98046783686948,0.104884447839071,0,-3
2258,D3163,5.231783622961874,197.70042678571437,5.17936106507002,232.2903715520929,2.265074146433509,83.65697171929936,2.252703486143235,105.32978746585012,0.9083356060830152,1,3
2259,D3164,0.5254580013134182,12.289330357142816,0.5230659673903267,16.558763887066902,14.516910870102606,369.0125746428321,15.752520064407651,384.227819582805,-0.0190711475049379,0,-1
2260,D3165,1.0590932307303262,127.1285714285715,1.0658728021627992,147.87186847608024,0.6383147397707692,76.33716444650963,0.6368103898660438,93.1166572888813,0.7105263645763655,1,1
2261,D3166,11.318865259957343,345.7796428571428,10.630843482692546,372.8194985799811,4.121032364893558,130.8929864448291,4.036211277282333,143.06390981569965,0.7591098269271394,1,11
2262,D3167,3.407498826258885,49.29419642857142,3.3453455753999264,54.05672166477411,2.2697595899740923,32.82341667248303,2.26222254503777,38.93559727998626,0.4891773423393936,1,-3
2263,D3168,3.40736304351245,12.958642857142848,3.3436841840041245,16.552618422660657,3.3494417555389218,12.742031358689603,3.462420870956802,17.796685486258458,,1,5
2264,D3169,0.9305752971079088,11.650357142857112,0.9316714537787948,13.720904701842828,1.4934154397116772,18.7260607633413,1.5008990678678529,20.552061251256188,-0.1624866616497804,0,-3
2265,D3170,4.387467200989586,75.35660714285711,4.256652675976962,89.90642152647621,1.1138632670559705,19.15655682387809,1.1072081034321093,24.63950510421961,0.9476398396238034,1,9
2266,D3171,2.342940048745396,99.27624999999996,2.3091565241221828,111.52191641863612,0.943501733944436,39.98329753268685,0.9378156251127951,49.44156633391973,0.8230548154707733,1,7
2267,D3172,4.019141343422893,419.8175,3.9285134975632143,450.8485617743699,1.8912074674449717,197.9692470930104,1.8739022606812337,266.0085405036795,0.5758181233505181,1,5
2268,D3173,2.5219247734246086,37.4642410714286,2.5655287620527205,43.37023389154042,1.0125968235198812,14.87115340912458,1.0142960809386146,17.49683288809841,0.7009295608646038,1,-3
2269,D3174,6.072982371612952,241.24508928571424,6.297301944437154,260.43109362545994,3.4416661007888774,133.1664504761421,3.4384080258891627,148.33681985515994,0.9176772103063002,1,-7
2270,D3175,0.8237056843698907,12.338749999999989,0.8192071956497442,14.26500174276125,0.5798072231386784,8.68629881740529,0.5781654745170414,10.15274201767394,0.5296666251532719,1,1
2271,D3176,0.5549076171140731,79.16205357142879,0.5557894439971334,95.34690724100147,27.356938283754246,3432.5831233846725,24.06378709929452,3433.8497200093857,0.1932388091762361,0,1
2272,D3177,0.3530607766805831,42.36562500000024,0.3534988298087754,48.48994640483485,6.416891450813819,745.9595842428986,6.216713701847549,747.4363898246071,0.4037295567132126,0,-1
2273,D3178,4.266013750949294,28.94321696428572,4.379405201246134,33.26850084101552,2.360718763947964,15.828094564298908,2.3598384388328544,19.672106583440392,0.5469302933765704,1,1
2274,D3179,1.9991779763920252,28.083705357142858,1.9762386236275813,30.309246531494622,1.5854129786705524,22.255400145346,1.5695023310973593,25.177387402350156,0.6130395465211539,1,1
2275,D3180,1.924996513589634,176.52803571428558,1.949460792178734,203.25781198992823,0.9545581652031592,86.98863516838901,0.9570103053212567,99.29458946877618,0.7368102553441944,1,3
2276,D3181,1.4567189323372054,21.583125000000027,1.4434101625343885,24.31605948282582,0.4278863329733194,6.356761333738226,0.4275866712916044,7.958905235266651,0.7986583486516078,1,3
2277,D3182,1.4185727009509057,24.18870535714289,1.405885807932876,27.320288270803044,16.118389306821694,255.72063976162323,14.91375525611274,256.08551163523805,0.3707991941738061,0,3
2278,D3183,2.363851357265836,95.15798749999992,2.330209365176004,105.35178327038136,44.75863824425182,1485.8955908736664,36.570370347417445,1486.6372468558643,0.2771448135218851,0,9
2279,D3184,2.7956970023050887,506.30669642857146,2.750894868925319,547.4155757260046,50.50065407958401,7388.841011732324,40.31685572127258,7391.791857915048,0.1365160657524615,0,5
2280,D3185,2.056183137484064,351.05401785714224,2.029748357188554,396.0663819405271,32.27096639961406,4780.211724499536,27.783544435726704,4784.083907766777,0.309315879785571,0,5
2281,D3186,8.095171599154892,388.24651785714286,7.618628251655965,518.7119625318669,1.325623379938374,66.77434369987915,1.3184687914665194,76.80642507368326,0.8246221944304495,1,7
2282,D3187,0.7015862655196727,134.2281250000007,0.6984987566601873,150.74473975993465,41.16869868031316,6552.273845738373,34.140780158103084,6552.506088606924,-0.1901944272459723,0,1
2283,D3188,1.6373165533538774,245.11294642857135,1.6223135038764758,260.6826360398805,30.04627275737693,3939.9205818709,26.12093578432278,3940.8394751433216,0.161592922538647,0,3
2284,D3189,1.726751494158916,184.35044642857105,1.708951331499241,202.8833704661833,0.9065935959737867,97.4402831394552,0.903368249189774,123.6768733385343,0.5972402204964851,1,7
2285,D3190,1.5731838254779826,24.073214285714275,1.5584688303559957,26.40799538082133,0.5513298396983476,8.46126022104269,0.5491948971581239,10.205095037253988,0.8762071898907674,1,7
2286,D3191,1.5450374580351474,17.713794642857174,1.5307772647097788,19.466548259616413,0.701714335953425,8.08473308617202,0.7012952133381543,9.96582794146111,0.7315074442261355,1,7
2287,D3192,2.026042347160239,22.904910714285705,2.0017987571828773,25.07574068215988,0.599659494549947,6.794740352025315,0.5969456522711312,8.45603741612664,0.8834465767205061,1,9
2288,D3193,1.7011999266836906,192.992857142857,1.6841962257793155,210.51753348094712,0.5312476990177203,60.44146133950316,0.5294975612149866,69.98861598988613,0.8878778058337594,1,7
2289,D3194,4.333545233373172,37.88853571428573,4.46584960796779,44.378123027371046,2.0163933669782708,17.52988907534472,2.0224920757275084,21.829992907276736,0.6775308354374341,1,-1
2290,D3195,16.566602207675732,223.2925892857143,18.561396921458684,250.89928282699952,4.545031941874651,58.87892851033035,4.648563257306813,67.18932643188096,0.8919602152341434,1,-9
2291,D3196,3.5488871485392472,60.32794642857141,3.477058504489776,67.96857612087773,0.933099843298588,15.8858265044812,0.9265117961812434,21.221420540068426,0.9356198549623136,1,9
2292,D3197,2.546076271216412,101.91258214285706,2.506333504328679,113.90997337297412,4.119050730159754,163.6105500378038,4.0283298766571285,171.4824204654711,0.322358589812124,0,7
2293,D3198,3.695536482492419,489.834375,3.618536169672775,526.5570234057082,20.83474975514217,2542.453203166316,18.86227256758484,2549.046281211867,-0.0829498183270033,0,7
2294,D3199,3.4856314293199144,619.9553571428575,3.416759085030338,667.9423553598812,39.90167045896908,6006.214152347772,33.26009726265232,6011.153372230234,0.0386675515541475,0,7
2295,D3200,2.5107450969476104,377.28883928571446,2.472711823066084,418.47708115566746,12.11064391138676,1734.063817806729,11.413546446274376,1742.973938575382,-0.0087033308862589,0,7
2296,D3201,1.6658704076187285,64.94309821428571,1.6500001045305253,69.87517338615689,22.21122311608477,784.9530476585923,19.989578028208317,785.370038522393,0.0695545978089152,0,3
2297,D3202,1.4102669071989926,171.20133928571417,1.3983958080580197,188.062210503682,17.81417689201833,1997.370910694124,16.355769965486445,1998.7942601675925,-0.0219894257265409,0,1
2298,D3203,3.3561996802724203,111.55044642857143,3.435595474574448,145.0096069573773,13.51692890486138,479.6342272909068,14.587992388490909,496.3925031081818,0.0314944610885967,0,3
2299,D3204,1.6260809965068064,30.38370535714289,1.6120265568740404,31.490448502727045,16.476064444930774,286.5834610754365,15.220838612558875,286.7791533838324,0.6266799608201504,0,5
2300,D3205,1.757872599329772,34.137276785714285,1.7409297003584117,35.956478582264296,23.779144583203426,416.15367537219976,21.25123027641443,416.3009813055867,0.2934656122897629,0,7
2301,D3206,3.427467978792053,225.40870535714276,3.32410046781169,310.7947255195013,2.405429527337681,158.9002071407749,2.4033539214214827,187.0947241948944,0.6710763548579862,1,1
2302,D3207,2.2916101644077385,344.89464285714286,2.264367346308588,353.7020274923966,8.533076077719134,1245.2359671779964,8.18218078205595,1248.8821122428856,0.5947399750680538,0,5
2303,D3208,1.3559540693307397,24.084642857142853,1.3457662124670593,25.50991987110812,0.6492999458568307,11.613748863035442,0.6486868567448688,14.372791547934003,0.0900455899346703,1,7
2304,D3209,2.287124885748262,39.91361607142858,2.259737030646788,41.13505479049697,16.42482733673915,267.7162538873831,15.176528367292311,267.9845148817598,0.6158558250158194,0,5
2305,D3210,3.273126425760052,269.2610267857145,3.350781278799225,318.40614443029455,1.5549948291346165,126.74530705456029,1.5527949370923786,151.9030755983251,0.6164476220234978,1,1
2306,D3211,2.2428731438886715,307.66428571428577,2.2751887913311872,350.8299403051413,0.8110437295437251,110.2666804740958,0.8098072729064071,129.19172579450358,0.8203879646686258,1,1
2307,D3212,1.5557749131074894,15.253540178571413,1.5742743820642506,19.34441237646077,0.6155602185061704,6.060464447930534,0.6187478979568,8.226979581838137,0.8833056165114087,1,-7
2308,D3213,1.7364854774774423,17.590861642857117,1.728503004876304,22.68441663125715,1.72434532761011,17.72490784089481,1.7423954970129034,20.824520605637236,0.7595472442640022,1,-1
2309,D3214,1.9110404650811808,30.067544642857097,1.8905085830069648,32.098156676445875,6.111517527552316,94.1253003216597,5.927851470100132,94.83976734111118,0.2752850561330586,0,5
2310,D3215,0.6746829389091015,87.74374999999964,0.6784164377631184,114.58418891996546,2.8081196524880707,369.6682799112796,2.849716424463835,376.60448489086144,-0.3359939935578855,0,-3
2311,D3216,0.7061411989201115,98.64866071428604,0.7035370508214323,123.65022248071892,12.584959814192889,1655.4428473891123,11.83757414332334,1658.8079530968878,0.0439417966318036,0,-1
2312,D3217,4.116297259864266,69.77202321428571,4.221920475620811,76.49230074857643,1.565604422843923,25.979841486606592,1.5605646948492364,30.37634501946893,0.2658082708077151,1,-5
2313,D3218,0.7124014089730011,79.90580357142855,0.7141920728871354,94.76338591896076,0.5174073347512165,57.87647865714085,0.5162125526627181,73.92244303940247,0.3338221373206273,1,-1
2314,D3219,5.868212745668296,147.91160178571437,5.634891371688961,176.99422423013146,1.6620544761387943,42.274796144802295,1.64861856922418,48.30605240302075,0.9311264572112804,1,5
2315,D3220,0.7123853500817184,77.04419642857154,0.7141639265045183,91.09547711852076,0.4377920547195577,47.31217727891102,0.4379836974422378,61.270990790080255,0.4966693980806454,1,-1
2316,D3221,0.7232455525885991,12.666517857142852,0.7199640334845181,16.111482744542133,11.439816114282516,189.7456156263061,10.818534126575486,190.1947541308531,0.0566557908878527,0,-1
2317,D3222,0.6083352962067712,14.926258928571444,0.61047024049468,19.729816538770105,0.7841939565490021,19.1612158146823,0.7793460873907181,26.450689827175093,-0.184123543193042,0,3
2318,D3223,0.7164220727421368,11.06419642857145,0.7133849896361184,13.986500048037389,0.669456597506663,10.326504845256345,0.6673441016867618,14.165172145952951,0.2195976672546064,1,-1
2319,D3224,0.5928842130189746,9.643883928571444,0.5941196126264082,13.590332913089949,0.7757192689486692,12.613266376319755,0.77690225303659,15.336424885670786,-0.1900930916164775,0,1
2320,D3225,3.214445455516288,84.83618035714292,3.159844884204656,88.1689432529577,0.9088536373963548,24.283827350914407,0.9036809995366591,30.37402845667177,0.6713185363457789,1,5
2321,D3226,4.689187024881434,83.6694642857143,4.555621232464122,97.54285573371072,2.9924093839596666,53.800755462863776,3.0145876897954724,62.0405638046684,0.4476974574064478,1,3
2322,D3227,1.0394561100877877,41.05721249999998,1.0294703810735335,61.61891329906957,4.2239054752516445,163.02031747177958,4.125640694667946,173.95303174130606,0.4668043259757025,0,5
2323,D3228,0.7628328320618261,16.348258928571436,0.7582899223242392,20.535612862036057,5.405548797387738,113.05970987019536,5.261595196018801,113.81046125168156,0.2934258001287678,0,3
2324,D3229,1.0976940492217864,188.76741071428555,1.0891928083108309,225.67018288316743,32.57822994523138,4830.071186493784,28.01263563722897,4832.351235256308,0.6367723214186025,0,1
2325,D3230,0.7874453625652169,124.40044642857136,0.7828175144959519,152.6824416867963,14.62595692449518,2156.560497108639,13.62743572919922,2159.194261835308,0.5994737755595873,0,1
2326,D3231,0.4633463493088161,19.02590535714281,0.4634115748987656,22.5540869839642,29.47652131421301,1056.9922310196814,25.68923685322649,1057.2399329920938,0.2630883948187047,0,-1
2327,D3232,0.740159414699012,45.59187500000001,0.7362802317207315,55.078125393110405,1.1109213250981729,68.50066928005046,1.1056088830651205,83.94320499715002,0.7768396334252103,0,3
2328,D3233,0.3743998743017965,73.70446428571371,0.3734685738636759,91.63913875758593,34.196940749415475,5753.592502489278,29.203217518587287,5754.006451498339,0.1840265403403693,0,1
2329,D3234,0.7193139703354337,13.834923214285723,0.7162690665480904,17.711874448464517,1.3894707476526398,26.45950911935964,1.3758917702808549,31.494211418799736,-0.2819079101178044,0,-1
2330,D3235,0.7399490806942367,10.29361607142854,0.7377216785096747,12.8255341204306,3.792077613990451,51.80277559986943,3.7186281391888567,52.93662879825176,-0.2588096830981335,0,-1
2331,D3236,1.1373830119511008,13.455401785714296,1.1442248227570244,15.988462358817706,0.6241146063013097,7.367480644444283,0.6241832828723373,8.64785623685814,0.670584949222954,1,-3
2332,D3237,2.224590195718001,129.4190178571428,2.2555866253574504,153.7328613411537,1.1819211527943283,68.69367050969406,1.1802932943335571,82.73199084390154,0.6165340074265723,1,-3
2333,D3238,1.0038446424756553,133.50178571428583,1.0108936638149817,170.468327598665,1.3054759293448317,174.56510108056708,1.312978721327493,191.65764892438912,0.2013683957445489,0,-1
2334,D3239,0.8609884809308925,121.47276785714324,0.8639978011305267,147.43670657942224,0.6227532798757629,87.87130282232569,0.6233503669902568,106.73449063484352,0.574034647399799,1,1
2335,D3240,5.260469922398356,30.48179464285713,5.194844228924142,38.69058816370826,4.554797826123788,26.412659811690343,4.557971448289979,29.04142895467354,0.7307669114711184,1,1
2336,D3241,1.1886907326359952,11.289169642857148,1.1862049815177207,12.535124621265137,0.9989036648581344,9.48522082286194,0.9973715904263158,11.101070168224576,0.2834529010946569,1,1
2337,D3242,1.205640728056576,204.67857142857144,1.1916531719574093,287.4206088364729,48.21083384860337,6594.650167324973,38.84294169186997,6598.178829880481,0.0238016574799505,0,-1
2338,D3243,1.2811501291499017,48.88613928571437,1.2696410905174975,62.10592974606622,60.05562566931562,1761.9453551045724,46.182919558099655,1762.7866354243097,0.3347991545001809,0,-1
2339,D3244,3.4064940066517133,306.72866071428587,3.322953749951595,375.5714994371288,2.052859449478309,186.91739505414287,2.0407741405219952,224.7384229125313,-2.336245157256632e-15,1,9
2340,D3245,0.998636738613623,164.56562499999993,0.9922407061709396,216.03454852852576,44.245249892705615,5968.0903315202,36.22697670696775,5971.030689263259,-0.0998804056603503,0,-1
2341,D3246,0.7744097080431125,17.913351785714376,0.7701299744139669,21.66696133809642,0.663738429802617,15.422794365988691,0.6658574927531912,17.979644569488414,0.6519492161306617,1,1
2342,D3247,0.9482416876556576,106.28124999999989,0.954300918307013,131.11635606637725,0.8691811642036483,97.318003889255,0.8749128475316054,132.69964662073,-0.0390769829807019,1,-3
2343,D3248,0.6166324245901968,78.12633928571475,0.6133875567536744,107.98380088138332,0.7985316677670945,101.08880180106254,0.7963736414542477,121.91250317384312,0.31802271998721,0,1
2344,D3249,1.2091453501608227,104.30433035714266,1.204704081408384,116.3819144853705,1.0979646711570388,94.65781554525256,1.095803241171737,111.45296324964175,0.4201339827513205,1,3
2345,D3250,3.4542980725258285,218.84929642857145,3.3799828669963623,247.4562876628808,0.9428559057959568,60.131980235649216,0.939262367764153,77.952533469883,0.8364309248514478,1,5
2346,D3251,1.5806429187335873,12.494660714285716,1.5803445600067392,16.46949923410914,3.6022867446187936,27.81953549273098,3.519382037819572,34.36068767899414,0.1677126218630637,0,-1
2347,D3252,1.579856702672033,13.250883928571422,1.5820670353746398,16.077581634144074,0.961292161014336,8.08964042722582,0.9651601303502664,10.007525491268623,0.8052763969583189,1,-1
2348,D3253,3.814544875587072,97.13330357142868,3.740497567584677,99.0709843730387,0.901667225804774,23.281525674261697,0.8956723544739555,30.221431877777786,0.5326829045454521,1,5
2349,D3254,1.3026303794310266,29.88381071428567,1.2990293913506992,33.18111694315946,0.8360781651141405,19.13254802761776,0.8340680192207526,21.238288112013507,0.8333056287759562,1,3
2350,D3255,2.5717102750610232,23.00162946428573,2.5150454553836927,30.87326810746351,0.7026012915881333,6.317676066702226,0.6985405708074567,8.952147972954753,0.9473066392367206,1,13
2351,D3256,6.0433949581698165,73.3264732142857,6.304426286044908,86.18440671003621,2.39459228262593,28.782139575820047,2.413377186777144,33.74285845666618,0.8236402232230803,1,-3
2352,D3257,2.569834670733337,28.19883928571424,2.530798622552564,30.95351508011216,1.147389433172489,12.720337330217069,1.1444262128380134,15.866836914316144,0.5077536186133621,1,3
2353,D3258,0.4536865454124467,7.971651785714292,0.4540886140537828,9.235757642139085,0.6471222477167756,11.352587371785472,0.6460987598647239,14.345186475059863,0.3595608055413676,0,1
2354,D3259,1.0437291311837729,18.151696428571427,1.0447987387505544,21.992257760291206,1.3505197474293016,23.452216146831365,1.3435798060090502,29.688305398597045,0.2735117007383183,0,3
2355,D3260,1.2272025136715334,80.39373214285713,1.2138365796628856,108.48247403713538,1.3584821164316765,89.19341605669835,1.3643987566179374,96.89891239846462,0.6975925788276783,0,5
2356,D3261,2.051814344967378,117.07138392857124,2.080599965581776,138.89667359896782,1.457957266031816,82.7901460431556,1.464345277278172,93.63276876365236,0.4189450506955718,1,-3
2357,D3262,2.665392215605635,139.1600000000001,2.622126508489068,156.360380443312,2.777569282728129,144.92099167741344,2.731180295209758,161.24949454748418,0.2282954971077728,0,9
2358,D3263,1.3291340051018432,101.8856696428572,1.3317023401237933,135.9763723656179,1.1823852083023143,90.66430570092982,1.1760714677184605,118.67724516962986,0.4326662781450369,1,1
2359,D3264,0.6362945921355732,11.47477678571428,0.6347576155154373,13.62622800105849,0.5253072181631784,9.484357949104815,0.5259511097512273,11.967073289167626,0.1292065245262436,1,-1
2360,D3265,0.6272181293337519,63.605803571428496,0.6261824401223793,79.60243563790375,0.5956382725015822,60.39864364317886,0.594406239178112,69.61248520164943,0.6823256529016507,1,7
2361,D3266,0.7139260226931119,107.56473214285688,0.7175245302783205,127.39588143055778,0.3862101649537039,58.04980428279733,0.3859085524492468,72.02256968409179,0.621279415054825,1,1
2362,D3267,0.5156014238841085,84.55803571428585,0.5167711332331489,106.63696411167864,20.02341824133605,2980.3984416613966,18.199795246784124,2982.092073517388,0.3486262719083666,0,3
2363,D3268,1.7932454064225938,303.3499999999996,1.7736163484507803,337.58558424619986,31.48925651982238,4634.335506024328,27.203389194364565,4636.787986025105,0.1878528887085098,0,5
2364,D3269,5.1811173642289,75.25421964285714,5.037642484592616,79.16977480118534,1.680951921477131,24.783528272721664,1.670025502328953,28.585806935219008,0.8158913775236121,1,3
2365,D3270,1.58717152376162,192.3138392857145,1.5731499176755563,204.02162234822745,15.25765743843864,1730.4888762529306,14.175077297970748,1731.6922536924385,0.1933444860517509,0,7
2366,D3271,6.328316224326136,369.62035714285713,6.558370112938708,387.9975033282442,1.9358528706776272,111.1470542260682,1.9615550118167009,141.39375219228813,0.6085689858192331,1,-3
2367,D3272,0.7748176929068233,12.46482142857144,0.7708014945753812,14.465728996555466,0.4618326475633458,7.430062022617416,0.460409976006809,9.10666080552595,0.6081044991916613,1,3
2368,D3273,1.8715628318068092,278.6397321428572,1.8515398156448628,300.0430300566948,16.558440530854355,2295.922797328603,15.290389788156128,2298.418727440747,0.1349819573459309,0,7
2369,D3274,3.092590583129537,82.36084821428575,3.030457072588526,98.30439013682452,1.6844550043364543,44.89837395853634,1.6821019518651037,50.74739047581748,0.7087435847381615,1,-1
2370,D3275,1.2809533603475345,11.40903571428572,1.29178528486938,13.04616319371366,0.6004823207095207,5.325378445636123,0.6016661887266369,7.639725076003533,0.3129634325029587,1,-3
2371,D3276,1.140883574529725,120.60714285714272,1.1320558156926284,141.20089583813228,0.5528054695580424,58.51677227138407,0.5510925161739957,68.25753144855199,0.7547114746980048,1,1
2372,D3277,2.0055431679905573,291.57053571428617,1.98111397668436,323.71383453372385,32.08270136125233,4055.0898894236966,27.64573363779535,4056.754675938029,-0.2993197051959664,0,1
2373,D3278,2.7197067811174502,411.43035714285753,2.701320393582813,489.2333880982925,7.799695978510114,1146.8780204993086,7.466397233760014,1233.5377220460405,0.2443845310174574,0,1
2374,D3279,0.4979123755525289,84.80982142857205,0.4961525326059164,101.7365851436762,5.899670355692402,977.0628536683064,5.729587774818603,980.44844020275,0.6912039343728233,0,3
2375,D3280,0.8956645570258245,110.85044642857144,0.8908849678083477,121.46612026950514,0.764178617178439,94.59495422513854,0.7612845785686101,106.01559147910362,0.1740956611638507,1,1
2376,D3281,0.4400223592510244,6.667321428571427,0.438641900578557,8.073076938885245,0.5826885206565017,8.818604780320097,0.5803745255404567,10.547265432142217,0.6928294224763548,0,3
2377,D3282,1.7825041301941351,238.1678571428572,1.7640781953244875,257.9817204816625,2.2173404478981524,295.58494069612203,2.191203868446192,306.9652965097368,0.3463293259286044,0,3
2378,D3283,5.865342441341322,415.45758928571416,6.068723216938006,442.6795938636317,1.1176686992839175,77.77671088618861,1.122340343706658,95.46567110825988,0.8778516283022146,1,-5
2379,D3284,0.3503676185261706,30.288273214285773,0.3504469508134292,36.128273893653855,13.64755924309142,1104.8205272833145,12.774922669271575,1105.5246081904745,0.4507654037652098,0,-1
2380,D3285,1.3205704023178315,21.512857142857115,1.3099510221574633,23.85902997224566,0.4159126740280521,6.804443856737716,0.4148833386525914,9.052829333559254,0.7568003289023706,1,5
2381,D3286,0.3636955358865248,53.29508928571418,0.3638309448220507,65.11598441075155,35.93914620440279,4464.529494462513,30.464440910939175,4464.797642623769,-0.2702042207016606,0,-7
2382,D3287,1.3871181573991092,10.115370535714272,1.3817381794627392,12.911596832080276,1.104858225068836,8.027348513535596,1.1042945130339972,9.47131464588244,0.6614107181165017,1,3
2383,D3288,0.9648783099869505,10.682098214285702,0.9676022852883452,12.176814128328004,1.022246024659364,11.282481163773973,1.0209347398884123,13.029366403033034,0.2135909578458383,0,-1
2384,D3289,1.029937650841238,82.95383571428569,1.036340342527482,95.43641977965,0.6812535331536302,54.85499926803498,0.6818061419677158,79.32212531189859,0.1478147747307497,1,-1
2385,D3290,1.282426578577896,19.346339285714294,1.2944677434605594,23.294188275659558,1.133247390069235,17.09714070503563,1.1384491474119016,19.893570883391103,0.392680638473787,1,-1
2386,D3291,0.9211897738670954,32.4808928571429,0.9196769178911636,38.68107178161054,0.7688618610749243,27.053318481869805,0.7707526354514599,39.46107312297293,0.6850101919785483,1,1
2387,D3292,1.3661075272638767,32.6539517857143,1.3551439509643912,35.5693401586461,12.018475827164174,272.6518629655665,11.33609031570029,272.93176385450084,-0.1739701721333397,0,1
2388,D3293,1.4460508989734733,172.84821428571428,1.4335350507084224,190.17543287148607,10.48950963212173,1199.007811532975,9.965383100738924,1200.976475123792,-0.2093673289986067,0,3
2389,D3294,1.6164599771967036,177.43348214285717,1.6012201248349462,192.775577248763,0.7166946955576219,78.74506560311394,0.7102990404307167,126.36330124574444,0.1705949767135171,1,3
2390,D3295,1.8013001200831558,209.5026785714286,1.783751440257415,219.03643268841387,7.235288650961517,819.0197627616864,6.981427280646509,821.3276872262453,-0.008261871522306,0,5
2391,D3296,1.6003478139609433,74.95026785714299,1.60926792604698,96.0372046910844,1.1492549884110597,53.84687389223525,1.1518324399762194,77.67721297153925,0.5985195503159663,1,-1
2392,D3297,1.5794389247063123,230.596428571429,1.56483737754022,250.9590848437752,1.4648617057717834,217.0787447769921,1.476894681779642,307.954725606845,0.4275265113289936,1,3
2393,D3298,6.069484328359291,757.4026785714286,6.188637926547696,800.7704387876471,5.23063981356188,661.0035825256028,5.307754772769488,841.3471761388947,0.2475647372657233,1,-7
2394,D3300,0.9228833688808006,4.487700000000002,0.9268034579649568,5.568244274986077,15.96093499180646,71.68938020704506,14.70580306629589,74.13130732956768,-0.0727626032434806,0,-3
2395,D3301,0.6449321670080908,74.63616071428585,0.6423818190644517,86.37499442771863,0.3515591362186679,40.775405550728856,0.3524211499430298,51.76975343352248,0.0355214630207446,1,-1
2396,D3302,3.3360323664252296,80.90660714285721,3.2601256043180133,98.11124448882045,1.9435837952237185,47.19332328542071,1.927287912257505,57.0211473900454,0.745373859434132,1,5
2397,D3303,4.041887711744043,247.20108928571432,3.950958888985222,264.6704478353058,18.20009850722748,1038.4224239504854,16.67235802162873,1043.14423276578,0.3801733819433861,0,7
2398,D3304,3.805166042650897,278.19080357142855,3.753309483445229,294.7849049415817,1.442202407564834,106.49114206696731,1.4490362943194832,134.24076329075777,0.8217986543613437,1,-5
2399,D3305,3.5174840584621605,86.30616071428578,3.586975981844557,96.32631383362784,1.4825275181668671,36.36293685185423,1.4912991601897236,45.19341302426874,0.8037522078673788,1,-1
2400,D3306,1.877492471492517,310.39464285714257,1.8572270246089624,335.18930190007376,36.54141097873581,5149.119382782844,30.89479876061081,5150.664574951487,0.1394313928999226,0,5
2401,D3307,1.8376170661993116,291.88482142857174,1.8191723233547792,306.82675375396553,39.586038024210985,5292.647749939023,33.04427670837457,5293.618041146041,0.3640211571899096,0,3
2402,D3308,2.2407332535154145,42.46566964285715,2.277788442007004,51.408835572460674,0.8982844297499512,16.954374431749443,0.9019585453276668,20.900039418994535,0.810847144438529,1,-3
2403,D3309,1.6577033844542528,250.8535714285713,1.6420932043588454,268.96515026886243,40.71716319060482,5156.072887542366,33.828681144493885,5157.097157144813,0.3340626351730638,0,1
2404,D3310,2.7790805738472986,77.75314821428563,2.7114292398641004,106.25516272005218,1.141501127092114,31.75655333839209,1.1316895419249928,43.1758175810777,0.8901959452183531,1,7
2405,D3311,1.770780578457041,211.6316964285716,1.791015668580083,241.87379649133044,0.3939214719443762,46.70981252361331,0.3943501593758731,57.0184707550729,0.8833303591966172,1,-7
2406,D3312,1.083794198802778,14.087857142857128,1.075764294505666,16.684000173056596,0.7293439895592222,9.481166736544116,0.7255756986518487,11.65250635291111,0.7032227751269302,1,5
2407,D3313,2.2015899240349794,245.24000357142864,2.1702705069626598,281.216918737501,29.400082885663576,2881.576193101312,25.62841807602621,2884.136847685482,-0.0256011439848185,0,7
2408,D3314,1.9939304344607909,296.69687500000003,1.9694322122336965,333.21365065647734,0.8086801633594666,121.29050087269376,0.8085915407440435,151.6970710141428,-0.0305861983595045,1,-1
2409,D3315,3.0706356313230367,68.06450892857136,3.0121768720229274,76.7567632979001,9.472983818551349,222.4291381977292,9.96094589561608,225.7015166799493,0.5224874925616592,0,9
2410,D3316,2.6188838075664758,428.3191964285716,2.5824515237747443,445.206026265484,32.21305612088808,4592.333769700171,27.742424960229435,4594.274237762408,0.4352250865334049,0,5
2411,D3317,4.584018621791175,107.96012321428567,4.466160712466858,116.20502548916942,0.907233540411074,21.63140144573627,0.9031498326477752,27.52579710421637,0.8570769977908792,1,5
2412,D3318,2.502608293282785,162.05566964285714,2.53884407611141,172.8788549134907,0.9051997890698352,58.01356428996672,0.9103341098622808,68.43874744204591,0.2878689449021779,1,-1
2413,D3319,6.951215078218683,595.2840874999999,6.700018405047683,619.708912909697,65.4870147764419,4363.352266826231,49.32790296079323,4366.227775547958,-0.1660049868415684,0,7
2414,D3320,6.365291399553367,1321.501785714286,6.154249118797555,1374.6043338858362,58.399303457824026,9666.265222528931,45.19546922584045,9672.652723607262,-0.1084216163962343,0,7
2415,D3321,1.8937917655691805,200.45312499999972,1.8689662174741364,241.17155553509755,0.6204545762902619,65.63373148522922,0.6182999477047832,80.21850915963077,0.90327513534457,1,7
2416,D3322,3.623422604462801,531.1044642857141,3.5553656250583896,546.5226898533614,30.82999453994003,3983.145434453501,26.71001005025025,3985.1854690941536,0.1208167963817727,0,3
2417,D3323,3.857213264624073,493.0848214285713,3.775055127481649,525.7689091844013,3.471907829304751,444.6117291685624,3.4072873735823106,466.2282456461663,0.7267328403267506,1,5
2418,D3324,3.636168962484284,548.4901785714288,3.5637250658909414,581.6712198599765,16.016158594954124,2273.877850486543,14.8223952473329,2282.188687177789,0.139548999609369,0,5
2419,D3325,1.4929283468937775,24.11612857142857,1.480942793137789,25.140499517177744,1.42377761434937,23.012403867838543,1.4122739836468552,24.649957772602683,-0.0583187950190199,1,3
2420,D3326,3.835619695902572,579.5089285714288,3.757371555097472,605.3031782323014,2.14965693424166,331.7876611279453,2.165092442694692,386.17661041044846,0.4254837487124116,1,5
2421,D3327,4.373698070396798,740.8977678571433,4.272564807436347,772.7667580821291,44.01034935930733,6233.271254712409,36.06791374106312,6237.70531867121,0.3779725717544689,0,5
2422,D3328,1.7219572595597292,229.8973214285717,1.7054371531100292,244.07556011563108,4.582765444165599,603.1587023786948,4.478957509131685,606.8646173369799,-0.1512350306553405,0,3
2423,D3329,81.90792306723658,2676.6336321428566,446.3997807490827,3766.869481834999,30.401135840370948,568.8201018905553,90.697754955048,1467.1261769699572,0.8610117580698871,1,-13
2424,D3330,1.6695268536087844,67.77273035714282,1.6546868941786732,70.28726513446091,0.4949074829153371,20.243949160606853,0.4945145949387517,25.30413456182224,0.2985147009452534,1,3
2425,D3331,3.596667112684964,540.4151785714287,3.523316577662706,582.7159361261729,27.208736786579973,3655.599487858438,23.943960044023243,3661.807777185941,0.0661723732440625,0,9
2426,D3332,0.9578916309867116,113.55000000000004,0.9522234479778994,126.66210090993926,0.5522618890647255,65.79703168602633,0.5528290610759661,80.55486601415092,0.0038044033889889,1,3
2427,D3333,2.677627965220718,464.3013392857143,2.6411087110826688,472.01369865877854,36.434030526028,5414.768169954836,30.81902714381362,5415.358003567725,0.2519792462612495,0,3
2428,D3334,0.7573722581876534,79.04330357142875,0.753664313336066,90.377957756999,0.5194044279061166,54.51040586026426,0.5207501110772642,62.53802086710216,0.2780756140160632,1,1
2429,D3335,2.911718706535476,455.69598214285696,2.86711214391752,471.50946938337495,36.310225726550485,4877.79738363116,30.72989768869056,4878.7854536083705,-0.1254150527194604,0,3
2430,D3336,2.728052129842374,417.21294642857134,2.6897221650198757,426.721204238509,32.44768053592822,4326.712468744675,27.91732964897596,4327.570371902953,0.2610685850525632,0,3
2431,D3337,2.38058125168705,338.03705357142854,2.351392556130291,345.352879519339,24.77700383183306,3167.205905634666,22.045291456180653,3167.7409792783487,-0.0387935591018101,0,3
2432,D3338,1.8927724842170208,228.0290178571426,1.8713893972769144,250.974272584745,4.649195914269331,551.8243080778748,4.539017476709704,564.632992816982,0.5705350254065635,0,7
2433,D3339,2.1300262826818,246.17968214285688,2.1015168595806526,278.58646744268344,0.846622706048107,98.13175958704949,0.8422922987057837,119.69709530417924,0.8187989398449258,1,7
2434,D3340,1.815789866425182,240.03482142857175,1.795693096107572,266.9670452362757,1.080340333721261,144.49033791222078,1.0839791579006457,182.43561592702304,0.753801434467769,1,5
2435,D3341,1.657259499485423,225.9258928571427,1.6407823983288228,249.11824677473143,2.658827192570667,360.4631139561218,2.6206114879408378,378.1042910233776,0.4051174022927651,0,5
2436,D3342,2.558788087982788,314.0816964285715,2.5219662392071105,335.85747567211274,0.6838623331720836,84.62729858273686,0.6805568399979952,105.340591012801,0.8102230726603123,1,5
2437,D3343,2.231652650354665,47.19581964285713,2.2024778194576418,51.48318489888449,1.0880597441279454,23.22016462246685,1.0887762745668,29.434464355487624,0.3009687163984872,1,1
2438,D3344,2.7457301019332325,281.2013392857148,2.703961311635056,299.101164955589,0.4727771048411883,48.92118497987485,0.4718911567730499,57.99551219192923,0.9040186996027572,1,5
2439,D3345,2.770536531881159,288.4718750000002,2.7280336088396866,306.7674293888076,0.7041069971656995,73.98797424495673,0.7018915815852805,78.68767776378645,0.9173716916167398,1,5
2440,D3346,2.911037075290823,35.834062499999995,2.864027874922457,38.15906917783729,0.717429152443421,8.961023973885322,0.7150710972704645,11.596730728545731,0.6941888396712229,1,5
2441,D3347,2.867668107246708,33.91151785714286,2.824860692157455,34.90374869299372,0.6600153497860086,7.907363826305056,0.6591002486209913,9.917665116442103,0.6732256385987746,1,5
2442,D3348,2.730702923219164,374.13258928571423,2.691727840584851,385.77203205659663,19.942309503431524,2516.6652640775515,18.132308963732303,2518.559150076674,0.2694222860088168,0,1
2443,D3349,2.738997159987865,370.0522321428572,2.699765206869916,381.6713469302121,17.879388334050557,2246.161960151044,16.410314869544255,2248.2208113044944,0.2376794853052435,0,1
2444,D3350,3.5667432674174644,410.79855,3.498923445600672,429.51445051050393,15.309924646401448,1665.0661549737742,14.216514598256945,1670.114512358712,0.2685480720709572,0,5
2445,D3351,4.817858017882696,755.1624999999996,4.69749611518228,779.9025195318308,30.465843216152788,4240.170380064616,26.43480138782128,4243.716798335782,-0.1869239799410776,0,3
2446,D3352,3.009024747778393,431.7562500000001,2.961428925116826,446.87722341479855,18.57984493115077,2474.3740036614254,16.99850022971708,2476.674018914249,-0.1630276143580474,0,3
2447,D3353,2.251114408221195,36.96053571428571,2.2188632372178394,42.140906857206666,1.472422137722594,24.50453943925809,1.4835178374000015,28.97184933402788,0.3549116248078005,1,1
2448,D3354,1.1853214122836833,7.701366071428579,1.194440050399821,9.96563963234716,1.481588011753541,9.607011966935286,1.4679217845233157,11.871614621602411,0.4490984031808965,0,-3
2449,D3355,0.9246964176637448,6.757303571428581,0.9319424798828482,9.531855940984832,3.174153189404317,23.536869432360668,3.233075464150338,25.147881361293805,0.2781062920266895,0,-3
2450,D3356,1.6655590412502153,24.405714285714275,1.6538119835427818,27.01720230190816,0.9406482954766888,13.787949689469103,0.9434289928436635,16.60645549334595,0.8187429347054751,1,1
2451,D3357,1.527368351529766,117.65245535714284,1.5105383164426198,154.54635458689845,1.066192721921604,82.42491998727915,1.0629796969917695,99.56887017094516,0.7719272595109632,1,1
2452,D3358,3.0574608037699704,32.778526785714284,2.986291709555378,41.219012305227885,1.3084454834360773,14.08632163522798,1.3029595871399136,16.73340597885277,0.8214920764069876,1,1
2453,D3359,3.742597899852992,47.9073214285714,3.651321546022602,55.68885801614945,1.153259858937994,14.896985621785982,1.149698972369048,17.215755962454885,0.8599120400722787,1,3
2454,D3360,3.70951909221963,47.92459821428572,3.619545280535649,55.80096168251118,1.3614369557746937,17.675839531043135,1.3555879301610336,20.5398370991962,0.8315038247116863,1,3
2455,D3361,3.4547633150927606,589.1678571428565,3.393818571145028,601.1412166681231,36.15321563664941,5309.501476871109,30.617258390921982,5310.6736632165785,0.0405884873057726,0,3
2456,D3362,3.408662836323152,473.0995535714287,3.34924809972127,483.0027731609193,18.53304988523126,2393.3639056695683,16.95984537842355,2394.9895275883378,-0.0500156590235284,0,3
2457,D3363,2.689351191185898,34.922098214285725,2.6395794176215364,41.48323044459556,0.6621154738557337,8.635199868794855,0.6597195388522478,11.874780619001394,0.8805955653042805,1,3
2458,D3364,2.95392160589459,27.85338839285714,2.887780446657063,34.815727997266265,1.5930718726301092,15.08365012451392,1.6055216355698458,18.610762449057376,0.6584757769480684,1,3
2459,D3365,2.733790709241021,34.183035714285715,2.682486565635247,40.55973000117059,0.8729857762899486,11.004893756508604,0.8694257255227186,13.563286011493224,0.8478695061058279,1,3
2460,D3366,2.557970774874047,325.3089285714286,2.511522091924865,392.68690963809314,0.9394064830428008,120.2383235641082,0.9322608363830632,169.045448314746,0.759036139537438,1,3
2461,D3367,2.930631468650901,31.60616071428571,2.870710118635903,37.87038241757168,0.8781215463349044,9.571778879093586,0.878282001000129,11.065824265696536,0.8697842891624915,1,5
2462,D3368,3.277098551718035,384.321875,3.2141412558038844,421.772544473634,1.0227680681821372,120.9005710533933,1.0177101642456337,144.58627426767035,0.7920474896584001,1,3
2463,D3369,3.314381976318464,435.9482142857144,3.2499218913091164,478.7366790330178,12.076782514250418,1518.873019796274,11.378464285781591,1533.681955249161,0.4380344747082845,0,3
2464,D3370,3.9940904524149294,530.0428571428573,3.903780416761189,572.3962694157533,19.75246110617661,2426.940730017852,17.966737665393843,2437.301488280571,0.2857337582736483,0,3
2465,D3371,3.027880020799685,348.2058035714284,2.9721973419927274,389.1851404490115,1.288905866100583,149.93604282204083,1.2914895970094578,169.98270364891448,0.6976322199089242,1,1
2466,D3372,3.549557638050437,487.0723214285711,3.477284744952036,529.0087767635399,21.53101807551427,2707.014536853719,19.429332745317897,2716.00820806156,0.4382202272894764,0,3
2467,D3373,4.061486422810663,319.08013392857134,3.961127677164868,358.29703963754724,0.8145219024192167,64.71073648819167,0.8166871819760644,80.58913743129185,0.8991739812251849,1,1
2468,D3374,4.851728621401144,414.7620089285713,4.717545394651801,450.7213523866974,1.3560737707725332,117.58407905595116,1.3518616798748284,133.48735621034228,0.8288945525108955,1,3
2469,D3375,4.4704130035935705,335.9831249999999,4.350322121552865,375.3770995346177,1.289020519442834,98.7741016590418,1.2875006207378266,108.61020479960752,0.8214652636841457,1,1
2470,D3376,4.115546639688428,341.94839285714266,4.010192337916077,388.647914403657,1.1093111336642345,93.54830405399989,1.1046254941554905,110.3600987703602,0.8598766526000914,1,1
2471,D3377,4.841848867330018,358.9773660714286,4.7018318157439785,400.5303002524784,1.2795310301393448,97.0980588188337,1.2797856932931024,115.978719362305,0.8266130613531127,1,3
2472,D3378,4.98917396835039,404.1056696428572,4.844676618991734,443.87553250602303,1.047039197821823,86.46019549818824,1.0467767580920004,103.34542387918366,0.86600275319466,1,1
2473,D3379,4.739262958328777,381.0787053571429,4.608398173198449,418.8414406055098,1.257188836587566,102.64484522297056,1.255090684048672,119.58241314132448,0.7884373494815753,1,1
2474,D3380,4.787491129517647,521.3375,4.632337677135119,620.2061561417072,1.2102647193489893,134.82484598813633,1.203842343943958,191.6528348677894,0.8637148873197185,1,5
2475,D3381,4.563404788358093,486.99196428571423,4.42159414101269,581.2918724117168,1.6103160794714608,174.17333101459357,1.5969877320026435,218.39612645729983,0.8425496490922441,1,3
2476,D3382,5.006541066066146,517.6489732142854,4.84447858333915,602.2536743977455,1.4979572322416468,157.98953518505004,1.4915580139054896,198.62270975181224,0.855774294311242,1,3
2477,D3383,5.222504053444395,710.2642857142854,5.069738512165157,765.6085026174497,24.72425198794229,3061.2048411891183,21.989188504289267,3074.7220751332197,0.1342087895985358,0,5
2478,D3384,0.5906038913880163,54.58366071428567,0.5879866596829183,68.44107241980653,0.468758256032846,43.438805505437685,0.4701033709125745,52.79437688762129,0.4541698838056441,1,-1
2479,D3385,0.7762760695792633,86.85848214285735,0.7737666910737765,97.84847713805584,0.5960832500225243,66.81296744712616,0.5965746785319296,91.8912732759631,0.6113010024058141,1,-1
2480,D3386,2.2105974661659045,31.68700892857144,2.1801626862893944,35.707727769503045,0.7036496377987792,10.152543865349148,0.7035105504757235,14.07110549069276,0.5380331619324757,1,1
2481,D3387,2.278447414041503,37.76308035714288,2.2455141399134693,42.97841405576624,0.9666893231751196,16.137335811116277,0.9660662269497368,19.44227093661576,0.3196682594921517,1,1
2482,D3388,3.1438897715521565,487.9254464285711,3.089542517056972,517.5156127222366,33.30507150157761,4494.010560155243,28.54737382532984,4497.075824002488,-0.0207808358128801,0,5
2483,D3389,3.349549793369608,431.4915178571428,3.273577418141916,510.455546390633,12.60158137968213,1544.3130181662932,11.83335062863456,1572.1424259642197,0.35766979643566,0,3
2484,D3390,2.95508546752254,331.6120535714284,2.8920916905252327,404.4131987264132,0.8936285726376818,100.9523104612989,0.8907735304969309,110.75120860772248,0.911509465103134,1,3
2485,D3391,2.9317947544604097,351.9848214285713,2.8703726125365527,426.9743530584041,0.9913806878618054,119.7042996049031,0.9875680775582236,147.36260068517984,0.8444733804214594,1,3
2486,D3392,3.3609276015743963,401.3236607142856,3.2812204184132625,485.3789885435209,4.114560656494257,488.7946772844064,4.003186116117829,571.3892547284365,0.4157055986252367,0,3
2487,D3393,4.532507817544474,55.15508928571429,4.410967882943891,61.035786979341054,1.0608524100667094,13.085500802501285,1.05717528720342,15.24120944969125,0.9003075155014192,1,3
2488,D3394,4.332198330318215,583.7616071428572,4.222265553535405,642.8584829289108,16.899210410253083,2138.370519730449,15.567247368845544,2155.685688040271,0.1624195638947851,0,3
2489,D3395,2.7582039767517923,46.93026785714283,2.706180931881732,55.69199542992256,1.8097228067287832,31.13011227284741,1.809587709434328,35.4934139839603,0.6122568289284744,1,1
2490,D3396,2.984132415291375,47.22526785714282,2.9256138819293853,54.90746639639664,0.9838857982831164,15.788786856674651,0.982859471380299,19.12403856384377,0.7910595452441178,1,3
2491,D3397,2.0052011318865435,304.7473214285713,1.9769619213836795,365.1091378083554,10.270858732586149,1493.6867695616,9.760135900746151,1510.1140847739805,0.434418178633721,0,3
2492,D3398,2.835346499752972,43.11758928571429,2.784633079290172,49.04621308887543,0.8589137075125733,13.196617945644237,0.859819935228799,14.602924330610056,0.8199285192379461,1,1
2493,D3399,3.3591057635251,24.89933035714285,3.300077199706998,25.723113667803528,30.483324475188677,270.7167370662554,35.97148700212268,270.8023853061378,0.3433822266148298,0,3
2494,D3400,3.051225511434199,21.07734374999998,3.001819727834244,21.92722719372908,1.1073186061119664,7.701468898168888,1.0994364867677215,9.571786652495764,0.5261197324939426,1,3
2495,D3401,3.6798693172102848,27.377852678571426,3.6094231491853055,28.21982345420593,1.3234435291662137,10.016101241565243,1.3246486380639588,11.602702841364396,0.6441692849549032,1,5
2496,D3402,3.262991616493677,418.5290178571428,3.1890715067286504,502.2701176734496,10.45238179911149,1287.4925396976832,9.908807925901757,1324.1249700684689,0.4697763466272933,0,3
2497,D3403,5.334133860633422,711.7607142857144,5.168854104698789,783.2723562374451,4.323549657354405,580.6122280892429,4.205104997732521,665.9592397697993,-1.9585554022928984e-15,1,7
2498,D3404,5.3944966866596165,691.045982142857,5.231090369266771,746.4341545013453,0.7973768291201607,103.7153289549568,0.7939023114067986,121.48136923918388,0.9530048473794313,1,5
2499,D3405,5.591754158893325,795.2098214285713,5.417069080521724,857.1223971814059,20.37894598764379,2695.402226580312,18.476252536335423,2714.5444423292524,0.1197012374439666,0,7
2500,D3406,3.6730422081228,44.87142857142859,3.568414599042248,57.07224789020555,1.8487029541358564,22.429653930108834,1.8247083996606133,27.344552619220277,0.8704149897546501,1,5
2501,D3407,3.941245535398219,505.5593750000002,3.853698847604962,544.0139892292485,11.048575035396349,1367.424732959035,10.460848713227351,1380.9343610551457,0.0026507059807447,0,9
2502,D3408,3.886306248971093,479.7834821428573,3.8009116483911978,517.034670861951,7.860125221331073,950.7483978257444,7.553327261071149,968.276299773424,-0.0181583382156982,0,9
2503,D3409,3.866465684693897,532.6625000000004,3.780855813351368,577.7524391783759,14.763682515929712,1927.565544545247,13.740656470292404,1937.808712876915,-0.2271661070962206,0,7
2504,D3410,2.432419654618393,392.1388392857143,2.401619223379142,402.922567670892,16.6951517710945,2513.939411236133,15.407968103447727,2515.194947438742,0.1121894386209617,0,3
2505,D3411,2.507606980328842,190.06607142857135,2.464797228276552,224.14247100643985,1.2350547170479824,93.51609635934516,1.2259684722476465,122.07481737430106,0.737361148338205,1,5
2506,D3412,2.017699253385131,140.62611607142844,1.9894042052905676,167.48732977723884,0.6719729995066337,47.00533510402316,0.671889176830587,64.57434571938063,0.8216193750307831,1,5
2507,D3413,1.7606862471246525,91.08669642857149,1.7421439831140155,102.93566814334127,2.7334178862932275,144.0241974365751,2.778749529261354,184.012736196284,0.2634682488664214,0,3
2508,D3414,2.190489863371271,152.7130803571428,2.15884393554132,180.27120892481796,0.8586763905699676,59.99478298764286,0.8578524737792587,74.77676032787458,0.8472240823040617,1,5
2509,D3415,2.0348952910095752,148.34250000000006,2.00917171486016,171.39082735001014,1.2195911169455975,88.74168873766023,1.2142668468886408,101.5191004497943,0.7092288518184625,1,5
2510,D3416,1.811302867690653,10.549732142857149,1.7888522239910638,12.440506167974116,19.240719691076794,124.68593576514134,21.298276168640157,124.88079744086232,0.3154443382222001,0,3
2511,D3417,1.3160522526432603,156.04687500000014,1.31919423278679,209.8136214210533,1.4616752836109994,171.47185132060193,1.4420677599819078,320.46138089752867,0.4857428427815317,0,1
2512,D3418,1.4377317271540817,167.10446428571427,1.4401621344428934,225.75506358276652,1.4529840351053365,167.21707458395954,1.4338434250098897,309.2068393761132,0.4212356188198479,0,1
2513,D3419,1.4835842416944545,210.36339285714257,1.4828706297606635,279.8205098429964,1.805086177546614,255.56353589807208,1.800240176093317,354.82902797946826,0.3397859512058089,0,1
2514,D3420,2.752621258513002,28.22116071428571,2.810819872531506,34.44405295039412,1.4789612691767684,14.919058854495072,1.4919607452476664,22.066173243221066,0.508579322403466,1,-1
2515,D3421,1.061418009124146,180.3187500000004,1.0644324041909954,217.8126515038416,42.80122502798155,5997.572582015842,35.25281910283575,6000.74184723951,-0.1290280481687482,0,-3
2516,D3422,3.871450280729157,21.44105357142858,3.791541377968645,22.410197233169917,1.616165051714834,9.215735708078512,1.631414107978652,11.766419611348148,0.5409326674827113,1,3
2517,D3423,3.9389784479776777,256.3156696428572,3.855067916083182,269.99404236508536,3.705972128742605,250.13169371234704,3.78022422222003,263.6516327429205,0.6228404181729106,1,3
2518,D3424,3.982579536833077,248.97535714285704,3.8982003705927264,259.981522281684,1.1239248187021478,71.3939595984759,1.1251032736711213,91.72043821327452,0.5835850200823589,1,3
2519,D3425,7.3008358805220785,1477.151339285714,7.012445082671912,1575.4637420818028,48.890225842578936,8206.803124001239,39.27051643583153,8225.090755025894,0.0920601692683096,0,7
2520,D3426,8.163707393617901,1855.305803571429,7.81127464121756,1958.2041961415248,62.03074099118408,11160.78606933722,47.33363026531251,11177.460508915652,-0.0207673965953076,0,7
2521,D3427,7.721230611364728,1602.7196428571428,7.406147373238638,1688.892944213608,54.95173522807322,9263.099371653509,43.09472028871586,9278.197467089783,0.0639452613407682,0,7
2522,D3428,7.1475581709668345,1480.727232142857,6.8721830947070375,1575.049534697065,58.67151591326062,9700.086851138834,45.35224941007631,9713.928238698045,-0.059867307589699,0,7
2523,D3429,1.0946574648866951,173.8133928571428,1.105435717238515,243.13039276290533,24.742657934544884,3502.5220663979085,22.0129984503627,3508.4369661141286,-0.1226689841377849,0,-3
2524,D3430,0.720557256842083,88.02276785714314,0.7173184638154503,104.5408619192799,11.1034932507644,1287.7060451592822,10.517600327611817,1290.2693686349833,0.2818055503122468,0,1
2525,D3431,0.7031979489089973,81.49732142857154,0.702714038019282,100.15979779764996,0.8326209185621285,96.47454216502138,0.8311432634511158,104.03800197876608,-0.0328920290375636,0,1
2526,D3432,1.2698166000907407,15.776428571428596,1.2707641125010485,19.24947012692588,4.588850820745217,55.935065176555895,4.478125204480481,58.18621649742444,-0.2159832576188952,0,-3
2527,D3433,1.6333502785470362,167.13660714285743,1.620969298263749,202.47165320499212,1.198182172772302,121.678766289547,1.1902681106608857,163.7421067626089,0.6488112782665127,1,3
2528,D3434,1.4136495587662732,161.40669642857145,1.403118590016034,201.6178019442379,0.8959630399929117,101.42424881606284,0.8910493907013419,132.067460018047,0.7953710608330669,1,3
2529,D3435,1.3670349978739793,160.29107142857123,1.3577797588042455,200.2639101141201,1.0990760400795077,128.50384127769277,1.0973550189287438,142.47052154789,0.7505015270678637,1,3
2530,D3436,1.463377457973748,21.050178571428575,1.4761263939112474,27.598797308771,5.252026921862645,74.33575224346605,5.102364462828873,78.73039839484696,0.1952533428654453,0,1
2531,D3437,1.4944830111875378,195.9223214285716,1.4940429881123392,231.0119514871703,20.684169989514498,2472.0302196194,18.73332485280351,2483.266665640428,0.4725810851743183,0,1
2532,D3438,0.8614565993719413,91.24553571428598,0.8563914450246954,107.69329274072436,0.6239714467459702,66.15554807902352,0.6212167865749705,80.35877442764583,0.331896502214591,1,1
2533,D3439,0.8258100027314521,94.03125000000026,0.8218971700759735,108.84665598946675,0.5688144705771105,64.85072946779643,0.568975849818272,76.34499180152007,0.4632980235905408,1,-1
2534,D3440,1.1335882452935553,136.56741071428587,1.12570200116472,152.61324808322982,0.5301196867222051,64.0215907144801,0.5294756084843917,82.87274580291381,0.1397296897129127,1,1
2535,D3441,3.0373925844702634,318.6553571428571,2.9891400624338846,329.01719235128616,0.7806537216996866,83.11074354537297,0.7795413159838155,92.8674487798368,0.6910769647509082,1,5
2536,D3442,5.2124755631319575,930.2745535714286,5.071203816751275,963.1364654182786,48.776109487318905,7173.2040719117485,39.2095850727033,7176.465396953352,-0.3041769389501876,0,1
2537,D3443,0.7094651805144666,75.14821428571408,0.7061639071214763,87.41576570476259,0.7093845060585963,75.3292327198191,0.7095992513791798,87.60142005554383,0.4093063245934546,1,1
2538,D3444,1.0343696497374402,116.05848214285705,1.0277378783586364,130.61297264989392,1.1633758991551288,130.44000391792036,1.1552553707894642,143.62949351655232,-0.2399987198014994,0,1
2539,D3445,0.6335926416754533,71.95357142857132,0.6307257692154877,96.88860759844816,1.2068883858326438,137.39798428176098,1.2157311191149778,152.85285300612117,0.0729524503996374,0,3
2540,D3446,0.6492864549829546,85.79107142857121,0.6464215112515751,114.09354851392771,24.19072109808515,2848.006601845163,21.57852562512412,2849.7658008804724,0.063801605735683,0,3
2541,D3447,4.05104921243066,820.1741071428569,3.9607554030512415,872.8591270056684,58.18423283411018,9285.367181271426,45.06724017562293,9290.782685291812,0.4436727068996404,0,7
2542,D3448,1.629131896569615,266.96339285714333,1.6135809523077231,290.7184884291146,41.08061602012964,5624.089392430898,34.079263714132765,5625.134913771881,0.0198962613851901,0,3
2543,D3449,2.0793813846909663,349.9187500000002,2.05557297837893,369.6131005772168,44.068356482106616,6132.908655281558,36.110040192622215,6134.254661708357,0.3792400185587809,0,3
2544,D3450,2.0505381114169614,312.00312499999967,2.02732539943868,329.9694225509966,26.54991533626964,3598.8831494369724,23.436556023081025,3600.7429287954965,0.3731649429730924,0,3
2545,D3451,2.557493009428118,43.61602678571428,2.515940662409647,49.75528944057957,1.259675377807457,21.53740080623229,1.2476256026576908,29.030368277003845,0.362124084260966,1,1
2546,D3452,2.2891990650918967,408.7669642857148,2.2574797230856567,455.5846092595719,35.72948739797877,5467.0226069661685,30.31107497824998,5470.023632231492,-0.2518957624052809,0,1
2547,D3453,2.3391700940585767,350.41249999999985,2.3047670134970084,398.5750883798546,1.5798959204272085,239.3637569813657,1.5915870343763965,276.2374364971212,0.167874260052945,1,1
2548,D3454,1.2717512626060277,143.64062500000014,1.2612854229959447,164.24700804345775,1.2519210383237338,141.3974285979149,1.2446752091209716,163.81212823750255,0.5645393111505269,1,3
2549,D3455,1.1128219790678768,127.43214285714294,1.105162483789338,149.55330369912082,0.9568392766789768,109.58100122961864,0.9551695657544556,122.62230523090108,0.3372315104683509,1,3
2550,D3456,1.3630227974717155,130.99000000000018,1.351259893522636,148.19697069061516,0.7144274170933549,68.65205641955097,0.7124987563991735,86.7658503787131,0.6439061168084974,1,3
2551,D3457,2.085450110775473,198.3281696428572,2.07682147626667,256.06155575503016,1.774621697936547,167.17795943860787,1.7527982613285813,337.6569747747152,-0.0572418595598483,1,1
2552,D3458,0.6329136769489705,9.392991071428582,0.6313323711111352,10.77321848490216,0.607408490813874,9.005651394300425,0.6068927963724641,11.234792961416996,0.2074152369339338,1,-1
2553,D3459,1.7289568387757586,169.3625446428571,1.7099843379562558,192.02450995574603,0.7280711193851123,71.29313694976165,0.7263787596901957,86.72658002487822,0.74219604177529,1,3
2554,D3460,1.6786997918954305,208.5482142857141,1.661511905467717,256.8062243913895,1.193339979401087,148.32959148403162,1.2012644733631157,187.25990227066197,0.4972822811034549,1,5
2555,D3461,1.2922210162434904,152.06428571428583,1.283770244907528,188.08447737806657,1.1641797564980656,136.4331243645013,1.1612198572853014,160.41517871070934,0.6133076777016867,1,3
2556,D3462,1.289827262443152,134.55312499999985,1.2813929670125188,166.40229127584945,0.842265174185043,87.15105634201583,0.8414017413207363,113.31030150709444,0.7359796726937523,1,3
2557,D3463,2.25681203996315,24.24544642857142,2.250411230568135,31.48823985229303,1.9731711530896647,20.973918253038853,1.934276973342088,42.90834920333924,-0.0076181456858032,1,1
2558,D3464,2.219835424704907,24.504955357142883,2.2027397183429724,33.782243175815864,2.1475236526399666,23.61233749206707,2.114063453902971,44.46329411232735,0.0485466793394258,1,1
2559,D3465,2.733641612455847,274.80535714285696,2.7815679775108038,307.94758829592524,0.9908780638742,98.30816220911284,0.9879321161291588,127.15278254528847,0.6362991523254007,1,-5
2560,D3466,2.3831966339334287,370.94196428571416,2.421039365253084,423.5969671717424,1.594530749785381,245.4100499474128,1.5795891928890304,285.8332013993511,,1,-5
2561,D3467,2.51204223058687,282.4754464285716,2.554793945870317,325.05492565148165,5.723672431412598,621.1168483749733,5.555752666127187,639.7395735674953,-0.156573388262276,0,-5
2562,D3468,1.353645263416481,118.34125000000014,1.370528482387951,159.39322210429833,1.0320888220380982,89.84227093497182,1.0329672660494291,110.99103121249762,0.4549872736341472,1,-3
2563,D3469,2.1964398860133025,284.9562500000003,2.230140014677802,333.40138054971453,18.274520606755257,2157.31940642001,16.738200840061666,2163.7329954035504,-0.19478934668081,0,-5
2564,D3470,1.2863519718458407,121.5526339285716,1.2999623540542955,155.09861319022934,0.9586126047972978,90.28250009587816,0.9612275542544412,108.9285550073723,0.6765384618306893,1,-3
2565,D3471,1.015058414309697,101.5625,1.02527459309482,143.02146693968845,0.9492376039423824,95.02699856492758,0.9550059521829332,124.36016290619024,0.4925250070520001,1,-3
2566,D3472,1.1920595972092716,138.72276785714243,1.2061544658020114,195.4395196184307,6.766274891444311,761.509214090459,6.539117155284892,772.5458754833276,-0.3757791160399577,0,-1
2567,D3473,0.8391464339955277,60.44004464285724,0.8451334146100244,78.8899003558308,0.965929169257836,69.77150058323961,0.9726297789369844,83.66000056378792,0.3474256009474623,0,-3
2568,D3474,0.6005024634152087,43.80625000000016,0.600004982987312,61.61944316079495,0.4963819701691589,36.25635413386096,0.4954864074203889,48.46660758070059,0.549808664251158,1,-3
2569,D3475,0.6936492193811196,51.11044642857145,0.6971609738837826,70.60173808556775,0.4820547733685754,35.58612070476244,0.4834662222616518,46.90164802177343,0.74487158916902,1,-3
2570,D3476,2.1018970150729364,22.48263392857143,2.0719084732890773,26.496341680710152,0.7788317092537509,8.396821701659794,0.7774318077714363,10.81754544253356,0.7774425319606058,1,3
2571,D3477,2.2016030461522806,293.20089285714283,2.1683326350622605,347.68209327702084,1.220233478388774,162.8833080783388,1.2116793909437835,187.1657089423805,0.7797473164774186,1,5
2572,D3478,2.3548246174049177,401.13571428571385,2.320205580060035,454.7015283550216,22.71270202079172,3507.910793672429,20.39106686588942,3514.2959757161825,-0.0654674462440842,0,1
2573,D3479,2.31953952084973,290.37857142857166,2.2903285352685,304.96124963329675,0.9390620317815642,118.0265421261195,0.9336102503504844,137.1918070140079,0.7886475865899906,1,7
2574,D3480,2.1785458828592503,324.15044642857134,2.15214617019475,344.4661422648859,9.511342674062783,1364.7019143291832,9.077259053459272,1369.0800409191293,0.0498066027448394,0,3
2575,D3481,2.681608216756744,433.1861607142856,2.6419127324849336,459.4271818910798,14.039657408928266,2145.091840625213,13.115303904850188,2150.3945558760506,0.076007465063695,0,5
2576,D3482,2.4179627891092585,341.1107142857144,2.385696444751537,361.27641691597165,1.7067483270207011,245.81315357696332,1.719410753782869,327.1735607422156,0.8133996828345048,1,5
2577,D3483,3.7841991155397614,616.2620535714287,3.703855983944436,661.1746788155218,24.877607169920804,3663.494490411368,22.11843792190176,3671.089473229728,0.0507677417142279,0,7
2578,D3484,3.9970637495159576,563.1714285714288,3.907940632149447,602.7920510167444,1.447330311978133,207.75893302323507,1.463339395154275,259.75923451866674,1.11980579565848e-14,1,9
2579,D3485,3.993960968318312,604.961160714286,3.903600174681611,652.6022663705567,7.467092902587691,1111.3336992546197,7.19046153270962,1129.916562987393,-0.3702505668815857,0,5
2580,D3486,4.463142111104826,666.5785714285718,4.353852837989186,707.9682165989417,10.314162623594976,1496.1560052229684,9.800203361322266,1510.538318601932,-0.3030194086297528,0,5
2581,D3487,3.862931888707145,567.0325892857144,3.778225157943673,612.1173748007193,5.106466756658396,744.8603012031633,4.971238062049105,770.4176346819141,-0.3012630928328594,0,5
2582,D3488,4.688991269736871,748.1058035714283,4.568219473522258,795.6599387721191,45.49276157751629,6040.430161197297,37.05706486049115,6045.14491079884,-0.3389045758401969,0,5
2583,D3489,3.628796613284949,602.3870535714285,3.5598568880723573,623.143627544778,46.234054173061054,6340.0096491649965,37.55063932365662,6342.134198498196,0.2404600929020264,0,3
2584,D3490,3.447562491553694,510.6133928571427,3.387145597918934,519.7403294329413,18.04231031609564,2492.2845982149915,16.54765331918151,2494.315314202061,0.2830123357949629,0,3
2585,D3491,3.0890817274705173,454.1433035714286,3.039881764516434,465.3526977773773,30.366737289702456,3933.495851431108,26.362389034189537,3934.796025028856,0.1630473011948244,0,3
2586,D3492,3.062956909289948,506.7125000000004,3.014798762220677,517.9274287062334,31.24327467768469,4536.656590329659,27.02078514936047,4537.881713843653,0.165302714589075,0,3
2587,D3493,2.8356425035397432,465.94151785714246,2.793409387089701,481.6515245218458,41.29310907866549,5699.563410321715,34.225216117501446,5700.771239800208,0.0319213519552133,0,1
2588,D3494,3.066160320840759,57.85660714285713,3.016980652883708,59.726671035008366,27.78825756609106,467.1722169322736,24.39669180058933,467.3694605115137,-0.0071489323560612,0,3
2589,D3495,3.0841029290168724,58.20397321428571,3.035237608492623,59.50699448707726,19.27949683494734,336.8712923315232,17.58303332264414,337.07038422804385,0.1518162328156932,0,3
2590,D3496,2.711718120448521,55.1396875,2.6733238402251347,56.79812612716128,27.768185816365804,502.31208739236257,24.38157298959713,502.4780318821372,0.1834592591442574,0,5
2591,D3497,1.305572546327601,150.36339285714283,1.29495575488608,168.7953954979065,8.691381581651385,964.4900477413302,8.327630060220045,967.3223393272074,0.0801265805165075,0,1
2592,D3498,1.7664235501678425,220.86116071428555,1.7476605865290256,244.0423127454667,17.59946245285861,2037.143016695438,16.17349113746535,2039.7228807153797,0.0517053575784723,0,3
2593,D3499,1.7441260329283452,233.2075892857144,1.7257676049979846,258.14293460156887,23.432932361365285,2824.3524768214606,20.973042078897414,2826.493830524097,0.0832308093163995,0,3
2594,D3500,3.215999360728789,469.6232142857146,3.160903367946397,489.7259667690719,28.47185705467414,3694.565354154034,24.921285705514578,3696.829091840544,-0.1117987049456159,0,3
2595,D3501,3.785935694982661,544.7160714285714,3.710064474307596,567.251553166946,28.70075077247351,3675.446436857932,25.095629054623576,3678.473889609412,-0.1599632402496026,0,3
2596,D3502,3.37176093356039,456.2133928571428,3.311979720860246,472.8195478183057,21.03675969182309,2616.3776599649173,19.03156927881798,2619.41814239662,0.191319790036748,0,3
2597,D3503,3.0103295545373334,376.8986607142854,2.9623214841037933,391.67736100719145,15.208504197735383,1794.6480350652123,14.130851367908084,1797.9074880198127,0.1950201362657039,0,3
2598,D3504,1.4471763055230722,206.51696428571464,1.4324202598274387,246.96547448163196,23.189004618207584,2975.51539999332,20.77530143962137,2979.819477297421,0.5751110346155458,0,5
2599,D3505,1.3817377679662857,191.15357142857127,1.3680323336534588,230.5322504529113,1.0157911274622426,140.43673743182444,1.0159667335847913,158.96475716027717,0.3674734951525832,1,7
2600,D3506,1.373120095225265,205.75401785714297,1.3598548578301868,246.10166127306343,7.426346376947289,1077.27556399445,7.155759476923216,1088.2504026141062,0.3607204708772946,0,3
2601,D3507,1.1952167630521342,187.11249999999976,1.185206815907197,222.8452257949408,9.899333794389602,1481.735276674461,9.4291185383262,1488.1688727647916,0.4823130405071857,0,5
2602,D3508,3.2753261358052086,565.5647321428569,3.217546148872967,593.4901448076595,38.81215329073724,5696.5876634364695,32.50147704369063,5699.427996945802,0.104749516021446,0,5
2603,D3509,1.7334607332141223,253.271875,1.7148069213687815,284.10875208377973,5.0283870985900325,721.6182454196262,4.900259349100851,736.8314133947853,0.6281235157616201,0,3
2604,D3510,2.3781532938420726,333.89776785714275,2.3470359866105497,353.0883890510998,23.48605094479137,2983.212782650415,21.015861923163524,2985.2005133552057,0.0243300642136374,0,3
2605,D3511,0.9956249153375676,79.55678571428565,0.9889247691835764,93.48260413636356,0.5282456057816778,42.35431670802018,0.528424077662997,52.98051209115231,0.50253645294491,1,1
2606,D3512,0.8447038896300366,75.28870535714279,0.8418456572386083,87.18479706815766,0.561122637088655,50.06588541031124,0.5623190946526395,61.26512413347277,0.5403527405756386,1,-1
2607,D3513,1.5300911291933827,15.808973214285734,1.5161226638125196,17.78879275353864,0.7951651724869231,8.261329644901805,0.7951404748152648,9.719982694852977,0.5735852026789976,1,-1
2608,D3514,0.9173891945252902,8.286040178571438,0.9157731524403272,9.98352233676096,0.8715471937617986,7.906036293166673,0.8782061642563849,10.95559041446914,0.4796483027338759,1,-3
2609,D3515,1.2968378881586948,120.25732142857149,1.2868544405136488,132.88958893545066,0.6870487103004788,63.93528853126242,0.6858908743684763,79.11461388636745,0.384669516639045,1,1
2610,D3516,0.91404778735464,78.04098214285725,0.9088347981767592,90.6418412328825,0.8454600878248372,72.54445499592826,0.8508051790575683,90.385456358914,0.2039590457957008,1,-1
2611,D3517,1.3328316775453484,118.81991071428584,1.321765112547591,134.7104386204941,0.7375622499708548,65.876135691097,0.737278544340441,76.58187697220832,0.5425810307238913,1,1
2612,D3518,3.334746552116337,482.5107142857145,3.277172173015406,495.846560075184,21.503623689096564,2853.8035577300534,19.41334929433078,2856.616791148202,0.4607685656240781,0,3
2613,D3519,3.1012641230943707,392.2138392857144,3.0501463495632573,408.51896188327913,6.920493035792259,858.4203514164117,6.684741052953537,867.5053840810149,0.4806027120122699,0,5
2614,D3520,4.181780428865872,520.945535714286,4.088330985105225,546.3279301380119,2.8838249447568467,358.0735499324232,2.832400293032009,400.8220067833449,0.8681314386217542,1,5
2615,D3521,4.400881450685871,677.8477678571429,4.29749207732068,711.1597804728311,6.22811325055795,950.1846249718604,6.030135615036493,978.3046651787296,0.5015346317548025,0,7
2616,D3522,3.9757482668020905,621.0303571428573,3.890490478637295,653.996941022806,1.2172708088559945,193.80802022284843,1.221259055481896,225.27391860076332,7.323249534765301e-15,1,5
2617,D3523,4.484446266610382,639.3089285714286,4.377143977180616,670.7050081084722,1.1351565623608684,164.58864689289527,1.1366098945371843,208.12961978287836,0.5939113137088471,1,7
2618,D3524,2.5353238782515963,369.939732142857,2.498421327918145,400.3844757803059,0.8770275771589894,128.9542757734633,0.8723406881402129,162.57769441579785,0.6946018237452013,1,3
2619,D3525,2.831975361211236,319.435267857143,2.786606090786305,343.3784587842273,0.7880148378455785,89.85539612102237,0.7864124934595018,104.55230457528174,0.8710825410742337,1,5
2620,D3526,2.424255380051393,344.0379464285717,2.3918338884715955,364.40459411414616,0.6729260321874725,96.36102333007018,0.6708082770604451,123.77977713751152,0.7002422817653957,1,5
2621,D3527,2.143142849000112,340.2031250000003,2.1166511228188587,368.4421645280581,1.7592698514416218,279.9840013680038,1.7400651044691566,314.36545304605073,0.4600390454115677,1,3
2622,D3528,3.126886965062956,470.75491071428576,3.076793099856751,480.83593255640585,33.35817479042218,4369.09609081994,28.5883954296108,4370.250577064006,0.2397099075130292,0,3
2623,D3529,3.106835650138143,410.7941964285718,3.0573948943543057,419.5068194835363,7.514763881707346,972.20810862225,7.240739746716493,976.1329644192714,0.2495922476429661,0,3
2624,D3530,3.039096231712852,431.7982142857148,2.9904468234617765,447.4252285273688,18.49152962695264,2439.541925403144,16.92418876017286,2442.2076387458656,0.0095823781419025,0,1
2625,D3531,3.3989108388082707,550.4906250000001,3.3393942581447456,564.2642231719973,43.043663013411226,5829.88705121552,35.41900718045844,5831.260776294854,0.2092362590512924,0,1
2626,D3532,3.588127135256728,502.39642857142826,3.522091693754052,514.067401778627,22.56182975758935,2887.8298875070536,20.272577495999805,2889.881985055159,0.1009724886854426,0,1
2627,D3533,3.8568204460396287,619.4955357142854,3.7804819606231104,634.6083390661333,41.25882473697232,5595.894712312694,34.20129242424728,5597.416095666274,-0.0681787426636023,0,1
2628,D3534,5.393279476064063,832.4290178571428,5.243412271011523,858.2482193538158,35.08536677429066,4726.923869969613,29.84501694331529,4730.566573877431,-0.2050125025609477,0,3
2629,D3535,5.404757735977341,826.0290178571431,5.254246389020416,851.6941523936515,34.10725085977121,4569.4211058303,29.13405053893406,4573.115688674325,-0.2214411487656553,0,3
2630,D3536,1.9560942944917104,11.751736607142846,1.9317787054199405,13.622326569762958,15.861379217870494,104.08594648953613,17.238167911307208,104.3753256550712,-0.029844322653731,0,-3
2631,D3537,4.135019090870335,35.7245580357143,4.244344857246107,39.73963252892208,1.9905612460744464,16.945464353981922,2.018102031706217,20.19510713233553,0.5790649970449658,1,-7
2632,D3538,3.1389567557569165,28.73570089285713,3.2095112405926787,33.91252088057925,1.1477456494801082,10.404872224491694,1.1545145398398329,12.403454324760297,0.7716445651775086,1,-5
2633,D3539,4.179345231729135,34.25247321428571,4.292847801273545,38.38050667653058,2.882320305840633,23.41481193703667,2.942211804529268,27.900104599293236,8.62868892116284e-15,1,-7
2634,D3540,3.730769823529307,302.8804910714283,3.8277066671557782,351.31296397697423,2.07924471695164,166.78001841837153,2.1061582579731315,201.48723703545417,4.184763979912767e-15,1,-7
2635,D3541,2.9534076518345,46.98665178571429,3.005190288398073,50.621519363096446,0.9159755483909096,14.326101445394476,0.9177691565506882,18.63305438024972,0.6349567226423871,1,-1
2636,D3542,3.1197718167988464,45.47281249999998,3.1763003151362468,48.48289745486977,0.8777580720942306,12.690070377946997,0.8832561339723625,17.07728859145564,0.6937632423456785,1,-3
2637,D3543,2.5298399620174137,335.26875000000007,2.4936732391328955,359.6069478732377,26.378937987302336,3122.7410772518047,23.30202507614225,3125.3924910818578,0.0710243387417517,0,9
2638,D3544,2.705199693784972,439.5986607142856,2.6636267814042403,473.100524238936,45.60871419828844,6106.946899518354,37.1368069005748,6109.235594211246,0.0046677464189314,0,7
2639,D3545,1.5479410713059252,273.52410714285645,1.5323182834892597,314.4407331342704,54.63846852938492,7622.900532109145,42.91288774481695,7624.547168837495,0.2518756051559049,0,3
2640,D3546,2.623671829696944,357.1357142857144,2.5865619403447537,373.8924845833383,1.1443442512701545,159.3186716115853,1.1549396331489108,202.0199358605605,0.7275186309964004,1,3
2641,D3547,1.6320944806386732,214.14464285714297,1.6161856782348665,235.53037771829983,1.6274911738496811,216.26566903724543,1.6390053669527584,239.13173624442325,0.2392876452000095,1,3
2642,D3548,1.4881395500284464,239.09508928571464,1.4718305227238964,292.3996368710113,44.22396687110183,5842.804875229509,36.21331688917231,5845.1294740295525,-0.0322140507430537,0,3
2643,D3549,1.8146569751735424,20.6565625,1.828900421445276,22.28895476070552,0.7079207846388803,8.028817135218512,0.7117610933523033,10.63782637111226,0.8686986647370758,1,-9
2644,D3550,1.6275305606787371,33.922187499999964,1.610748571347324,38.46069228488178,34.14141067810457,611.256663474404,29.160499044869518,611.570838271417,0.5658629725592462,0,5
2645,D3551,1.88956578166189,36.85000000000002,1.8696715381106717,39.172760817524285,20.63159915740828,367.7973388370428,18.70045920949712,368.0659186316514,0.3297089161622724,0,7
2646,D3552,1.8439160286330496,31.29714285714285,1.8250131273864407,33.229030426090304,13.01853207638059,209.1681998027149,12.220831114945028,209.5255091601271,0.4100865607406933,0,7
2647,D3553,2.133125611232861,38.48647321428572,2.1080431091899654,40.70857436753136,12.324070863304172,211.4780512556334,11.606320305557404,211.9346167071313,0.301947711580545,0,7
2648,D3554,1.7436961729578295,32.18147321428575,1.726844973417809,34.07717490283285,14.122489129888006,245.43317762570163,13.18990903337559,245.63042141570617,-0.1790480453761831,0,5
2649,D3555,11.28794479142274,55.20241517857143,12.214006548803734,63.80800925722176,64.77859626106263,454.22289537603393,96.73672616033956,456.10117940172506,0.174797055297502,0,-13
2650,D3556,1.7804669140206588,61.3661607142857,1.7627868068413326,65.24998893977394,36.26554477641046,1066.386770027429,30.69743551751641,1066.6953577668598,0.502948199342277,0,1
2651,D3557,11.39584067333095,57.16870535714286,12.3248025749065,65.71954159402001,66.55868499929612,484.9554870008463,100.72180364318622,486.8426508456629,0.1657802801054939,0,-11
2652,D3558,11.296630975118358,67.79648660714285,12.20886608348362,77.97240591708814,51.57532923910767,403.59204875157593,70.24916572904924,406.7394006567559,0.1112852019260803,0,-11
2653,D3559,1.9880972192392663,23.000937500000045,2.005487025764134,25.059102141527557,0.9718667869740828,11.21777176196164,0.9777148335898698,13.078093201753305,0.8856989822674926,1,-7
2654,D3560,2.0596662761036355,33.6460267857143,2.0356091505894707,36.10593496123905,19.906752979298243,298.3394792513664,18.10190209897941,298.68556999859334,0.4636365576731039,0,5
2655,D3561,2.89337680319129,47.82325892857143,2.8482741252024715,50.08457122623987,20.83326039748623,316.02460646425936,18.8649542034707,316.3751642176534,0.128550800746539,0,7
2656,D3562,0.8514909960873029,84.76424107142832,0.8452554193646824,112.82996058448576,6.845811208775002,659.8052297010951,6.616659241050914,664.1422962832163,-0.2850957070031493,0,-1
2657,D3563,0.496558316190034,48.88937499999987,0.4960643485890805,63.49725665430532,0.7159022543385242,70.35216338783928,0.7135479051919617,88.3903241329329,-0.2673630667319832,0,-1
2658,D3564,1.858548625352492,32.791250000000005,1.8387149119631183,35.39377432928454,28.464995321231672,443.06139251506914,24.916257650831422,443.3062280543551,0.4403483838217968,0,5
2659,D3565,1.7032934381134142,30.674955357142835,1.6869250925016348,32.79085652130283,20.348197480635648,335.1216883744942,18.467650111040182,335.32043518117723,0.1435913435180748,0,5
2660,D3566,5.715263337635764,1009.8544642857148,5.547561361702304,1039.99627580785,51.71443554665053,7459.581581574181,41.0861127050426,7463.183173918945,-0.0364867384813238,0,3
2661,D3567,1.7734599774572972,18.608660714285715,1.7956437471827598,21.904941865364545,0.766192425003974,7.983304038041386,0.7676912728302946,10.279745304657972,0.6325991871526798,1,-3
2662,D3568,3.2279943027844946,542.6544642857147,3.173876031594701,558.3731795338743,42.53527635572249,5986.137806911563,35.073682402670336,5987.886332891758,0.4374300992721931,0,3
2663,D3569,1.5553498456284869,42.63678571428572,1.5394592364175916,49.20456871946245,34.93655163078358,819.4212281750995,29.738476912999523,819.8633743398885,0.3607261161831034,0,3
2664,D3570,1.678640175617041,17.518214285714276,1.698977486515884,20.86311311074824,0.6828100366548412,7.073333879855535,0.6857664922112636,10.264124837102353,0.6471587880474974,1,-3
2665,D3571,1.62370431775802,9.530624999999995,1.6043049786821122,11.686294978893246,4.907404780541287,29.672262890672123,5.036842214617675,30.31368199634625,0.0361513428608641,0,-1
2666,D3572,1.7133704306752244,18.41272321428565,1.7223711729557538,20.778419195621478,1.5489840194423188,16.70653908151868,1.5619446061705784,18.873167539527728,0.6227007824542555,1,-5
2667,D3573,0.7705339127143077,108.17678571428613,0.7667736809611335,122.22498379196674,30.82320174910664,3758.544971456079,26.706346270813917,3759.269486679319,0.6990899456293928,0,7
2668,D3574,0.8464910733922439,118.20401785714304,0.8414351000985276,141.3165000203921,32.832583835687664,3946.587670073121,28.20147787623316,3947.650141187291,0.572980798385154,0,7
2669,D3575,1.150986868050334,170.00401785714308,1.1438120812779835,177.6384452144075,35.71349662281197,4498.186076099476,30.301834180275595,4498.725212038349,0.7395147292748503,0,5
2670,D3576,0.5808132132403885,96.16964285714286,0.5794185754811524,109.8741420310234,42.59185283727015,5820.061109400058,35.11334926232746,5820.662150828701,-0.1262302272590364,0,1
2671,D3577,0.7543167555310792,120.75624999999984,0.7500582765831096,148.3649533621762,40.27721073343065,5381.123917859819,33.52497310196602,5381.711318425878,0.0957869228163325,0,5
2672,D3578,1.259785763838276,182.88124999999985,1.2506682257632973,196.8968106824475,8.575565732187462,1200.312037607921,8.221495774974205,1203.302703732587,0.5095830094394344,0,3
2673,D3579,1.5781006403481033,265.4660714285715,1.5640251069635476,283.69439914068573,51.005901513113095,6888.024603463398,40.64074684104534,6888.448396528902,-0.2507252176167983,0,3
2674,D3580,1.040602744347849,156.40625,1.0335760763162618,179.15720331285587,10.427033115353792,1494.6074937518538,9.908365021024604,1498.164313544812,0.6182002599051947,0,7
2675,D3581,1.0129778907070828,137.49732142857127,1.0062577849859966,158.1954223830336,0.4732932462321983,64.5647172657018,0.4735924293324413,83.20987636031157,0.837626665059511,1,7
2676,D3582,1.3201981475957452,20.26022321428572,1.308689868046243,23.427026672434085,9.743095856371356,143.28654178285558,9.288074700109318,143.75290246215584,0.1159310068839172,0,7
2677,D3583,1.0564305335894772,173.93214285714308,1.0495097043147712,194.6096210176516,30.185769488577773,4336.815116932028,26.226487948223745,4337.6492868129535,0.1690248971965045,0,5
2678,D3584,1.1523464250279014,182.271875,1.1449279407265118,193.4141004699572,27.113281792749557,3795.6230967631896,23.87570597114797,3796.362476649294,0.5088774214728063,0,3
2679,D3585,1.4019882893527582,186.48794642857152,1.389736650008114,209.49809224833515,0.60735982516563,81.24226552210244,0.6084554210888251,95.646117404021,0.2752536510513411,1,1
2680,D3586,0.7774700146797534,12.067098214285693,0.7730753084194071,14.617460380078654,0.5326620215626966,8.277377393058016,0.5326832358028295,9.546707050294229,0.6187963196001648,1,1
2681,D3587,1.1681328750731093,135.90982142857163,1.1584045824538594,163.2948835388158,0.5646586254637309,65.80946817082791,0.5648681603365681,74.13993427401336,0.7244754232188277,1,-1
2682,D3588,1.1218982045474155,203.24687499999968,1.1132974372526816,238.9603063961128,30.4070805810507,4799.397519979561,26.392676227703653,4801.108121339923,0.2216255278261453,0,1
2683,D3589,0.5182168506717832,57.46383928571439,0.5177893383139681,74.235528761293,4.614384524897359,500.15578968348575,4.508190273808982,505.7576556512315,0.2043861323218855,0,-1
2684,D3590,0.604816411247013,11.88473214285716,0.6019242957529843,15.271031415796122,27.95515316436069,482.2811659612044,24.525663200500684,482.4323215965125,0.4595027129633168,0,3
2685,D3591,1.3722612257921607,234.57767857142812,1.3615377064939194,251.49771210972935,27.19845200575636,4117.409574602005,23.941347322056348,4118.625435968896,0.4307219965455427,0,3
2686,D3592,1.3871410386101712,247.9803571428568,1.3762480643918713,265.0615058656028,13.866942388698387,2332.574101931745,12.966482692511876,2334.8572101126288,0.428230195122584,0,5
2687,D3593,0.5534957805179946,10.16785714285712,0.5512817650548085,12.338887005458863,3.2087449553072624,58.11226605978197,3.15729612910902,58.58919444213581,0.1274364573681918,0,3
2688,D3594,0.357604972711228,5.869464285714246,0.3574779688161279,7.129104327727589,2.0723051010427587,33.66704531874736,2.050206161121262,34.3586062902568,0.2200443889176356,0,-1
2689,D3595,6.2597531526338495,843.7205714285714,6.054307281849298,880.9444514363903,61.071168674858725,6488.691089149806,46.77881373343853,6493.591055972347,0.0998395451363623,0,3
2690,D3596,0.4215141560236051,9.896294642857226,0.4211907215449042,12.713668078052274,4.470057711099591,102.73127726693345,4.371539315273902,103.18630971485038,-0.0336036279255151,0,1
2691,D3597,1.0899376312727682,10.166392857142869,1.0962908802091955,12.279098079304662,0.7871787253456284,7.330774215688003,0.7888217070979968,9.641153764510904,0.5927820012629705,1,1
2692,D3598,0.6208603414513164,12.88906249999994,0.6174296244077676,17.33167074778412,20.900233738820116,392.9709491390958,18.92131026725579,393.1941832436863,0.3451138642474822,0,3
2693,D3599,4.065461911130592,48.89017857142858,4.165368008326021,52.91677494511092,1.3287006806492212,15.689088521309955,1.3385778044787329,20.04957678376695,0.374347576240256,1,-5
2694,D3600,0.8623538105821257,54.88861607142872,0.8635080622045814,69.13435874893273,5.868184753307493,363.3066144754083,5.695551786513635,369.69575537492415,0.0051647548086783,0,-3
2695,D3601,0.6698536256737634,10.58133928571424,0.6704785603927912,11.852647009306862,0.5485506003514288,8.648558155095477,0.5484209565383308,10.089733348132524,0.4759499868697024,1,-1
2696,D3602,1.0372891698757416,11.841428571428583,1.0332815149579606,16.489474380524772,0.9165488420760454,10.464515809874456,0.9130965784906938,15.787043268658577,0.4621692384441508,1,3
2697,D3603,2.7415603511651625,32.02727678571427,2.694484667003342,36.30078659393165,0.9859858372744432,11.56563612441216,0.9821351920572386,14.415694755746497,0.7541410370189845,1,-1
2698,D3604,2.614071153084779,142.386919642857,2.6591821297218527,163.22763805042692,1.9345879769238243,105.08292020735313,1.9564791070856709,125.96003536545052,-0.2143648959635006,1,-7
2699,D3605,1.0816270392365217,242.27633928571464,1.0732058753818303,292.433904462791,40.53155327976688,7578.162331862514,33.70052152560577,7579.595297762,-0.0887131612793801,0,1
2700,D3606,0.8153777392880762,96.77946428571433,0.8103903719382824,122.23819826451668,6.336946677099266,729.9925574137708,6.139535753294462,735.8808051510118,0.3678524481411314,0,3
2701,D3607,0.7070353680288377,19.513303571428555,0.7041774271258363,23.56158875653643,0.8480041343152028,23.38414797951012,0.8458361601525817,27.469548023483128,0.2676767807961218,0,3
2702,D3608,0.6939555939357647,70.42946428571408,0.6946183117010202,94.8194254227473,0.6736911628051311,68.39389933652235,0.6750410813298249,97.13740992334375,0.4099580045633366,1,1
2703,D3614,1.4378546081051358,29.26147321428571,1.4544687128624338,39.29863304893067,18.259103449814862,341.5730136869191,16.721167316098978,343.21556695476767,-0.2908779213190333,0,-1
2704,D3621,24.45313932181969,78.42455803571427,29.006745743861156,87.34732791072804,44.638393040787946,168.83412582197158,61.10367480550808,184.7227606636156,-0.4065679131301727,0,-13
2705,D3622,5.078312987626042,94.63216964285714,5.244115296558428,105.20931953421028,1.5399560572895985,27.52550044561014,1.515624809352228,44.80944046761177,0.6742575769667805,1,1
2706,D3643,2.8986865599839784,275.88526785714294,2.8541900104612625,286.3190025540553,0.7558869893641232,72.62855882139606,0.7538146696652992,92.76774268862007,0.3358098601173003,1,3
2707,D3645,2.0491571689899475,178.1294196428571,2.07846790393218,208.7412356092257,0.8874122881786914,76.37533497232094,0.8864148789393902,87.88167289606109,0.7663571264546625,1,-3
2708,D3651,1.7707940185261797,37.11566964285713,1.7842986449501417,42.806046520580445,43.40374463700382,1159.14441409454,55.45889686005287,1159.6423719793268,-0.3095837756393713,0,3
2709,D3709,4.604253741278677,392.7481250000002,4.473508695438693,443.78811936246905,1.4898543434700706,125.96798664291852,1.4711931119000163,196.947315085916,0.8163705481321991,1,1
2710,D3722,7.748864717632912,687.4529464285714,7.422682632354056,734.5851280517073,0.8923179074999845,79.94503954395259,0.8827443781943747,126.9600295037832,0.9471658747190596,1,11
2711,D3730,1.0196726381574368,5.072223214285718,1.0196455695026945,5.807903774744938,76.54143454868341,616.6255036967242,124.00877668832216,616.6429546284564,-0.131447319917381,0,1
2712,D3735,2.964226589304534,294.3002232142857,2.913910664610321,318.3081648269611,0.7802030761424413,78.44406383002128,0.7745243076026211,108.94580057376476,0.7450297473233234,1,5
2713,D3736,0.9552598251833282,13.599732142857144,0.9480404217559588,17.279277493343404,4.270929391720168,59.641451894116926,4.177958151692075,60.96368854722589,0.6469119279763763,0,3
2714,D3744,1.2837082992442497,16.79468750000001,1.2930784242695583,21.96971113841919,1.1437263165649345,14.94714644769335,1.1417572140350565,18.48857026802576,0.5843062310824809,1,1
2715,D3745,0.819385787470565,54.84410714285709,0.8187967569664265,64.80111430506861,0.8135524713211353,54.395707663137856,0.8115093276390541,73.6876134277411,0.6695443951544838,1,3
2716,D3819,6.487699498708555,542.7397321428572,6.235131701419947,609.5249880140308,194.9577545875285,8468.093906382144,98.72333073854492,8472.025559798427,-0.625661527810492,0,9
2717,D4051,3.2045165273043685,55.49165178571428,3.2918121172118204,71.77695587181397,37.920055595743904,550.2524298011855,31.85274649293041,552.5237891009912,-0.1306746692941581,0,-5
2718,D4092,1.5498081768448686,10.711799107142854,1.5611561964314962,12.563555315404365,2.7220287140656243,18.5563125338876,2.6753868525937308,21.12897710801032,0.1981983589695869,0,1
2719,D4099,4.230918721612959,41.09194642857143,4.109600124792484,48.87401762547163,4.145864672393566,41.27603798962384,4.271595432366391,48.99447543359709,,1,13
2720,D4138,0.7153440473045876,14.48950892857142,0.7190822865657489,19.25379567243193,0.5610198852497903,11.355114094256123,0.559300841394547,14.915052854203672,0.5482828625280579,1,1
2721,D4196,1.4487964045260078,125.24986607142831,1.4363253887516163,137.2174258154009,0.5532874235128604,48.16648519624271,0.5535980225616035,60.44350532127539,0.5389428992023578,1,1
2722,D4226,1.0067885381849238,15.112142857142835,1.0124927184733052,15.97870256492941,0.5171802266521774,7.750098495053911,0.5201743854267028,11.722465421782315,-0.3673626358441203,1,1
2723,D4227,2.5212022143511903,379.6888392857141,2.538086904267822,432.7712819111113,1.3445405329453777,201.7441553944079,1.3495470936379568,246.35023708042397,0.8214023344022203,1,-5
